ship_mode,segment,country,city,state,postal_code,region,category,sub-category,sales,quantity,discount,profit,profit_margin,outlier_column
Second Class,Consumer,United States,Henderson,Kentucky,42420.0,South,Furniture,Chairs,731.94,3.0,0.0,219.582,0.3,sales
Standard Class,Consumer,United States,Fort Lauderdale,Florida,33311.0,South,Furniture,Tables,957.5775,5.0,0.45,-383.031,-0.4,sales
Standard Class,Consumer,United States,Los Angeles,California,90032.0,West,Technology,Phones,907.152,6.0,0.2,90.7152,0.09999999999999999,sales
Standard Class,Consumer,United States,Los Angeles,California,90032.0,West,Furniture,Tables,1706.184,9.0,0.2,85.3092,0.05,sales
Standard Class,Consumer,United States,Los Angeles,California,90032.0,West,Technology,Phones,911.424,4.0,0.2,68.3568,0.07500000000000001,sales
Standard Class,Consumer,United States,Madison,Wisconsin,53711.0,Central,Office Supplies,Storage,665.88,6.0,0.0,13.3176,0.02,sales
Standard Class,Consumer,United States,Orem,Utah,84057.0,West,Furniture,Tables,1044.63,3.0,0.0,240.2649,0.22999999999999998,sales
Standard Class,Consumer,United States,Philadelphia,Pennsylvania,19140.0,East,Furniture,Bookcases,3083.43,7.0,0.5,-1665.0522,-0.54,sales
First Class,Corporate,United States,Richardson,Texas,75080.0,Central,Technology,Phones,1097.544,7.0,0.2,123.4737,0.11249999999999999,sales
Standard Class,Home Office,United States,Houston,Texas,77041.0,Central,Furniture,Bookcases,532.3992,3.0,0.32,-46.9764,-0.08823529411764706,sales
Standard Class,Corporate,United States,New York City,New York,10024.0,East,Technology,Phones,1029.95,5.0,0.0,298.6855,0.29,sales
Standard Class,Corporate,United States,Gilbert,Arizona,85234.0,West,Office Supplies,Art,1113.024,8.0,0.2,111.3024,0.10000000000000002,sales
Standard Class,Consumer,United States,Memphis,Tennessee,38109.0,South,Furniture,Chairs,831.936,8.0,0.2,-114.3912,-0.13749999999999998,sales
Standard Class,Consumer,United States,Seattle,Washington,98103.0,West,Furniture,Tables,787.53,3.0,0.0,165.3813,0.21000000000000002,sales
Second Class,Home Office,United States,Houston,Texas,77041.0,Central,Furniture,Chairs,600.558,3.0,0.3,-8.5794,-0.014285714285714285,sales
Standard Class,Consumer,United States,Bloomington,Illinois,61701.0,Central,Furniture,Tables,617.7,6.0,0.5,-407.682,-0.66,sales
Standard Class,Consumer,United States,Independence,Missouri,64055.0,Central,Office Supplies,Appliances,839.43,3.0,0.0,218.2518,0.26,sales
Standard Class,Consumer,United States,Pasadena,California,91104.0,West,Office Supplies,Storage,671.93,7.0,0.0,20.1579,0.030000000000000006,sales
Standard Class,Corporate,United States,Franklin,Wisconsin,53132.0,Central,Furniture,Chairs,1951.84,8.0,0.0,585.552,0.30000000000000004,sales
Standard Class,Consumer,United States,Edmond,Oklahoma,73034.0,Central,Technology,Phones,944.93,7.0,0.0,236.2325,0.25,sales
Standard Class,Consumer,United States,San Antonio,Texas,78207.0,Central,Technology,Machines,8159.952,8.0,0.4,-1359.992,-0.16666666666666666,sales
Standard Class,Consumer,United States,San Antonio,Texas,78207.0,Central,Furniture,Chairs,1740.06,9.0,0.3,-24.858,-0.014285714285714287,sales
Second Class,Home Office,United States,Monroe,Louisiana,71203.0,South,Technology,Phones,503.96,4.0,0.0,131.0296,0.26,sales
First Class,Home Office,United States,New York City,New York,10035.0,East,Furniture,Bookcases,899.136,4.0,0.2,112.392,0.125,sales
First Class,Home Office,United States,New York City,New York,10035.0,East,Furniture,Bookcases,626.352,3.0,0.2,46.9764,0.075,sales
Standard Class,Corporate,United States,Medina,Ohio,44256.0,East,Technology,Machines,1188.0,9.0,0.7,-950.4,-0.7999999999999999,sales
Standard Class,Corporate,United States,Detroit,Michigan,48227.0,Central,Furniture,Tables,622.45,5.0,0.0,136.939,0.21999999999999997,sales
Standard Class,Home Office,United States,Tampa,Florida,33614.0,South,Furniture,Tables,620.6145,3.0,0.45,-248.2458,-0.39999999999999997,sales
Standard Class,Home Office,United States,Tampa,Florida,33614.0,South,Technology,Accessories,617.976,3.0,0.2,-7.7247,-0.0125,sales
Second Class,Home Office,United States,Lakeville,Minnesota,55044.0,Central,Furniture,Chairs,2001.86,7.0,0.0,580.5394,0.29000000000000004,sales
Second Class,Home Office,United States,Lakeville,Minnesota,55044.0,Central,Office Supplies,Appliances,1503.25,5.0,0.0,496.0725,0.33,sales
Standard Class,Consumer,United States,San Diego,California,92037.0,West,Technology,Accessories,3347.37,13.0,0.0,636.0003,0.19000000000000003,sales
Standard Class,Corporate,United States,Chicago,Illinois,60623.0,Central,Technology,Phones,647.904,6.0,0.2,56.6916,0.08750000000000001,sales
Second Class,Corporate,United States,Houston,Texas,77036.0,Central,Technology,Machines,3059.982,3.0,0.4,-509.997,-0.16666666666666669,sales
Second Class,Corporate,United States,Houston,Texas,77036.0,Central,Technology,Machines,2519.958,7.0,0.4,-251.9958,-0.09999999999999999,sales
Second Class,Corporate,United States,San Francisco,California,94110.0,West,Office Supplies,Storage,725.84,4.0,0.0,210.4936,0.29,sales
Second Class,Consumer,United States,Houston,Texas,77070.0,Central,Technology,Phones,1114.4,7.0,0.2,376.11,0.33749999999999997,sales
Standard Class,Consumer,United States,Los Angeles,California,90004.0,West,Furniture,Tables,1038.84,5.0,0.2,51.942,0.05,sales
Second Class,Corporate,United States,Tamarac,Florida,33319.0,South,Office Supplies,Supplies,961.48,5.0,0.2,-204.3145,-0.2125,sales
Standard Class,Corporate,United States,Belleville,New Jersey,7109.0,East,Office Supplies,Storage,1082.48,8.0,0.0,10.8248,0.01,sales
Standard Class,Home Office,United States,New York City,New York,10024.0,East,Technology,Machines,3991.98,2.0,0.0,1995.99,0.5,sales
First Class,Consumer,United States,Philadelphia,Pennsylvania,19143.0,East,Furniture,Chairs,786.744,4.0,0.3,-258.5016,-0.32857142857142857,sales
Second Class,Consumer,United States,Los Angeles,California,90045.0,West,Technology,Copiers,959.984,2.0,0.2,335.9944,0.35,sales
Standard Class,Corporate,United States,San Francisco,California,94122.0,West,Furniture,Tables,698.352,3.0,0.2,-17.4588,-0.025,sales
Second Class,Corporate,United States,Philadelphia,Pennsylvania,19140.0,East,Office Supplies,Binders,509.97,10.0,0.7,-407.976,-0.7999999999999999,sales
First Class,Home Office,United States,New York City,New York,10009.0,East,Office Supplies,Binders,4355.168,4.0,0.2,1415.4296,0.325,sales
First Class,Corporate,United States,Columbus,Georgia,31907.0,South,Office Supplies,Appliances,647.84,8.0,0.0,168.4384,0.26,sales
Same Day,Corporate,United States,Manchester,Connecticut,6040.0,East,Furniture,Bookcases,1043.92,4.0,0.0,271.4192,0.25999999999999995,sales
Standard Class,Consumer,United States,Tucson,Arizona,85705.0,West,Technology,Accessories,1023.936,8.0,0.2,179.1888,0.175,sales
Standard Class,Corporate,United States,Franklin,Massachusetts,2038.0,East,Furniture,Tables,1488.424,7.0,0.3,-297.6848,-0.2,sales
Second Class,Consumer,United States,Des Moines,Washington,98198.0,West,Technology,Copiers,1799.97,3.0,0.0,701.9883,0.38999999999999996,sales
Second Class,Consumer,United States,Houston,Texas,77036.0,Central,Furniture,Bookcases,2396.2656,4.0,0.32,-317.1528,-0.1323529411764706,sales
Standard Class,Consumer,United States,San Francisco,California,94110.0,West,Technology,Copiers,1199.976,3.0,0.2,434.9913,0.3625,sales
Standard Class,Consumer,United States,San Francisco,California,94110.0,West,Furniture,Tables,1004.024,7.0,0.2,-112.9527,-0.11249999999999999,sales
Standard Class,Consumer,United States,San Francisco,California,94110.0,West,Furniture,Bookcases,1336.829,13.0,0.15,31.4548,0.023529411764705882,sales
Second Class,Consumer,United States,Jackson,Mississippi,39212.0,South,Furniture,Chairs,866.4,4.0,0.0,225.264,0.26,sales
First Class,Consumer,United States,Lowell,Massachusetts,1852.0,East,Office Supplies,Storage,714.3,5.0,0.0,207.147,0.29,sales
Second Class,Home Office,United States,Chicago,Illinois,60623.0,Central,Technology,Machines,1007.979,3.0,0.3,43.1991,0.04285714285714286,sales
Standard Class,Corporate,United States,Akron,Ohio,44312.0,East,Office Supplies,Storage,665.408,2.0,0.2,66.5408,0.1,sales
Standard Class,Consumer,United States,Decatur,Illinois,62521.0,Central,Furniture,Chairs,747.558,3.0,0.3,-96.1146,-0.12857142857142856,sales
Standard Class,Consumer,United States,Seattle,Washington,98115.0,West,Technology,Accessories,899.91,9.0,0.0,377.9622,0.42,sales
Standard Class,Home Office,United States,Phoenix,Arizona,85023.0,West,Furniture,Tables,1272.63,6.0,0.5,-814.4832,-0.6399999999999999,sales
Second Class,Consumer,United States,San Francisco,California,94110.0,West,Technology,Phones,703.968,4.0,0.2,87.996,0.125,sales
Standard Class,Corporate,United States,New York City,New York,10024.0,East,Office Supplies,Storage,704.25,5.0,0.0,84.51,0.12000000000000001,sales
First Class,Home Office,United States,Los Angeles,California,90045.0,West,Furniture,Bookcases,514.165,5.0,0.15,-30.245,-0.05882352941176471,sales
First Class,Consumer,United States,Chicago,Illinois,60610.0,Central,Technology,Phones,2735.952,6.0,0.2,341.994,0.125,sales
Standard Class,Corporate,United States,Parker,Colorado,80134.0,West,Furniture,Chairs,801.568,2.0,0.2,50.098,0.0625,sales
Standard Class,Consumer,United States,Atlanta,Georgia,30318.0,South,Office Supplies,Binders,6354.95,5.0,0.0,3177.475,0.5,sales
Standard Class,Home Office,United States,Great Falls,Montana,59405.0,West,Technology,Copiers,2999.95,5.0,0.0,1379.977,0.4600000000000001,sales
Standard Class,Home Office,United States,Great Falls,Montana,59405.0,West,Office Supplies,Storage,1126.02,3.0,0.0,56.301,0.05,sales
Standard Class,Home Office,United States,Lakeland,Florida,33801.0,South,Furniture,Chairs,683.952,3.0,0.2,42.747,0.0625,sales
Standard Class,Consumer,United States,Philadelphia,Pennsylvania,19134.0,East,Office Supplies,Supplies,666.248,1.0,0.2,-149.9058,-0.22499999999999998,sales
Second Class,Consumer,United States,Montgomery,Alabama,36116.0,South,Technology,Phones,979.95,5.0,0.0,274.386,0.28,sales
Standard Class,Consumer,United States,Springfield,Ohio,45503.0,East,Office Supplies,Storage,646.776,9.0,0.2,-145.5246,-0.225,sales
Second Class,Consumer,United States,San Francisco,California,94110.0,West,Furniture,Chairs,1121.568,2.0,0.2,0.0,0.0,sales
Second Class,Corporate,United States,Anaheim,California,92804.0,West,Office Supplies,Storage,1295.78,2.0,0.0,310.9872,0.24,sales
Standard Class,Consumer,United States,Los Angeles,California,90045.0,West,Furniture,Tables,1335.68,4.0,0.2,-217.048,-0.1625,sales
Standard Class,Consumer,United States,San Diego,California,92024.0,West,Technology,Copiers,1199.976,3.0,0.2,434.9913,0.3625,sales
Second Class,Corporate,United States,Philadelphia,Pennsylvania,19143.0,East,Technology,Phones,728.946,9.0,0.4,-157.9383,-0.21666666666666665,sales
Standard Class,Corporate,United States,Dearborn,Michigan,48126.0,Central,Office Supplies,Appliances,555.21,5.0,0.1,178.901,0.32222222222222224,sales
Standard Class,Corporate,United States,Dearborn,Michigan,48126.0,Central,Office Supplies,Storage,523.48,4.0,0.0,130.87,0.25,sales
Standard Class,Home Office,United States,Vallejo,California,94591.0,West,Furniture,Furnishings,1049.2,5.0,0.0,272.792,0.25999999999999995,sales
Same Day,Home Office,United States,Aurora,Illinois,60505.0,Central,Furniture,Chairs,701.372,2.0,0.3,-50.098,-0.07142857142857142,sales
Standard Class,Consumer,United States,Arlington,Texas,76017.0,Central,Office Supplies,Storage,999.432,7.0,0.2,124.929,0.125,sales
Standard Class,Consumer,United States,Arlington,Texas,76017.0,Central,Office Supplies,Storage,724.08,14.0,0.2,-135.765,-0.18749999999999997,sales
Standard Class,Consumer,United States,Arlington,Texas,76017.0,Central,Furniture,Tables,918.785,5.0,0.3,-118.1295,-0.12857142857142856,sales
Same Day,Corporate,United States,Burlington,North Carolina,27217.0,South,Technology,Machines,7999.98,4.0,0.5,-3839.9904,-0.48000000000000004,sales
First Class,Consumer,United States,New York City,New York,10035.0,East,Furniture,Bookcases,883.92,5.0,0.2,-110.49,-0.125,sales
Standard Class,Corporate,United States,Detroit,Michigan,48205.0,Central,Furniture,Tables,1652.94,3.0,0.0,231.4116,0.13999999999999999,sales
First Class,Consumer,United States,Oceanside,New York,11572.0,East,Furniture,Chairs,542.646,3.0,0.1,102.4998,0.18888888888888888,sales
Same Day,Corporate,United States,San Diego,California,92105.0,West,Furniture,Tables,567.12,10.0,0.2,-28.356,-0.05,sales
First Class,Corporate,United States,San Francisco,California,94110.0,West,Technology,Copiers,1199.976,3.0,0.2,374.9925,0.3125,sales
Second Class,Corporate,United States,Bossier City,Louisiana,71111.0,South,Technology,Accessories,646.74,6.0,0.0,258.696,0.4,sales
Second Class,Corporate,United States,Bossier City,Louisiana,71111.0,South,Office Supplies,Storage,572.58,6.0,0.0,34.3548,0.05999999999999999,sales
Standard Class,Consumer,United States,Arlington,Virginia,22204.0,South,Furniture,Chairs,641.96,2.0,0.0,179.7488,0.27999999999999997,sales
First Class,Home Office,United States,San Francisco,California,94110.0,West,Furniture,Chairs,544.008,3.0,0.2,40.8006,0.075,sales
Same Day,Consumer,United States,Asheville,North Carolina,28806.0,South,Technology,Phones,1363.96,5.0,0.2,85.2475,0.0625,sales
Standard Class,Consumer,United States,Denver,Colorado,80219.0,West,Technology,Phones,1983.968,4.0,0.2,247.996,0.125,sales
First Class,Consumer,United States,Edmonds,Washington,98026.0,West,Furniture,Tables,1298.55,5.0,0.0,311.652,0.24,sales
Same Day,Consumer,United States,Santa Ana,California,92704.0,West,Technology,Accessories,1399.93,7.0,0.0,601.9699,0.43,sales
Standard Class,Consumer,United States,Philadelphia,Pennsylvania,19140.0,East,Furniture,Chairs,1228.465,5.0,0.3,0.0,0.0,sales
First Class,Home Office,United States,Philadelphia,Pennsylvania,19143.0,East,Office Supplies,Binders,1141.47,5.0,0.7,-760.98,-0.6666666666666666,sales
Second Class,Home Office,United States,New York City,New York,10024.0,East,Furniture,Chairs,1242.9,5.0,0.1,262.39,0.21111111111111108,sales
First Class,Home Office,United States,Detroit,Michigan,48227.0,Central,Technology,Phones,543.92,8.0,0.0,135.98,0.25,sales
Standard Class,Home Office,United States,Jackson,Michigan,49201.0,Central,Technology,Phones,1199.8,4.0,0.0,323.946,0.27,sales
Standard Class,Home Office,United States,Jackson,Michigan,49201.0,Central,Technology,Accessories,1928.78,7.0,0.0,829.3754,0.43,sales
Standard Class,Corporate,United States,San Antonio,Texas,78207.0,Central,Furniture,Chairs,797.944,4.0,0.3,-56.996,-0.07142857142857144,sales
Standard Class,Corporate,United States,New York City,New York,10011.0,East,Office Supplies,Binders,841.568,2.0,0.2,294.5488,0.35000000000000003,sales
Standard Class,Corporate,United States,Torrance,California,90503.0,West,Furniture,Tables,1114.272,4.0,0.2,41.7852,0.037500000000000006,sales
Standard Class,Consumer,United States,Seattle,Washington,98105.0,West,Office Supplies,Storage,540.57,3.0,0.0,140.5482,0.26,sales
Standard Class,Home Office,United States,Philadelphia,Pennsylvania,19120.0,East,Furniture,Furnishings,516.488,7.0,0.2,-12.9122,-0.024999999999999998,sales
Standard Class,Home Office,United States,Philadelphia,Pennsylvania,19120.0,East,Furniture,Furnishings,1007.232,6.0,0.2,75.5424,0.075,sales
Standard Class,Home Office,United States,Philadelphia,Pennsylvania,19120.0,East,Furniture,Tables,2065.32,12.0,0.4,-619.596,-0.3,sales
First Class,Home Office,United States,New York City,New York,10011.0,East,Office Supplies,Storage,501.81,3.0,0.0,0.0,0.0,sales
First Class,Corporate,United States,Detroit,Michigan,48205.0,Central,Technology,Machines,3059.982,2.0,0.1,679.996,0.2222222222222222,sales
Standard Class,Consumer,United States,New York City,New York,10035.0,East,Furniture,Chairs,599.292,6.0,0.1,93.2232,0.15555555555555556,sales
Second Class,Consumer,United States,Louisville,Colorado,80027.0,West,Technology,Phones,559.984,2.0,0.2,55.9984,0.09999999999999999,sales
Second Class,Consumer,United States,Louisville,Colorado,80027.0,West,Furniture,Chairs,603.92,5.0,0.2,75.49,0.125,sales
Standard Class,Corporate,United States,Auburn,New York,13021.0,East,Furniture,Furnishings,520.05,5.0,0.0,72.807,0.14,sales
Second Class,Home Office,United States,Jacksonville,Florida,32216.0,South,Furniture,Chairs,1166.92,5.0,0.2,131.2785,0.1125,sales
Standard Class,Corporate,United States,Virginia Beach,Virginia,23464.0,South,Office Supplies,Binders,2715.93,7.0,0.0,1276.4871,0.47000000000000003,sales
Standard Class,Corporate,United States,Virginia Beach,Virginia,23464.0,South,Technology,Phones,617.97,3.0,0.0,173.0316,0.27999999999999997,sales
Same Day,Consumer,United States,New York City,New York,10024.0,East,Technology,Accessories,2309.65,7.0,0.0,762.1845,0.32999999999999996,sales
Same Day,Consumer,United States,New York City,New York,10024.0,East,Furniture,Tables,1090.782,7.0,0.4,-290.8752,-0.2666666666666667,sales
Second Class,Consumer,United States,Seattle,Washington,98103.0,West,Furniture,Tables,1618.37,13.0,0.0,356.0414,0.22000000000000003,sales
Standard Class,Corporate,United States,New York City,New York,10011.0,East,Office Supplies,Storage,601.65,5.0,0.0,156.429,0.26,sales
Standard Class,Consumer,United States,Washington,District of Columbia,20016.0,East,Furniture,Chairs,1267.53,3.0,0.0,316.8825,0.25,sales
Standard Class,Consumer,United States,Washington,District of Columbia,20016.0,East,Technology,Machines,1379.92,8.0,0.0,648.5624,0.47,sales
Standard Class,Corporate,United States,Hackensack,New Jersey,7601.0,East,Furniture,Chairs,854.94,3.0,0.0,213.735,0.25,sales
Standard Class,Home Office,United States,Saint Peters,Missouri,63376.0,Central,Furniture,Tables,697.16,4.0,0.0,146.4036,0.21000000000000002,sales
Second Class,Consumer,United States,New York City,New York,10035.0,East,Furniture,Bookcases,722.352,3.0,0.2,90.294,0.125,sales
Standard Class,Consumer,United States,Miami,Florida,33142.0,South,Technology,Phones,1363.96,5.0,0.2,85.2475,0.0625,sales
Second Class,Consumer,United States,San Francisco,California,94109.0,West,Technology,Phones,1113.504,12.0,0.2,125.2692,0.1125,sales
Standard Class,Corporate,United States,Detroit,Michigan,48227.0,Central,Furniture,Chairs,1106.91,9.0,0.0,121.7601,0.10999999999999999,sales
Standard Class,Consumer,United States,Yonkers,New York,10701.0,East,Furniture,Tables,836.592,8.0,0.4,-264.9208,-0.31666666666666665,sales
Standard Class,Consumer,United States,Yonkers,New York,10701.0,East,Technology,Machines,4899.93,7.0,0.0,2400.9657,0.49,sales
Standard Class,Consumer,United States,Roswell,Georgia,30076.0,South,Technology,Accessories,619.95,5.0,0.0,111.591,0.17999999999999997,sales
Standard Class,Consumer,United States,Jonesboro,Arkansas,72401.0,South,Technology,Phones,699.93,7.0,0.0,181.9818,0.26,sales
Standard Class,Consumer,United States,Jonesboro,Arkansas,72401.0,South,Furniture,Chairs,1067.94,3.0,0.0,224.2674,0.21,sales
Standard Class,Consumer,United States,Los Angeles,California,90045.0,West,Technology,Machines,686.32,2.0,0.2,223.054,0.32499999999999996,sales
Same Day,Consumer,United States,Lansing,Michigan,48911.0,Central,Office Supplies,Appliances,644.076,2.0,0.1,107.346,0.16666666666666666,sales
Same Day,Consumer,United States,Lansing,Michigan,48911.0,Central,Technology,Copiers,599.98,2.0,0.0,209.993,0.35,sales
First Class,Home Office,United States,Harrisonburg,Virginia,22801.0,South,Furniture,Tables,2244.48,7.0,0.0,493.7856,0.22,sales
Standard Class,Consumer,United States,Lakewood,New Jersey,8701.0,East,Technology,Phones,1322.93,7.0,0.0,357.1911,0.27,sales
Second Class,Home Office,United States,Los Angeles,California,90036.0,West,Technology,Phones,889.536,8.0,0.2,66.7152,0.075,sales
Second Class,Home Office,United States,Los Angeles,California,90036.0,West,Furniture,Chairs,892.224,3.0,0.2,89.2224,0.09999999999999999,sales
Standard Class,Consumer,United States,Houston,Texas,77041.0,Central,Office Supplies,Binders,1088.792,4.0,0.8,-1850.9464,-1.7000000000000002,sales
Standard Class,Corporate,United States,Denver,Colorado,80219.0,West,Furniture,Chairs,544.008,3.0,0.2,40.8006,0.075,sales
Standard Class,Corporate,United States,Denver,Colorado,80219.0,West,Furniture,Chairs,854.352,3.0,0.2,10.6794,0.012499999999999999,sales
Standard Class,Corporate,United States,Denver,Colorado,80219.0,West,Office Supplies,Storage,593.568,2.0,0.2,0.0,0.0,sales
Second Class,Corporate,United States,New York City,New York,10009.0,East,Furniture,Bookcases,579.136,4.0,0.2,21.7176,0.037500000000000006,sales
Standard Class,Corporate,United States,Philadelphia,Pennsylvania,19134.0,East,Technology,Phones,1931.958,7.0,0.4,-386.3916,-0.19999999999999998,sales
First Class,Corporate,United States,Cincinnati,Ohio,45231.0,East,Technology,Copiers,839.988,2.0,0.4,69.999,0.08333333333333333,sales
Second Class,Consumer,United States,Fresno,California,93727.0,West,Furniture,Tables,764.688,6.0,0.2,95.586,0.125,sales
Second Class,Consumer,United States,Fresno,California,93727.0,West,Furniture,Tables,3610.848,12.0,0.2,135.4068,0.0375,sales
Standard Class,Consumer,United States,New York City,New York,10009.0,East,Furniture,Chairs,1141.938,9.0,0.1,139.5702,0.1222222222222222,sales
Standard Class,Consumer,United States,New York City,New York,10009.0,East,Office Supplies,Appliances,1704.56,13.0,0.0,511.368,0.3,sales
Standard Class,Consumer,United States,Milwaukee,Wisconsin,53209.0,Central,Technology,Phones,1099.96,4.0,0.0,285.9896,0.26,sales
Second Class,Home Office,United States,Charlotte,North Carolina,28205.0,South,Office Supplies,Storage,540.048,3.0,0.2,-47.2542,-0.0875,sales
Standard Class,Consumer,United States,Jacksonville,Florida,32216.0,South,Technology,Phones,863.88,3.0,0.2,107.985,0.125,sales
Standard Class,Consumer,United States,Pueblo,Colorado,81001.0,West,Office Supplies,Appliances,845.728,13.0,0.2,84.5728,0.1,sales
Second Class,Consumer,United States,Springfield,Virginia,22153.0,South,Furniture,Furnishings,572.76,6.0,0.0,166.1004,0.29000000000000004,sales
Standard Class,Corporate,United States,Los Angeles,California,90032.0,West,Office Supplies,Supplies,579.3,5.0,0.0,28.965,0.05,sales
Standard Class,Corporate,United States,Deltona,Florida,32725.0,South,Technology,Phones,575.92,2.0,0.2,71.99,0.125,sales
Standard Class,Consumer,United States,Middletown,Connecticut,6457.0,East,Office Supplies,Storage,552.56,4.0,0.0,0.0,0.0,sales
Second Class,Consumer,United States,New York City,New York,10011.0,East,Technology,Phones,677.58,3.0,0.0,176.1708,0.26,sales
First Class,Corporate,United States,Jacksonville,North Carolina,28540.0,South,Technology,Machines,695.7,2.0,0.5,-27.828,-0.039999999999999994,sales
First Class,Corporate,United States,Tucson,Arizona,85705.0,West,Furniture,Chairs,899.136,4.0,0.2,-146.1096,-0.1625,sales
Standard Class,Consumer,United States,Colorado Springs,Colorado,80906.0,West,Furniture,Bookcases,590.058,7.0,0.7,-786.744,-1.3333333333333335,sales
Standard Class,Consumer,United States,Provo,Utah,84604.0,West,Furniture,Tables,912.75,5.0,0.0,118.6575,0.13,sales
Second Class,Consumer,United States,Pleasant Grove,Utah,84062.0,West,Office Supplies,Appliances,1089.75,3.0,0.0,305.13,0.27999999999999997,sales
Standard Class,Corporate,United States,Aurora,Illinois,60505.0,Central,Furniture,Tables,652.45,5.0,0.5,-430.617,-0.66,sales
First Class,Corporate,United States,Houston,Texas,77041.0,Central,Technology,Phones,946.344,7.0,0.2,118.293,0.125,sales
Second Class,Consumer,United States,Florence,Alabama,35630.0,South,Furniture,Chairs,1819.86,14.0,0.0,163.7874,0.09,sales
Same Day,Consumer,United States,Amarillo,Texas,79109.0,Central,Furniture,Chairs,2453.43,5.0,0.3,-350.49,-0.14285714285714288,sales
Standard Class,Consumer,United States,Chicago,Illinois,60623.0,Central,Technology,Phones,1979.928,9.0,0.2,148.4946,0.075,sales
First Class,Corporate,United States,Mobile,Alabama,36608.0,South,Technology,Machines,3040.0,8.0,0.0,1459.2,0.48000000000000004,sales
First Class,Corporate,United States,Pasadena,Texas,77506.0,Central,Furniture,Chairs,1024.716,6.0,0.3,-29.2776,-0.028571428571428574,sales
Standard Class,Corporate,United States,Detroit,Michigan,48234.0,Central,Furniture,Chairs,872.94,3.0,0.0,226.9644,0.26,sales
Standard Class,Home Office,United States,Los Angeles,California,90008.0,West,Technology,Phones,1212.848,7.0,0.2,106.1242,0.08750000000000001,sales
Standard Class,Corporate,United States,New York City,New York,10035.0,East,Furniture,Chairs,977.292,6.0,0.1,173.7408,0.17777777777777778,sales
Standard Class,Consumer,United States,Austin,Texas,78745.0,Central,Office Supplies,Storage,540.048,3.0,0.2,-47.2542,-0.0875,sales
Standard Class,Home Office,United States,Los Angeles,California,90004.0,West,Furniture,Tables,1004.976,6.0,0.2,-175.8708,-0.17500000000000002,sales
Second Class,Consumer,United States,North Las Vegas,Nevada,89031.0,West,Furniture,Tables,1669.6,4.0,0.0,116.872,0.07,sales
Second Class,Consumer,United States,Everett,Massachusetts,2149.0,East,Furniture,Bookcases,782.94,3.0,0.0,203.5644,0.26,sales
Second Class,Corporate,United States,Watertown,New York,13601.0,East,Furniture,Bookcases,1573.488,7.0,0.2,196.686,0.125,sales
First Class,Consumer,United States,New York City,New York,10011.0,East,Technology,Copiers,559.992,1.0,0.2,174.9975,0.3125,sales
Same Day,Consumer,United States,New York City,New York,10011.0,East,Furniture,Tables,1044.63,5.0,0.4,-295.9785,-0.2833333333333333,sales
First Class,Consumer,United States,Los Angeles,California,90004.0,West,Furniture,Chairs,603.92,5.0,0.2,-67.941,-0.11250000000000002,sales
First Class,Consumer,United States,El Paso,Texas,79907.0,Central,Furniture,Chairs,763.28,5.0,0.3,-21.808,-0.02857142857142857,sales
First Class,Consumer,United States,New York City,New York,10024.0,East,Office Supplies,Binders,1217.568,2.0,0.2,456.588,0.375,sales
First Class,Consumer,United States,New York City,New York,10024.0,East,Technology,Phones,979.95,5.0,0.0,274.386,0.28,sales
First Class,Corporate,United States,New York City,New York,10011.0,East,Furniture,Furnishings,547.3,13.0,0.0,175.136,0.32,sales
Standard Class,Corporate,United States,Oakland,California,94601.0,West,Office Supplies,Storage,1000.02,7.0,0.0,290.0058,0.29000000000000004,sales
Standard Class,Consumer,United States,Kent,Washington,98031.0,West,Office Supplies,Labels,786.48,8.0,0.0,385.3752,0.49,sales
Standard Class,Consumer,United States,Los Angeles,California,90049.0,West,Technology,Phones,675.96,5.0,0.2,84.495,0.125,sales
Standard Class,Consumer,United States,Los Angeles,California,90049.0,West,Technology,Accessories,1265.85,3.0,0.0,556.974,0.44000000000000006,sales
Standard Class,Home Office,United States,New York City,New York,10011.0,East,Office Supplies,Appliances,523.25,5.0,0.0,141.2775,0.27,sales
Standard Class,Consumer,United States,Lafayette,Louisiana,70506.0,South,Furniture,Chairs,517.5,6.0,0.0,155.25,0.3,sales
Same Day,Consumer,United States,Cleveland,Ohio,44105.0,East,Office Supplies,Storage,1006.056,3.0,0.2,88.0299,0.0875,sales
Standard Class,Consumer,United States,Tigard,Oregon,97224.0,West,Office Supplies,Storage,669.08,5.0,0.2,-167.27,-0.25,sales
First Class,Corporate,United States,Seattle,Washington,98115.0,West,Office Supplies,Storage,1247.64,3.0,0.0,349.3392,0.27999999999999997,sales
First Class,Corporate,United States,Seattle,Washington,98115.0,West,Technology,Copiers,3149.93,7.0,0.0,1480.4671,0.47000000000000003,sales
Standard Class,Corporate,United States,Philadelphia,Pennsylvania,19143.0,East,Technology,Phones,677.58,5.0,0.4,-158.102,-0.23333333333333334,sales
Standard Class,Consumer,United States,New York City,New York,10011.0,East,Furniture,Tables,1018.104,4.0,0.4,-373.3048,-0.36666666666666664,sales
Standard Class,Consumer,United States,Philadelphia,Pennsylvania,19143.0,East,Furniture,Tables,853.092,6.0,0.4,-227.4912,-0.26666666666666666,sales
Second Class,Consumer,United States,Seattle,Washington,98115.0,West,Furniture,Tables,515.88,6.0,0.0,113.4936,0.22,sales
Second Class,Consumer,United States,New York City,New York,10035.0,East,Furniture,Chairs,1931.04,9.0,0.1,321.84,0.16666666666666666,sales
Standard Class,Consumer,United States,San Francisco,California,94122.0,West,Office Supplies,Appliances,1702.12,14.0,0.0,510.636,0.30000000000000004,sales
Second Class,Consumer,United States,Chicago,Illinois,60610.0,Central,Furniture,Tables,765.625,7.0,0.5,-566.5625,-0.74,sales
Second Class,Corporate,United States,Dublin,Ohio,43017.0,East,Furniture,Tables,1048.35,5.0,0.4,-69.89,-0.06666666666666668,sales
First Class,Corporate,United States,San Francisco,California,94122.0,West,Office Supplies,Storage,559.62,9.0,0.0,151.0974,0.26999999999999996,sales
Second Class,Home Office,United States,Fort Worth,Texas,76106.0,Central,Technology,Phones,1718.4,6.0,0.2,150.36,0.08750000000000001,sales
Standard Class,Corporate,United States,Kenosha,Wisconsin,53142.0,Central,Technology,Phones,699.98,2.0,0.0,195.9944,0.28,sales
First Class,Consumer,United States,Madison,Wisconsin,53711.0,Central,Furniture,Chairs,2807.84,8.0,0.0,673.8816,0.24,sales
Second Class,Consumer,United States,Philadelphia,Pennsylvania,19134.0,East,Office Supplies,Supplies,4663.736,7.0,0.2,-1049.3406,-0.225,sales
First Class,Corporate,United States,Los Angeles,California,90049.0,West,Technology,Phones,2575.944,7.0,0.2,257.5944,0.1,sales
Second Class,Consumer,United States,Harrisonburg,Virginia,22801.0,South,Furniture,Tables,1441.3,7.0,0.0,245.021,0.16999999999999998,sales
Second Class,Home Office,United States,Raleigh,North Carolina,27604.0,South,Technology,Phones,1127.976,3.0,0.2,126.8973,0.11249999999999999,sales
Standard Class,Consumer,United States,Cleveland,Ohio,44105.0,East,Technology,Phones,779.796,2.0,0.4,-168.9558,-0.21666666666666667,sales
Same Day,Home Office,United States,Muskogee,Oklahoma,74403.0,Central,Technology,Phones,1439.92,8.0,0.0,374.3792,0.26,sales
Standard Class,Corporate,United States,Austin,Texas,78745.0,Central,Technology,Machines,1439.982,3.0,0.4,-263.9967,-0.18333333333333332,sales
Second Class,Corporate,United States,Roswell,Georgia,30076.0,South,Office Supplies,Appliances,1245.86,7.0,0.0,361.2994,0.29000000000000004,sales
Second Class,Consumer,United States,South Bend,Indiana,46614.0,Central,Technology,Accessories,831.2,5.0,0.0,124.68,0.15,sales
Standard Class,Corporate,United States,Aurora,Colorado,80013.0,West,Furniture,Tables,727.45,5.0,0.5,-465.568,-0.6399999999999999,sales
Standard Class,Corporate,United States,San Francisco,California,94122.0,West,Furniture,Chairs,801.568,2.0,0.2,50.098,0.0625,sales
Same Day,Consumer,United States,New York City,New York,10011.0,East,Office Supplies,Storage,563.4,4.0,0.0,67.608,0.12000000000000001,sales
First Class,Consumer,United States,Minneapolis,Minnesota,55407.0,Central,Office Supplies,Binders,1793.98,2.0,0.0,843.1706,0.47000000000000003,sales
Second Class,Consumer,United States,Miami,Florida,33178.0,South,Office Supplies,Binders,505.176,4.0,0.7,-336.784,-0.6666666666666666,sales
First Class,Corporate,United States,Indianapolis,Indiana,46203.0,Central,Office Supplies,Storage,909.12,8.0,0.0,9.0912,0.01,sales
Second Class,Corporate,United States,Houston,Texas,77041.0,Central,Technology,Machines,597.132,3.0,0.4,49.761,0.08333333333333334,sales
First Class,Corporate,United States,Watertown,New York,13601.0,East,Office Supplies,Binders,895.92,5.0,0.2,302.373,0.3375,sales
Second Class,Corporate,United States,Arlington,Texas,76017.0,Central,Technology,Phones,863.64,9.0,0.2,107.955,0.125,sales
Second Class,Home Office,United States,Seattle,Washington,98105.0,West,Technology,Phones,659.976,3.0,0.2,49.4982,0.075,sales
Standard Class,Consumer,United States,Broomfield,Colorado,80020.0,West,Furniture,Chairs,662.88,3.0,0.2,74.574,0.1125,sales
Standard Class,Corporate,United States,New York City,New York,10009.0,East,Furniture,Chairs,1282.41,5.0,0.1,213.735,0.16666666666666666,sales
Second Class,Corporate,United States,Montgomery,Alabama,36116.0,South,Technology,Phones,1394.95,5.0,0.0,362.687,0.26,sales
Second Class,Corporate,United States,Montgomery,Alabama,36116.0,South,Furniture,Chairs,545.88,6.0,0.0,70.9644,0.13,sales
Same Day,Consumer,United States,Glendale,Arizona,85301.0,West,Furniture,Chairs,933.536,4.0,0.2,105.0228,0.11250000000000002,sales
First Class,Consumer,United States,Columbus,Ohio,43229.0,East,Technology,Copiers,1439.976,4.0,0.4,191.9968,0.13333333333333333,sales
Standard Class,Consumer,United States,Springfield,Missouri,65807.0,Central,Furniture,Tables,1024.38,7.0,0.0,215.1198,0.20999999999999996,sales
Standard Class,Consumer,United States,Auburn,Alabama,36830.0,South,Office Supplies,Storage,900.08,4.0,0.0,117.0104,0.13,sales
First Class,Home Office,United States,Providence,Rhode Island,2908.0,East,Office Supplies,Storage,1606.23,9.0,0.0,481.869,0.3,sales
First Class,Home Office,United States,Providence,Rhode Island,2908.0,East,Furniture,Chairs,872.32,4.0,0.0,244.2496,0.27999999999999997,sales
Standard Class,Corporate,United States,Perth Amboy,New Jersey,8861.0,East,Technology,Phones,597.0,3.0,0.0,280.59,0.47,sales
First Class,Consumer,United States,Detroit,Michigan,48227.0,Central,Furniture,Chairs,1586.69,7.0,0.0,412.5394,0.26,sales
Standard Class,Consumer,United States,Pomona,California,91767.0,West,Furniture,Tables,710.832,3.0,0.2,-97.7394,-0.1375,sales
Second Class,Home Office,United States,Brentwood,California,94513.0,West,Technology,Phones,761.544,7.0,0.2,66.6351,0.0875,sales
Standard Class,Home Office,United States,Jackson,Mississippi,39212.0,South,Office Supplies,Binders,511.84,8.0,0.0,240.5648,0.47000000000000003,sales
Standard Class,Consumer,United States,Denver,Colorado,80219.0,West,Office Supplies,Storage,636.408,3.0,0.2,-15.9102,-0.024999999999999998,sales
Same Day,Consumer,United States,Redlands,California,92374.0,West,Technology,Phones,1295.84,4.0,0.2,145.782,0.11250000000000002,sales
First Class,Corporate,United States,Seattle,Washington,98105.0,West,Office Supplies,Binders,895.92,5.0,0.2,302.373,0.3375,sales
Standard Class,Corporate,United States,Long Beach,New York,11561.0,East,Furniture,Tables,991.764,3.0,0.4,-347.1174,-0.35,sales
First Class,Consumer,United States,Minneapolis,Minnesota,55407.0,Central,Office Supplies,Storage,501.81,3.0,0.0,0.0,0.0,sales
Standard Class,Consumer,United States,New York City,New York,10009.0,East,Technology,Machines,3999.95,5.0,0.0,1159.9855,0.29000000000000004,sales
Standard Class,Consumer,United States,Columbus,Indiana,47201.0,Central,Technology,Phones,1454.49,9.0,0.0,378.1674,0.26,sales
Standard Class,Consumer,United States,Little Rock,Arkansas,72209.0,South,Technology,Phones,881.93,7.0,0.0,229.3018,0.26,sales
Second Class,Consumer,United States,Fairfield,Connecticut,6824.0,East,Technology,Phones,832.93,7.0,0.0,233.2204,0.28,sales
Standard Class,Corporate,United States,San Francisco,California,94110.0,West,Technology,Phones,1145.6,4.0,0.2,100.24,0.08750000000000001,sales
Standard Class,Consumer,United States,San Francisco,California,94122.0,West,Office Supplies,Binders,673.568,2.0,0.2,252.588,0.375,sales
Standard Class,Consumer,United States,La Porte,Indiana,46350.0,Central,Furniture,Furnishings,526.45,5.0,0.0,31.587,0.06,sales
Second Class,Consumer,United States,Los Angeles,California,90049.0,West,Office Supplies,Binders,1016.792,1.0,0.2,381.297,0.375,sales
Standard Class,Home Office,United States,Pasadena,California,91104.0,West,Technology,Phones,659.976,3.0,0.2,49.4982,0.075,sales
Second Class,Consumer,United States,Los Angeles,California,90004.0,West,Office Supplies,Appliances,541.44,6.0,0.0,157.0176,0.2899999999999999,sales
First Class,Consumer,United States,San Francisco,California,94122.0,West,Furniture,Chairs,1212.96,7.0,0.2,90.972,0.075,sales
Second Class,Consumer,United States,Atlanta,Georgia,30318.0,South,Technology,Accessories,499.98,2.0,0.0,114.9954,0.23,sales
Standard Class,Consumer,United States,San Francisco,California,94122.0,West,Technology,Copiers,1119.984,2.0,0.2,377.9946,0.3375,sales
First Class,Consumer,United States,Seattle,Washington,98115.0,West,Furniture,Chairs,614.272,8.0,0.2,-23.0352,-0.0375,sales
First Class,Corporate,United States,Seattle,Washington,98115.0,West,Furniture,Tables,892.98,2.0,0.0,80.3682,0.09,sales
Standard Class,Corporate,United States,Columbus,Georgia,31907.0,South,Furniture,Furnishings,595.38,6.0,0.0,297.69,0.5,sales
Standard Class,Consumer,United States,New York City,New York,10011.0,East,Technology,Accessories,1399.93,7.0,0.0,601.9699,0.43,sales
Standard Class,Consumer,United States,New York City,New York,10011.0,East,Technology,Phones,503.96,4.0,0.0,125.99,0.25,sales
Second Class,Home Office,United States,Roswell,Georgia,30076.0,South,Furniture,Chairs,723.92,4.0,0.0,188.2192,0.26,sales
Standard Class,Corporate,United States,Philadelphia,Pennsylvania,19140.0,East,Furniture,Furnishings,547.136,4.0,0.2,-68.392,-0.125,sales
Standard Class,Consumer,United States,San Antonio,Texas,78207.0,Central,Furniture,Tables,557.585,5.0,0.3,0.0,0.0,sales
First Class,Corporate,United States,San Francisco,California,94122.0,West,Furniture,Bookcases,1552.831,7.0,0.15,200.9546,0.12941176470588237,sales
Standard Class,Corporate,United States,New York City,New York,10024.0,East,Furniture,Tables,1579.746,7.0,0.4,-447.5947,-0.2833333333333333,sales
Standard Class,Corporate,United States,New York City,New York,10024.0,East,Furniture,Tables,1071.576,4.0,0.4,-553.6476,-0.5166666666666667,sales
Standard Class,Corporate,United States,New York City,New York,10024.0,East,Furniture,Tables,613.908,3.0,0.4,-122.7816,-0.19999999999999998,sales
Standard Class,Corporate,United States,Fairfield,Ohio,45014.0,East,Furniture,Furnishings,532.704,6.0,0.2,-26.6352,-0.05000000000000001,sales
Standard Class,Consumer,United States,New York City,New York,10009.0,East,Technology,Accessories,1619.91,9.0,0.0,97.1946,0.05999999999999999,sales
Standard Class,Corporate,United States,Florence,South Carolina,29501.0,South,Office Supplies,Storage,628.81,7.0,0.0,12.5762,0.02,sales
Standard Class,Corporate,United States,Huntsville,Texas,77340.0,Central,Furniture,Bookcases,956.6648,7.0,0.32,-225.0976,-0.23529411764705882,sales
Standard Class,Consumer,United States,Los Angeles,California,90045.0,West,Technology,Accessories,1115.91,9.0,0.0,200.8638,0.18,sales
Standard Class,Consumer,United States,Los Angeles,California,90045.0,West,Furniture,Tables,629.064,3.0,0.2,31.4532,0.05,sales
Standard Class,Consumer,United States,Milwaukee,Wisconsin,53209.0,Central,Furniture,Chairs,754.45,5.0,0.0,60.356,0.08,sales
Standard Class,Corporate,United States,Albuquerque,New Mexico,87105.0,West,Technology,Accessories,595.0,5.0,0.0,95.2,0.16,sales
Standard Class,Corporate,United States,Sparks,Nevada,89431.0,West,Technology,Machines,2396.4,10.0,0.2,179.73,0.075,sales
First Class,Corporate,United States,Springfield,Virginia,22153.0,South,Office Supplies,Appliances,826.11,3.0,0.0,322.1829,0.39,sales
Standard Class,Consumer,United States,Farmington,New Mexico,87401.0,West,Furniture,Furnishings,545.85,9.0,0.0,114.6285,0.21,sales
Standard Class,Consumer,United States,Passaic,New Jersey,7055.0,East,Office Supplies,Appliances,662.84,4.0,0.0,172.3384,0.26,sales
Standard Class,Consumer,United States,Newport News,Virginia,23602.0,South,Office Supplies,Storage,571.44,4.0,0.0,165.7176,0.29,sales
First Class,Consumer,United States,Los Angeles,California,90032.0,West,Office Supplies,Appliances,1101.48,4.0,0.0,429.5772,0.39,sales
Second Class,Corporate,United States,Los Angeles,California,90036.0,West,Furniture,Tables,1322.352,3.0,0.2,-99.1764,-0.075,sales
Standard Class,Consumer,United States,Seattle,Washington,98105.0,West,Office Supplies,Storage,1003.62,6.0,0.0,0.0,0.0,sales
Standard Class,Home Office,United States,Seattle,Washington,98105.0,West,Furniture,Tables,1137.75,5.0,0.0,250.305,0.22,sales
Second Class,Consumer,United States,New York City,New York,10024.0,East,Technology,Phones,631.96,4.0,0.0,303.3408,0.48,sales
Standard Class,Consumer,United States,Jamestown,New York,14701.0,East,Technology,Phones,4548.81,7.0,0.0,1228.1787,0.26999999999999996,sales
Second Class,Consumer,United States,Houston,Texas,77095.0,Central,Technology,Phones,719.96,5.0,0.2,53.997,0.075,sales
Standard Class,Consumer,United States,Mishawaka,Indiana,46544.0,Central,Furniture,Chairs,647.84,8.0,0.0,32.392,0.05,sales
Second Class,Consumer,United States,San Francisco,California,94122.0,West,Office Supplies,Supplies,8187.65,5.0,0.0,327.506,0.04,sales
Standard Class,Home Office,United States,Oklahoma City,Oklahoma,73120.0,Central,Office Supplies,Storage,1117.92,4.0,0.0,55.896,0.049999999999999996,sales
Standard Class,Consumer,United States,Houston,Texas,77095.0,Central,Office Supplies,Envelopes,604.656,9.0,0.2,204.0714,0.3375,sales
Standard Class,Home Office,United States,Oklahoma City,Oklahoma,73120.0,Central,Office Supplies,Appliances,868.59,3.0,0.0,251.8911,0.29,sales
Second Class,Corporate,United States,Philadelphia,Pennsylvania,19120.0,East,Office Supplies,Storage,1801.632,6.0,0.2,-337.806,-0.18749999999999997,sales
Same Day,Corporate,United States,San Francisco,California,94122.0,West,Furniture,Chairs,1348.704,6.0,0.2,-219.1644,-0.1625,sales
Same Day,Corporate,United States,San Francisco,California,94122.0,West,Furniture,Chairs,700.152,3.0,0.2,78.7671,0.11249999999999999,sales
Standard Class,Consumer,United States,Phoenix,Arizona,85023.0,West,Technology,Phones,1879.96,5.0,0.2,211.4955,0.11249999999999999,sales
Standard Class,Consumer,United States,Henderson,Kentucky,42420.0,South,Furniture,Furnishings,821.88,6.0,0.0,213.6888,0.26,sales
Standard Class,Consumer,United States,Tallahassee,Florida,32303.0,South,Technology,Phones,705.544,7.0,0.2,70.5544,0.1,sales
Standard Class,Consumer,United States,Orem,Utah,84057.0,West,Furniture,Bookcases,1406.86,7.0,0.0,140.686,0.1,sales
Second Class,Consumer,United States,Bellingham,Washington,98226.0,West,Furniture,Tables,2665.62,9.0,0.0,239.9058,0.09,sales
Second Class,Consumer,United States,Carrollton,Texas,75007.0,Central,Technology,Accessories,1399.944,7.0,0.2,52.4979,0.0375,sales
Standard Class,Home Office,United States,Lafayette,Indiana,47905.0,Central,Furniture,Furnishings,526.45,5.0,0.0,31.587,0.06,sales
Standard Class,Corporate,United States,Columbus,Georgia,31907.0,South,Office Supplies,Appliances,675.12,3.0,0.0,290.3016,0.43,sales
Standard Class,Consumer,United States,Wheeling,Illinois,60090.0,Central,Furniture,Tables,601.47,3.0,0.5,-300.735,-0.5,sales
Standard Class,Corporate,United States,Columbus,Indiana,47201.0,Central,Office Supplies,Binders,914.97,3.0,0.0,411.7365,0.44999999999999996,sales
Standard Class,Corporate,United States,Columbus,Indiana,47201.0,Central,Technology,Phones,587.97,3.0,0.0,158.7519,0.27,sales
Standard Class,Corporate,United States,Columbus,Indiana,47201.0,Central,Office Supplies,Storage,530.34,2.0,0.0,95.4612,0.18,sales
Same Day,Consumer,United States,New York City,New York,10035.0,East,Technology,Machines,1349.85,3.0,0.0,364.4595,0.27,sales
Standard Class,Corporate,United States,Arlington,Texas,76017.0,Central,Furniture,Tables,1218.735,5.0,0.3,-121.8735,-0.10000000000000002,sales
First Class,Home Office,United States,New York City,New York,10024.0,East,Technology,Copiers,11199.968,4.0,0.2,3919.9888,0.35,sales
First Class,Home Office,United States,New York City,New York,10024.0,East,Technology,Phones,2399.6,8.0,0.0,647.892,0.27,sales
First Class,Corporate,United States,Springfield,Ohio,45503.0,East,Technology,Machines,652.995,7.0,0.7,-935.9595,-1.4333333333333333,sales
Standard Class,Consumer,United States,New York City,New York,10035.0,East,Furniture,Chairs,858.24,4.0,0.1,143.04,0.16666666666666666,sales
Second Class,Consumer,United States,Tulsa,Oklahoma,74133.0,Central,Furniture,Furnishings,821.88,6.0,0.0,213.6888,0.26,sales
Second Class,Corporate,United States,Provo,Utah,84604.0,West,Furniture,Bookcases,1292.94,3.0,0.0,77.5764,0.060000000000000005,sales
Standard Class,Corporate,United States,Gilbert,Arizona,85234.0,West,Furniture,Chairs,883.84,4.0,0.2,99.432,0.1125,sales
Standard Class,Corporate,United States,New York City,New York,10035.0,East,Technology,Phones,1979.89,11.0,0.0,494.9725,0.25,sales
Second Class,Corporate,United States,Lowell,Massachusetts,1852.0,East,Furniture,Chairs,785.88,6.0,0.0,212.1876,0.27,sales
Second Class,Corporate,United States,Lowell,Massachusetts,1852.0,East,Office Supplies,Storage,1325.85,5.0,0.0,238.653,0.18,sales
Standard Class,Home Office,United States,Jackson,Michigan,49201.0,Central,Technology,Accessories,619.95,5.0,0.0,111.591,0.17999999999999997,sales
Standard Class,Home Office,United States,Jacksonville,Florida,32216.0,South,Technology,Machines,821.3,4.0,0.5,-16.426,-0.02,sales
Standard Class,Home Office,United States,Jacksonville,Florida,32216.0,South,Technology,Machines,22638.48,6.0,0.5,-1811.0784,-0.08,sales
Standard Class,Consumer,United States,Los Angeles,California,90049.0,West,Technology,Machines,1919.976,3.0,0.2,215.9973,0.11249999999999999,sales
First Class,Consumer,United States,Toledo,Ohio,43615.0,East,Technology,Phones,629.958,7.0,0.4,94.4937,0.15000000000000002,sales
Standard Class,Consumer,United States,Seattle,Washington,98105.0,West,Technology,Accessories,799.96,4.0,0.0,343.9828,0.43,sales
Standard Class,Consumer,United States,Franklin,Massachusetts,2038.0,East,Furniture,Tables,700.056,3.0,0.3,-130.0104,-0.18571428571428572,sales
Standard Class,Consumer,United States,Seattle,Washington,98115.0,West,Furniture,Chairs,585.552,3.0,0.2,73.194,0.125,sales
Standard Class,Consumer,United States,San Francisco,California,94122.0,West,Technology,Phones,783.96,5.0,0.2,68.5965,0.08750000000000001,sales
Standard Class,Consumer,United States,San Francisco,California,94122.0,West,Office Supplies,Appliances,1447.65,5.0,0.0,419.8185,0.29,sales
First Class,Consumer,United States,Philadelphia,Pennsylvania,19134.0,East,Office Supplies,Appliances,1924.16,8.0,0.2,312.676,0.16249999999999998,sales
First Class,Home Office,United States,Los Angeles,California,90036.0,West,Furniture,Chairs,601.536,4.0,0.2,0.0,0.0,sales
Standard Class,Corporate,United States,Redondo Beach,California,90278.0,West,Technology,Phones,1075.088,14.0,0.2,94.0702,0.08750000000000001,sales
First Class,Corporate,United States,Miami,Florida,33180.0,South,Technology,Phones,783.96,5.0,0.2,78.396,0.09999999999999999,sales
Second Class,Consumer,United States,Seattle,Washington,98115.0,West,Furniture,Bookcases,704.9,5.0,0.0,56.392,0.08,sales
Second Class,Consumer,United States,Seattle,Washington,98115.0,West,Furniture,Chairs,561.568,2.0,0.2,28.0784,0.049999999999999996,sales
Second Class,Home Office,United States,Milwaukee,Wisconsin,53209.0,Central,Technology,Accessories,999.96,4.0,0.0,229.9908,0.23,sales
Second Class,Home Office,United States,Milwaukee,Wisconsin,53209.0,Central,Furniture,Tables,653.55,3.0,0.0,111.1035,0.17,sales
Standard Class,Home Office,United States,Franklin,Massachusetts,2038.0,East,Office Supplies,Storage,1088.76,6.0,0.0,315.7404,0.29000000000000004,sales
First Class,Consumer,United States,Tallahassee,Florida,32303.0,South,Technology,Machines,695.7,2.0,0.5,-27.828,-0.039999999999999994,sales
Standard Class,Home Office,United States,Chesapeake,Virginia,23320.0,South,Furniture,Chairs,1139.92,4.0,0.0,284.98,0.25,sales
Standard Class,Corporate,United States,Woodstock,Illinois,60098.0,Central,Furniture,Chairs,845.488,8.0,0.3,-12.0784,-0.014285714285714285,sales
Standard Class,Home Office,United States,Chicago,Illinois,60653.0,Central,Office Supplies,Binders,762.594,3.0,0.8,-1143.891,-1.5,sales
Standard Class,Corporate,United States,Roswell,Georgia,30076.0,South,Office Supplies,Binders,2690.97,3.0,0.0,1264.7559,0.4700000000000001,sales
First Class,Corporate,United States,San Diego,California,92037.0,West,Furniture,Chairs,1603.136,4.0,0.2,100.196,0.0625,sales
Standard Class,Consumer,United States,Atlanta,Georgia,30318.0,South,Furniture,Bookcases,1628.82,9.0,0.0,374.6286,0.23,sales
Standard Class,Consumer,United States,San Diego,California,92105.0,West,Office Supplies,Storage,811.28,8.0,0.0,24.3384,0.030000000000000002,sales
Second Class,Consumer,United States,San Diego,California,92037.0,West,Furniture,Chairs,1013.488,7.0,0.2,76.0116,0.075,sales
Standard Class,Corporate,United States,Charlotte,North Carolina,28205.0,South,Technology,Copiers,959.968,4.0,0.2,119.996,0.125,sales
Standard Class,Corporate,United States,Highland Park,Illinois,60035.0,Central,Furniture,Chairs,539.658,3.0,0.3,-7.7094,-0.014285714285714285,sales
Standard Class,Home Office,United States,Burlington,North Carolina,27217.0,South,Office Supplies,Binders,1633.188,4.0,0.7,-1306.5504,-0.8,sales
Standard Class,Corporate,United States,Milwaukee,Wisconsin,53209.0,Central,Furniture,Chairs,1526.56,7.0,0.0,427.4368,0.28,sales
Same Day,Home Office,United States,Glendale,Arizona,85301.0,West,Technology,Phones,671.984,2.0,0.2,50.3988,0.075,sales
Second Class,Consumer,United States,Fayetteville,North Carolina,28314.0,South,Office Supplies,Appliances,499.584,3.0,0.2,43.7136,0.0875,sales
Second Class,Consumer,United States,Mount Pleasant,South Carolina,29464.0,South,Furniture,Chairs,545.94,6.0,0.0,87.3504,0.15999999999999998,sales
Standard Class,Home Office,United States,Columbus,Georgia,31907.0,South,Office Supplies,Storage,1267.65,9.0,0.0,152.118,0.11999999999999998,sales
Standard Class,Consumer,United States,Detroit,Michigan,48227.0,Central,Office Supplies,Binders,895.92,4.0,0.0,421.0824,0.47000000000000003,sales
First Class,Consumer,United States,New York City,New York,10009.0,East,Office Supplies,Appliances,904.9,5.0,0.0,253.372,0.28,sales
Standard Class,Home Office,United States,Louisville,Colorado,80027.0,West,Technology,Machines,2549.985,5.0,0.7,-3399.98,-1.3333333333333333,sales
Standard Class,Home Office,United States,Pharr,Texas,78577.0,Central,Office Supplies,Storage,727.296,8.0,0.2,-172.7328,-0.2375,sales
Standard Class,Home Office,United States,Pharr,Texas,78577.0,Central,Technology,Accessories,666.4,7.0,0.2,-33.32,-0.05,sales
Standard Class,Consumer,United States,Chesapeake,Virginia,23320.0,South,Furniture,Chairs,504.9,5.0,0.0,80.784,0.16000000000000003,sales
Same Day,Home Office,United States,Long Beach,California,90805.0,West,Furniture,Chairs,2054.272,8.0,0.2,256.784,0.125,sales
Second Class,Consumer,United States,Troy,Ohio,45373.0,East,Technology,Phones,1022.97,5.0,0.4,-255.7425,-0.25,sales
Second Class,Home Office,United States,Detroit,Michigan,48227.0,Central,Technology,Phones,517.9,2.0,0.0,134.654,0.26,sales
Standard Class,Corporate,United States,Chicago,Illinois,60623.0,Central,Technology,Copiers,2799.96,5.0,0.2,874.9875,0.3125,sales
Same Day,Home Office,United States,Toledo,Ohio,43615.0,East,Office Supplies,Appliances,663.936,4.0,0.2,82.992,0.125,sales
Standard Class,Corporate,United States,Newark,Delaware,19711.0,East,Office Supplies,Storage,2934.33,7.0,0.0,792.2691,0.27,sales
Standard Class,Home Office,United States,Dallas,Texas,75217.0,Central,Furniture,Chairs,981.372,2.0,0.3,-140.196,-0.14285714285714285,sales
Standard Class,Home Office,United States,Louisville,Kentucky,40214.0,South,Technology,Phones,539.97,3.0,0.0,134.9925,0.25,sales
Second Class,Home Office,United States,Henderson,Kentucky,42420.0,South,Technology,Phones,671.93,7.0,0.0,188.1404,0.28,sales
Second Class,Corporate,United States,Providence,Rhode Island,2908.0,East,Office Supplies,Supplies,695.16,6.0,0.0,34.758,0.05,sales
Standard Class,Consumer,United States,Seattle,Washington,98105.0,West,Technology,Machines,837.6,3.0,0.2,62.82,0.075,sales
Standard Class,Consumer,United States,Seattle,Washington,98105.0,West,Furniture,Chairs,532.704,6.0,0.2,-39.9528,-0.07500000000000001,sales
First Class,Corporate,United States,Lakeland,Florida,33801.0,South,Furniture,Chairs,1123.92,5.0,0.2,-182.637,-0.16249999999999998,sales
First Class,Corporate,United States,Lakeland,Florida,33801.0,South,Office Supplies,Storage,1036.624,2.0,0.2,51.8312,0.05,sales
First Class,Corporate,United States,Lakeland,Florida,33801.0,South,Office Supplies,Storage,563.808,4.0,0.2,21.1428,0.037500000000000006,sales
First Class,Home Office,United States,Los Angeles,California,90049.0,West,Technology,Phones,627.168,4.0,0.2,70.5564,0.11249999999999999,sales
Second Class,Corporate,United States,Seattle,Washington,98105.0,West,Furniture,Chairs,963.136,4.0,0.2,108.3528,0.1125,sales
First Class,Consumer,United States,Newark,Ohio,43055.0,East,Technology,Accessories,2025.36,6.0,0.2,607.608,0.3,sales
First Class,Consumer,United States,Newark,Ohio,43055.0,East,Technology,Machines,1799.994,2.0,0.7,-2639.9912,-1.4666666666666668,sales
Standard Class,Corporate,United States,Maple Grove,Minnesota,55369.0,Central,Office Supplies,Binders,735.98,2.0,0.0,331.191,0.44999999999999996,sales
Standard Class,Consumer,United States,Chicago,Illinois,60623.0,Central,Furniture,Chairs,528.43,5.0,0.3,0.0,0.0,sales
Second Class,Corporate,United States,Columbia,Maryland,21044.0,East,Technology,Accessories,826.62,3.0,0.0,355.4466,0.43,sales
Second Class,Corporate,United States,Columbia,Maryland,21044.0,East,Office Supplies,Storage,1633.14,9.0,0.0,473.6106,0.29,sales
Second Class,Corporate,United States,Columbia,Maryland,21044.0,East,Office Supplies,Storage,544.38,3.0,0.0,157.8702,0.29000000000000004,sales
Standard Class,Consumer,United States,San Diego,California,92037.0,West,Technology,Phones,601.536,8.0,0.2,60.1536,0.1,sales
Standard Class,Corporate,United States,New York City,New York,10024.0,East,Office Supplies,Binders,931.176,3.0,0.2,314.2719,0.3375,sales
First Class,Corporate,United States,San Francisco,California,94109.0,West,Office Supplies,Paper,733.95,7.0,0.0,352.296,0.48,sales
Standard Class,Home Office,United States,Los Angeles,California,90032.0,West,Technology,Copiers,3359.952,6.0,0.2,1049.985,0.31249999999999994,sales
Second Class,Corporate,United States,Alexandria,Virginia,22304.0,South,Office Supplies,Supplies,4164.05,5.0,0.0,83.281,0.02,sales
First Class,Home Office,United States,New York City,New York,10035.0,East,Technology,Machines,1704.89,11.0,0.0,767.2005,0.45,sales
Same Day,Corporate,United States,San Francisco,California,94122.0,West,Technology,Machines,1919.976,3.0,0.2,215.9973,0.11249999999999999,sales
Standard Class,Consumer,United States,Philadelphia,Pennsylvania,19140.0,East,Technology,Phones,539.964,6.0,0.4,-107.9928,-0.19999999999999998,sales
Standard Class,Consumer,United States,San Diego,California,92037.0,West,Furniture,Chairs,603.92,5.0,0.2,45.294,0.075,sales
Standard Class,Consumer,United States,Columbia,Tennessee,38401.0,South,Furniture,Chairs,662.88,3.0,0.2,74.574,0.1125,sales
Standard Class,Consumer,United States,Houston,Texas,77095.0,Central,Office Supplies,Binders,896.99,5.0,0.8,-1480.0335,-1.65,sales
First Class,Consumer,United States,Oakland,California,94601.0,West,Furniture,Tables,568.728,3.0,0.2,28.4364,0.05,sales
Same Day,Consumer,United States,Norman,Oklahoma,73071.0,Central,Technology,Accessories,1287.45,5.0,0.0,244.6155,0.19,sales
Second Class,Consumer,United States,New York City,New York,10035.0,East,Technology,Phones,1799.75,5.0,0.0,539.925,0.3,sales
Standard Class,Home Office,United States,Charlotte,North Carolina,28205.0,South,Office Supplies,Storage,580.672,4.0,0.2,65.3256,0.11249999999999999,sales
Standard Class,Home Office,United States,Seattle,Washington,98103.0,West,Technology,Phones,1091.168,4.0,0.2,68.198,0.0625,sales
Standard Class,Corporate,United States,Richmond,Kentucky,40475.0,South,Office Supplies,Paper,629.1,6.0,0.0,301.968,0.48000000000000004,sales
Standard Class,Consumer,United States,Los Angeles,California,90004.0,West,Technology,Machines,558.4,2.0,0.2,41.88,0.07500000000000001,sales
Standard Class,Home Office,United States,Dubuque,Iowa,52001.0,Central,Furniture,Chairs,1408.1,10.0,0.0,394.268,0.27999999999999997,sales
Standard Class,Corporate,United States,New York City,New York,10011.0,East,Office Supplies,Appliances,2504.74,7.0,0.0,626.185,0.25,sales
First Class,Consumer,United States,Philadelphia,Pennsylvania,19143.0,East,Office Supplies,Binders,538.194,2.0,0.7,-412.6154,-0.7666666666666667,sales
Standard Class,Corporate,United States,San Francisco,California,94110.0,West,Furniture,Tables,1421.664,6.0,0.2,-195.4788,-0.1375,sales
First Class,Corporate,United States,Springfield,Virginia,22153.0,South,Technology,Phones,579.95,5.0,0.0,168.1855,0.29,sales
First Class,Corporate,United States,Springfield,Virginia,22153.0,South,Furniture,Tables,1202.94,3.0,0.0,300.735,0.25,sales
Standard Class,Corporate,United States,Saint Cloud,Minnesota,56301.0,Central,Technology,Accessories,655.9,5.0,0.0,275.478,0.42000000000000004,sales
Standard Class,Corporate,United States,Saint Cloud,Minnesota,56301.0,Central,Furniture,Chairs,603.92,4.0,0.0,181.176,0.3,sales
Standard Class,Home Office,United States,Los Angeles,California,90036.0,West,Furniture,Tables,513.024,2.0,0.2,12.8256,0.024999999999999998,sales
Second Class,Home Office,United States,New York City,New York,10009.0,East,Office Supplies,Storage,900.08,4.0,0.0,117.0104,0.13,sales
Standard Class,Consumer,United States,Plano,Texas,75023.0,Central,Office Supplies,Storage,509.488,7.0,0.2,-127.372,-0.25,sales
First Class,Corporate,United States,Chicago,Illinois,60653.0,Central,Furniture,Bookcases,825.174,9.0,0.3,-117.882,-0.14285714285714288,sales
First Class,Consumer,United States,Fayetteville,North Carolina,28314.0,South,Office Supplies,Appliances,569.536,4.0,0.2,64.0728,0.11250000000000002,sales
First Class,Home Office,United States,Aurora,Illinois,60505.0,Central,Furniture,Tables,796.425,7.0,0.5,-525.6405,-0.66,sales
Standard Class,Consumer,United States,Dallas,Texas,75081.0,Central,Technology,Phones,657.552,6.0,0.2,49.3164,0.075,sales
Second Class,Home Office,United States,Jackson,Mississippi,39212.0,South,Technology,Accessories,599.97,3.0,0.0,257.9871,0.43,sales
Second Class,Home Office,United States,Chicago,Illinois,60653.0,Central,Furniture,Chairs,844.116,6.0,0.3,-36.1764,-0.04285714285714286,sales
Second Class,Home Office,United States,Chicago,Illinois,60653.0,Central,Technology,Phones,812.736,8.0,0.2,60.9552,0.075,sales
Second Class,Consumer,United States,Los Angeles,California,90036.0,West,Technology,Phones,604.752,6.0,0.2,37.797,0.0625,sales
Standard Class,Home Office,United States,Independence,Missouri,64055.0,Central,Office Supplies,Binders,1577.94,3.0,0.0,757.4112,0.48,sales
Same Day,Home Office,United States,Seattle,Washington,98105.0,West,Technology,Machines,2395.2,6.0,0.2,209.58,0.08750000000000001,sales
Same Day,Home Office,United States,Seattle,Washington,98105.0,West,Technology,Accessories,1687.8,4.0,0.0,742.632,0.44,sales
Standard Class,Consumer,United States,Jackson,Mississippi,39212.0,South,Furniture,Tables,2430.08,8.0,0.0,388.8128,0.16,sales
Standard Class,Corporate,United States,Jackson,Michigan,49201.0,Central,Furniture,Tables,801.96,2.0,0.0,200.49,0.25,sales
Standard Class,Home Office,United States,Lancaster,Ohio,43130.0,East,Technology,Phones,1169.694,3.0,0.4,-253.4337,-0.21666666666666667,sales
First Class,Consumer,United States,Lafayette,Louisiana,70506.0,South,Office Supplies,Supplies,1665.62,2.0,0.0,33.3124,0.02,sales
Standard Class,Home Office,United States,Richmond,Kentucky,40475.0,South,Office Supplies,Storage,1443.96,12.0,0.0,375.4296,0.26,sales
Standard Class,Consumer,United States,Philadelphia,Pennsylvania,19143.0,East,Furniture,Chairs,657.93,5.0,0.3,-93.99,-0.14285714285714285,sales
First Class,Corporate,United States,San Antonio,Texas,78207.0,Central,Furniture,Tables,718.116,6.0,0.3,-71.8116,-0.1,sales
Second Class,Home Office,United States,San Francisco,California,94109.0,West,Furniture,Chairs,681.408,12.0,0.2,42.588,0.0625,sales
Standard Class,Consumer,United States,Seattle,Washington,98103.0,West,Office Supplies,Binders,2060.744,7.0,0.2,643.9825,0.31249999999999994,sales
Second Class,Corporate,United States,Los Angeles,California,90004.0,West,Office Supplies,Storage,763.44,8.0,0.0,45.8064,0.05999999999999999,sales
Standard Class,Consumer,United States,Lawrence,Indiana,46226.0,Central,Office Supplies,Appliances,638.73,9.0,0.0,166.0698,0.25999999999999995,sales
Standard Class,Corporate,United States,Decatur,Alabama,35601.0,South,Technology,Copiers,899.97,3.0,0.0,314.9895,0.35000000000000003,sales
First Class,Corporate,United States,Los Angeles,California,90045.0,West,Furniture,Tables,510.24,3.0,0.2,6.378,0.0125,sales
Second Class,Consumer,United States,Olympia,Washington,98502.0,West,Furniture,Chairs,603.92,5.0,0.2,45.294,0.075,sales
Standard Class,Corporate,United States,Phoenix,Arizona,85023.0,West,Office Supplies,Binders,551.985,5.0,0.7,-459.9875,-0.8333333333333334,sales
Standard Class,Corporate,United States,Clinton,Maryland,20735.0,East,Office Supplies,Storage,636.86,7.0,0.0,0.0,0.0,sales
Standard Class,Corporate,United States,Clinton,Maryland,20735.0,East,Technology,Phones,499.99,1.0,0.0,129.9974,0.26,sales
Standard Class,Corporate,United States,Clinton,Maryland,20735.0,East,Technology,Phones,1259.93,7.0,0.0,327.5818,0.25999999999999995,sales
Second Class,Corporate,United States,Inglewood,California,90301.0,West,Technology,Copiers,879.984,2.0,0.2,329.994,0.375,sales
Second Class,Corporate,United States,Inglewood,California,90301.0,West,Office Supplies,Binders,841.568,2.0,0.2,294.5488,0.35000000000000003,sales
First Class,Corporate,United States,Odessa,Texas,79762.0,Central,Furniture,Chairs,563.43,5.0,0.3,-56.343,-0.10000000000000002,sales
Second Class,Corporate,United States,Hialeah,Florida,33012.0,South,Furniture,Chairs,1013.832,9.0,0.2,101.3832,0.1,sales
Standard Class,Consumer,United States,San Francisco,California,94122.0,West,Furniture,Tables,2003.52,6.0,0.2,-325.572,-0.1625,sales
Standard Class,Home Office,United States,Chula Vista,California,91911.0,West,Furniture,Furnishings,665.88,6.0,0.0,106.5408,0.16,sales
Second Class,Consumer,United States,Memphis,Tennessee,38109.0,South,Office Supplies,Storage,720.064,4.0,0.2,-63.0056,-0.08750000000000001,sales
Standard Class,Corporate,United States,Los Angeles,California,90045.0,West,Office Supplies,Storage,1085.42,7.0,0.0,282.2092,0.26,sales
First Class,Corporate,United States,Greensboro,North Carolina,27405.0,South,Furniture,Tables,523.764,3.0,0.4,-192.0468,-0.36666666666666664,sales
First Class,Corporate,United States,Greensboro,North Carolina,27405.0,South,Technology,Phones,1359.96,5.0,0.2,118.9965,0.0875,sales
Standard Class,Corporate,United States,Plantation,Florida,33317.0,South,Furniture,Chairs,523.92,5.0,0.2,-72.039,-0.1375,sales
Same Day,Consumer,United States,Jacksonville,Florida,32216.0,South,Technology,Phones,823.96,5.0,0.2,51.4975,0.0625,sales
Standard Class,Consumer,United States,Mobile,Alabama,36608.0,South,Furniture,Tables,801.96,2.0,0.0,200.49,0.25,sales
Standard Class,Consumer,United States,Mobile,Alabama,36608.0,South,Furniture,Chairs,1056.86,7.0,0.0,306.4894,0.29000000000000004,sales
Standard Class,Consumer,United States,New York City,New York,10011.0,East,Office Supplies,Storage,991.2,6.0,0.0,257.712,0.25999999999999995,sales
Standard Class,Consumer,United States,New York City,New York,10011.0,East,Technology,Copiers,879.984,2.0,0.2,329.994,0.375,sales
Standard Class,Corporate,United States,Detroit,Michigan,48234.0,Central,Furniture,Chairs,1458.65,5.0,0.0,423.0085,0.29,sales
Same Day,Corporate,United States,Columbus,Ohio,43229.0,East,Technology,Phones,1049.97,5.0,0.4,-209.994,-0.19999999999999998,sales
Same Day,Corporate,United States,Columbus,Ohio,43229.0,East,Furniture,Chairs,611.058,3.0,0.3,-34.9176,-0.05714285714285714,sales
Standard Class,Consumer,United States,North Las Vegas,Nevada,89031.0,West,Technology,Phones,911.984,2.0,0.2,113.998,0.125,sales
Standard Class,Consumer,United States,North Las Vegas,Nevada,89031.0,West,Furniture,Chairs,674.352,3.0,0.2,-109.5822,-0.1625,sales
First Class,Corporate,United States,Los Angeles,California,90049.0,West,Furniture,Bookcases,616.998,6.0,0.15,-36.294,-0.0588235294117647,sales
Second Class,Home Office,United States,Canton,Michigan,48187.0,Central,Office Supplies,Storage,501.81,3.0,0.0,0.0,0.0,sales
First Class,Consumer,United States,Fayetteville,Arkansas,72701.0,South,Office Supplies,Binders,691.96,4.0,0.0,318.3016,0.45999999999999996,sales
Second Class,Consumer,United States,San Antonio,Texas,78207.0,Central,Technology,Phones,823.96,5.0,0.2,51.4975,0.0625,sales
Second Class,Consumer,United States,San Diego,California,92105.0,West,Furniture,Chairs,842.352,3.0,0.2,42.1176,0.05,sales
Standard Class,Corporate,United States,Los Angeles,California,90036.0,West,Technology,Accessories,659.9,2.0,0.0,217.767,0.33,sales
Standard Class,Corporate,United States,Los Angeles,California,90036.0,West,Furniture,Chairs,1684.752,6.0,0.2,210.594,0.125,sales
Standard Class,Corporate,United States,Los Angeles,California,90036.0,West,Technology,Accessories,559.92,8.0,0.0,190.3728,0.34,sales
Standard Class,Home Office,United States,Philadelphia,Pennsylvania,19143.0,East,Office Supplies,Storage,563.808,4.0,0.2,21.1428,0.037500000000000006,sales
Standard Class,Home Office,United States,Philadelphia,Pennsylvania,19143.0,East,Furniture,Furnishings,547.136,4.0,0.2,-68.392,-0.125,sales
Standard Class,Consumer,United States,Phoenix,Arizona,85023.0,West,Furniture,Tables,801.6,5.0,0.5,-448.896,-0.56,sales
Same Day,Consumer,United States,Greenwood,Indiana,46142.0,Central,Furniture,Chairs,1424.9,5.0,0.0,356.225,0.25,sales
Standard Class,Consumer,United States,Buffalo,New York,14215.0,East,Office Supplies,Supplies,835.17,7.0,0.0,16.7034,0.02,sales
Second Class,Consumer,United States,Los Angeles,California,90045.0,West,Technology,Copiers,2799.96,5.0,0.2,944.9865,0.33749999999999997,sales
Standard Class,Home Office,United States,Plainfield,New Jersey,7060.0,East,Office Supplies,Storage,2591.56,4.0,0.0,621.9744,0.24,sales
Standard Class,Consumer,United States,Kenosha,Wisconsin,53142.0,Central,Furniture,Bookcases,512.94,3.0,0.0,97.4586,0.18999999999999997,sales
Standard Class,Consumer,United States,Kenosha,Wisconsin,53142.0,Central,Furniture,Chairs,860.93,7.0,0.0,189.4046,0.22,sales
Standard Class,Consumer,United States,Kenosha,Wisconsin,53142.0,Central,Technology,Phones,769.95,5.0,0.0,223.2855,0.29,sales
Standard Class,Consumer,United States,San Antonio,Texas,78207.0,Central,Furniture,Tables,637.896,3.0,0.3,-127.5792,-0.2,sales
Standard Class,Consumer,United States,Atlanta,Georgia,30318.0,South,Office Supplies,Appliances,542.94,3.0,0.0,152.0232,0.27999999999999997,sales
Standard Class,Consumer,United States,Chester,Pennsylvania,19013.0,East,Furniture,Chairs,853.93,5.0,0.3,0.0,0.0,sales
First Class,Corporate,United States,San Francisco,California,94110.0,West,Furniture,Bookcases,556.665,5.0,0.15,6.549,0.011764705882352943,sales
Standard Class,Corporate,United States,San Francisco,California,94110.0,West,Technology,Machines,767.952,6.0,0.2,287.982,0.37500000000000006,sales
First Class,Corporate,United States,New York City,New York,10035.0,East,Technology,Accessories,599.9,10.0,0.0,191.968,0.32,sales
Standard Class,Corporate,United States,Philadelphia,Pennsylvania,19134.0,East,Office Supplies,Storage,1801.632,6.0,0.2,-337.806,-0.18749999999999997,sales
Standard Class,Consumer,United States,Chicago,Illinois,60610.0,Central,Office Supplies,Storage,646.2,5.0,0.2,-8.0775,-0.0125,sales
Standard Class,Consumer,United States,Oakland,California,94601.0,West,Furniture,Chairs,572.16,3.0,0.2,35.76,0.0625,sales
Standard Class,Corporate,United States,Charlotte,North Carolina,28205.0,South,Technology,Phones,978.84,9.0,0.2,110.1195,0.1125,sales
Second Class,Home Office,United States,Indianapolis,Indiana,46203.0,Central,Technology,Copiers,999.98,2.0,0.0,449.991,0.44999999999999996,sales
First Class,Home Office,United States,Broken Arrow,Oklahoma,74012.0,Central,Technology,Phones,821.94,6.0,0.0,213.7044,0.25999999999999995,sales
Standard Class,Consumer,United States,Jonesboro,Arkansas,72401.0,South,Furniture,Bookcases,638.82,9.0,0.0,172.4814,0.27,sales
Standard Class,Consumer,United States,Florence,Kentucky,41042.0,South,Technology,Machines,3080.0,7.0,0.0,1416.8,0.45999999999999996,sales
Standard Class,Consumer,United States,Florence,Kentucky,41042.0,South,Technology,Phones,587.97,3.0,0.0,170.5113,0.29,sales
Standard Class,Consumer,United States,Minneapolis,Minnesota,55407.0,Central,Office Supplies,Binders,9449.95,5.0,0.0,4630.4755,0.48999999999999994,sales
First Class,Consumer,United States,Seattle,Washington,98105.0,West,Office Supplies,Binders,1219.96,5.0,0.2,381.2375,0.3125,sales
Standard Class,Consumer,United States,Charlotte,North Carolina,28205.0,South,Technology,Machines,2624.985,3.0,0.5,-944.9946,-0.36,sales
Standard Class,Home Office,United States,Los Angeles,California,90036.0,West,Office Supplies,Storage,1575.14,7.0,0.0,204.7682,0.13,sales
Standard Class,Consumer,United States,New York City,New York,10035.0,East,Technology,Phones,539.97,3.0,0.0,134.9925,0.25,sales
Standard Class,Consumer,United States,Dover,New Hampshire,3820.0,East,Office Supplies,Binders,671.94,3.0,0.0,315.8118,0.47,sales
Standard Class,Corporate,United States,Columbia,South Carolina,29203.0,South,Technology,Phones,629.95,5.0,0.0,163.787,0.26,sales
Standard Class,Consumer,United States,Newark,Delaware,19711.0,East,Technology,Copiers,10499.97,3.0,0.0,5039.9856,0.48000000000000004,sales
Standard Class,Corporate,United States,Boise,Idaho,83704.0,West,Furniture,Tables,696.42,2.0,0.0,160.1766,0.23000000000000004,sales
Same Day,Home Office,United States,New York City,New York,10024.0,East,Technology,Copiers,799.984,2.0,0.2,249.995,0.3125,sales
Second Class,Consumer,United States,Cranston,Rhode Island,2920.0,East,Furniture,Chairs,1604.9,5.0,0.0,481.47,0.3,sales
First Class,Corporate,United States,San Francisco,California,94110.0,West,Technology,Machines,4799.984,2.0,0.2,359.9988,0.075,sales
Standard Class,Home Office,United States,Baltimore,Maryland,21215.0,East,Furniture,Furnishings,1049.2,5.0,0.0,272.792,0.25999999999999995,sales
Second Class,Consumer,United States,Fairfield,Connecticut,6824.0,East,Furniture,Chairs,751.92,4.0,0.0,150.384,0.19999999999999998,sales
Same Day,Corporate,United States,New York City,New York,10011.0,East,Furniture,Chairs,887.103,7.0,0.1,177.4206,0.2,sales
Standard Class,Consumer,United States,Houston,Texas,77036.0,Central,Furniture,Tables,863.128,8.0,0.3,-160.2952,-0.1857142857142857,sales
Standard Class,Consumer,United States,Houston,Texas,77036.0,Central,Furniture,Bookcases,956.6648,7.0,0.32,-225.0976,-0.23529411764705882,sales
Second Class,Consumer,United States,Seattle,Washington,98115.0,West,Furniture,Tables,871.4,4.0,0.0,148.138,0.17,sales
Standard Class,Corporate,United States,Jackson,Tennessee,38301.0,South,Furniture,Furnishings,692.472,11.0,0.2,190.4298,0.275,sales
Standard Class,Corporate,United States,Lakewood,New Jersey,8701.0,East,Technology,Machines,9099.93,7.0,0.0,2365.9818,0.26,sales
First Class,Consumer,United States,Indianapolis,Indiana,46203.0,Central,Office Supplies,Binders,1103.97,3.0,0.0,496.7865,0.44999999999999996,sales
Second Class,Home Office,United States,Los Angeles,California,90004.0,West,Furniture,Tables,896.328,9.0,0.2,22.4082,0.025,sales
Second Class,Consumer,United States,Tallahassee,Florida,32303.0,South,Technology,Phones,4367.896,13.0,0.2,327.5922,0.075,sales
Standard Class,Consumer,United States,Los Angeles,California,90045.0,West,Technology,Phones,666.344,7.0,0.2,66.6344,0.09999999999999999,sales
Standard Class,Consumer,United States,Los Angeles,California,90045.0,West,Furniture,Tables,573.728,4.0,0.2,-64.5444,-0.1125,sales
Standard Class,Consumer,United States,Arlington,Virginia,22204.0,South,Office Supplies,Storage,544.38,3.0,0.0,157.8702,0.29000000000000004,sales
First Class,Consumer,United States,San Francisco,California,94110.0,West,Technology,Phones,657.504,6.0,0.2,-131.5008,-0.19999999999999998,sales
Standard Class,Consumer,United States,New Rochelle,New York,10801.0,East,Furniture,Chairs,631.782,2.0,0.1,140.396,0.22222222222222218,sales
Second Class,Consumer,United States,Clarksville,Tennessee,37042.0,South,Office Supplies,Binders,1598.058,7.0,0.7,-1065.372,-0.6666666666666667,sales
Same Day,Consumer,United States,Aurora,Illinois,60505.0,Central,Furniture,Chairs,520.464,2.0,0.3,-14.8704,-0.028571428571428567,sales
Second Class,Consumer,United States,Fargo,North Dakota,58103.0,Central,Office Supplies,Storage,704.76,4.0,0.0,162.0948,0.22999999999999998,sales
Standard Class,Home Office,United States,San Gabriel,California,91776.0,West,Furniture,Chairs,1487.04,5.0,0.2,148.704,0.1,sales
Standard Class,Consumer,United States,Highland Park,Illinois,60035.0,Central,Furniture,Bookcases,913.43,5.0,0.3,-52.196,-0.05714285714285714,sales
First Class,Consumer,United States,New York City,New York,10035.0,East,Technology,Phones,1259.97,3.0,0.0,327.5922,0.26,sales
Same Day,Consumer,United States,Columbia,Maryland,21044.0,East,Office Supplies,Appliances,901.95,3.0,0.0,297.6435,0.33,sales
Same Day,Consumer,United States,Columbia,Maryland,21044.0,East,Furniture,Furnishings,971.5,5.0,0.0,252.59,0.26,sales
First Class,Consumer,United States,New York City,New York,10024.0,East,Technology,Phones,617.97,3.0,0.0,160.6722,0.26,sales
Standard Class,Consumer,United States,San Francisco,California,94122.0,West,Technology,Phones,575.92,2.0,0.2,71.99,0.125,sales
Standard Class,Consumer,United States,Tulsa,Oklahoma,74133.0,Central,Furniture,Chairs,1805.88,6.0,0.0,523.7052,0.29,sales
Second Class,Consumer,United States,Henderson,Kentucky,42420.0,South,Furniture,Tables,842.94,3.0,0.0,160.1586,0.19,sales
Standard Class,Consumer,United States,Westland,Michigan,48185.0,Central,Office Supplies,Storage,965.85,5.0,0.0,135.219,0.13999999999999999,sales
First Class,Consumer,United States,San Francisco,California,94109.0,West,Furniture,Bookcases,1279.165,5.0,0.15,225.735,0.17647058823529413,sales
Standard Class,Consumer,United States,Denver,Colorado,80219.0,West,Office Supplies,Supplies,1332.496,2.0,0.2,-299.8116,-0.22499999999999998,sales
Second Class,Consumer,United States,Columbus,Ohio,43229.0,East,Technology,Copiers,659.988,2.0,0.4,109.998,0.16666666666666666,sales
Second Class,Consumer,United States,Columbus,Ohio,43229.0,East,Furniture,Chairs,909.72,6.0,0.3,-51.984,-0.05714285714285714,sales
Standard Class,Consumer,United States,Los Angeles,California,90032.0,West,Furniture,Bookcases,917.9235,9.0,0.15,75.5937,0.08235294117647059,sales
Standard Class,Consumer,United States,Philadelphia,Pennsylvania,19140.0,East,Office Supplies,Binders,631.176,4.0,0.7,-462.8624,-0.7333333333333333,sales
Standard Class,Home Office,United States,Los Angeles,California,90045.0,West,Technology,Phones,818.376,3.0,0.2,51.1485,0.0625,sales
Standard Class,Corporate,United States,Jacksonville,Florida,32216.0,South,Office Supplies,Storage,1347.52,8.0,0.2,84.22,0.0625,sales
Second Class,Consumer,United States,Chicago,Illinois,60610.0,Central,Technology,Phones,537.544,7.0,0.2,53.7544,0.09999999999999999,sales
Second Class,Consumer,United States,Chicago,Illinois,60610.0,Central,Technology,Phones,659.168,4.0,0.2,49.4376,0.07500000000000001,sales
Standard Class,Home Office,United States,Jackson,Michigan,49201.0,Central,Technology,Phones,657.93,7.0,0.0,184.2204,0.28,sales
Second Class,Home Office,United States,Danville,California,94526.0,West,Office Supplies,Binders,590.352,6.0,0.2,206.6232,0.35000000000000003,sales
Standard Class,Corporate,United States,Los Angeles,California,90004.0,West,Furniture,Tables,902.712,3.0,0.2,33.8517,0.0375,sales
Standard Class,Consumer,United States,Rochester,New York,14609.0,East,Office Supplies,Storage,535.41,3.0,0.0,160.623,0.3,sales
Standard Class,Home Office,United States,Everett,Massachusetts,2149.0,East,Technology,Phones,589.9,2.0,0.0,147.475,0.25,sales
Standard Class,Home Office,United States,Everett,Massachusetts,2149.0,East,Furniture,Chairs,542.94,3.0,0.0,141.1644,0.25999999999999995,sales
First Class,Home Office,United States,Los Angeles,California,90049.0,West,Technology,Copiers,2879.952,6.0,0.2,1007.9832,0.35,sales
Standard Class,Corporate,United States,San Francisco,California,94122.0,West,Furniture,Bookcases,586.398,6.0,0.15,34.494,0.058823529411764705,sales
Standard Class,Consumer,United States,Newport News,Virginia,23602.0,South,Technology,Copiers,1599.92,8.0,0.0,751.9624,0.47,sales
Second Class,Consumer,United States,Fort Collins,Colorado,80525.0,West,Furniture,Chairs,579.136,4.0,0.2,-28.9568,-0.05,sales
Standard Class,Consumer,United States,Seattle,Washington,98105.0,West,Technology,Machines,558.4,2.0,0.2,41.88,0.07500000000000001,sales
Standard Class,Consumer,United States,Philadelphia,Pennsylvania,19140.0,East,Furniture,Chairs,844.116,6.0,0.3,-36.1764,-0.04285714285714286,sales
Standard Class,Corporate,United States,Fort Worth,Texas,76106.0,Central,Furniture,Bookcases,623.4648,7.0,0.32,-119.1918,-0.1911764705882353,sales
Standard Class,Corporate,United States,Fort Worth,Texas,76106.0,Central,Office Supplies,Storage,772.68,5.0,0.2,-57.951,-0.07500000000000001,sales
Standard Class,Consumer,United States,Detroit,Michigan,48205.0,Central,Technology,Phones,635.96,4.0,0.0,165.3496,0.26,sales
Same Day,Consumer,United States,Raleigh,North Carolina,27604.0,South,Technology,Phones,863.928,9.0,0.2,86.3928,0.09999999999999999,sales
Same Day,Consumer,United States,Detroit,Michigan,48205.0,Central,Furniture,Chairs,546.66,9.0,0.0,136.665,0.25,sales
First Class,Consumer,United States,Los Angeles,California,90049.0,West,Office Supplies,Binders,895.92,5.0,0.2,302.373,0.3375,sales
Second Class,Home Office,United States,Seattle,Washington,98115.0,West,Furniture,Tables,521.96,2.0,0.0,88.7332,0.16999999999999998,sales
Second Class,Home Office,United States,Los Angeles,California,90004.0,West,Office Supplies,Storage,947.17,7.0,0.0,9.4717,0.01,sales
Standard Class,Home Office,United States,Apopka,Florida,32712.0,South,Office Supplies,Appliances,671.544,3.0,0.2,50.3658,0.075,sales
Second Class,Home Office,United States,New York City,New York,10009.0,East,Office Supplies,Storage,1117.92,4.0,0.0,55.896,0.049999999999999996,sales
Standard Class,Corporate,United States,New York City,New York,10035.0,East,Furniture,Chairs,658.746,3.0,0.1,146.388,0.22222222222222224,sales
First Class,Corporate,United States,Spokane,Washington,99207.0,West,Technology,Machines,837.6,3.0,0.2,62.82,0.075,sales
Standard Class,Consumer,United States,New York City,New York,10009.0,East,Technology,Phones,783.96,4.0,0.0,219.5088,0.27999999999999997,sales
Second Class,Consumer,United States,Avondale,Arizona,85323.0,West,Technology,Phones,742.336,8.0,0.2,83.5128,0.1125,sales
Standard Class,Consumer,United States,Houston,Texas,77070.0,Central,Furniture,Chairs,683.144,4.0,0.3,0.0,0.0,sales
Second Class,Consumer,United States,Philadelphia,Pennsylvania,19134.0,East,Technology,Copiers,1199.976,4.0,0.4,179.9964,0.15,sales
Standard Class,Consumer,United States,Pasco,Washington,99301.0,West,Furniture,Chairs,975.92,5.0,0.2,121.99,0.125,sales
Standard Class,Corporate,United States,Morristown,New Jersey,7960.0,East,Office Supplies,Binders,1793.98,2.0,0.0,843.1706,0.47000000000000003,sales
Second Class,Home Office,United States,Austin,Texas,78745.0,Central,Technology,Phones,758.352,6.0,0.2,265.4232,0.35000000000000003,sales
Standard Class,Consumer,United States,Seattle,Washington,98103.0,West,Furniture,Chairs,2404.704,6.0,0.2,150.294,0.0625,sales
Standard Class,Consumer,United States,Seattle,Washington,98103.0,West,Office Supplies,Binders,563.024,11.0,0.2,190.0206,0.3375,sales
Second Class,Corporate,United States,Henderson,Kentucky,42420.0,South,Furniture,Chairs,975.92,4.0,0.0,292.776,0.30000000000000004,sales
Second Class,Corporate,United States,Henderson,Kentucky,42420.0,South,Technology,Accessories,2249.91,9.0,0.0,517.4793,0.23,sales
Second Class,Corporate,United States,Marietta,Georgia,30062.0,South,Office Supplies,Storage,1126.02,3.0,0.0,56.301,0.05,sales
Second Class,Corporate,United States,Marietta,Georgia,30062.0,South,Office Supplies,Storage,1263.3,6.0,0.0,315.825,0.25,sales
Standard Class,Corporate,United States,Seattle,Washington,98103.0,West,Office Supplies,Storage,1117.92,4.0,0.0,55.896,0.049999999999999996,sales
Second Class,Corporate,United States,Houston,Texas,77070.0,Central,Furniture,Chairs,674.058,3.0,0.3,-19.2588,-0.028571428571428574,sales
Second Class,Home Office,United States,Huntsville,Alabama,35810.0,South,Office Supplies,Paper,629.1,6.0,0.0,301.968,0.48000000000000004,sales
Standard Class,Home Office,United States,Fairfield,Connecticut,6824.0,East,Furniture,Chairs,897.15,3.0,0.0,251.202,0.28,sales
Standard Class,Consumer,United States,San Francisco,California,94109.0,West,Office Supplies,Storage,1325.85,5.0,0.0,238.653,0.18,sales
Standard Class,Consumer,United States,Wilmington,Delaware,19805.0,East,Furniture,Chairs,1268.82,9.0,0.0,266.4522,0.21000000000000002,sales
Second Class,Corporate,United States,Jacksonville,Florida,32216.0,South,Technology,Accessories,717.12,9.0,0.2,152.388,0.2125,sales
First Class,Consumer,United States,New York City,New York,10024.0,East,Technology,Phones,773.94,6.0,0.0,224.4426,0.29,sales
Standard Class,Home Office,United States,Colorado Springs,Colorado,80906.0,West,Furniture,Chairs,1325.76,6.0,0.2,149.148,0.1125,sales
Standard Class,Home Office,United States,San Francisco,California,94110.0,West,Technology,Phones,689.408,4.0,0.2,77.5584,0.1125,sales
Standard Class,Corporate,United States,Chicago,Illinois,60653.0,Central,Office Supplies,Binders,1889.99,5.0,0.8,-2929.4845,-1.55,sales
Second Class,Corporate,United States,Richmond,Indiana,47374.0,Central,Office Supplies,Storage,714.3,5.0,0.0,207.147,0.29,sales
Standard Class,Home Office,United States,New York City,New York,10035.0,East,Technology,Machines,2321.9,2.0,0.0,1114.512,0.48,sales
Standard Class,Corporate,United States,Philadelphia,Pennsylvania,19134.0,East,Technology,Phones,791.964,6.0,0.4,-131.994,-0.16666666666666666,sales
Standard Class,Consumer,United States,Toledo,Ohio,43615.0,East,Technology,Phones,1502.376,4.0,0.4,-250.396,-0.16666666666666666,sales
First Class,Consumer,United States,Los Angeles,California,90008.0,West,Technology,Accessories,772.47,3.0,0.0,146.7693,0.18999999999999997,sales
Standard Class,Consumer,United States,San Diego,California,92037.0,West,Technology,Accessories,772.47,3.0,0.0,146.7693,0.18999999999999997,sales
Second Class,Home Office,United States,Milwaukee,Wisconsin,53209.0,Central,Furniture,Bookcases,687.4,5.0,0.0,48.118,0.07,sales
Standard Class,Corporate,United States,Seattle,Washington,98115.0,West,Furniture,Tables,653.55,3.0,0.0,111.1035,0.17,sales
First Class,Corporate,United States,Wilmington,Delaware,19805.0,East,Technology,Phones,716.0,2.0,0.0,193.32,0.27,sales
Second Class,Consumer,United States,Los Angeles,California,90036.0,West,Office Supplies,Storage,720.76,4.0,0.0,187.3976,0.26,sales
Second Class,Consumer,United States,Dallas,Texas,75217.0,Central,Furniture,Bookcases,1352.3976,9.0,0.32,-437.5404,-0.32352941176470584,sales
Second Class,Consumer,United States,Georgetown,Kentucky,40324.0,South,Technology,Phones,699.98,2.0,0.0,195.9944,0.28,sales
Second Class,Consumer,United States,Georgetown,Kentucky,40324.0,South,Office Supplies,Storage,584.82,9.0,0.0,70.1784,0.11999999999999998,sales
Standard Class,Consumer,United States,Burlington,North Carolina,27217.0,South,Furniture,Tables,1781.682,7.0,0.4,-653.2834,-0.3666666666666667,sales
Standard Class,Home Office,United States,Trenton,Michigan,48183.0,Central,Technology,Copiers,549.99,1.0,0.0,274.995,0.5,sales
Second Class,Consumer,United States,Houston,Texas,77070.0,Central,Furniture,Tables,744.1,5.0,0.3,-95.67,-0.12857142857142856,sales
Standard Class,Consumer,United States,Oceanside,New York,11572.0,East,Technology,Machines,629.93,7.0,0.0,296.0671,0.47000000000000003,sales
Same Day,Consumer,United States,New York City,New York,10009.0,East,Technology,Machines,2799.96,4.0,0.0,1371.9804,0.49,sales
Same Day,Consumer,United States,New York City,New York,10009.0,East,Office Supplies,Appliances,601.3,2.0,0.0,198.429,0.33,sales
Standard Class,Consumer,United States,New York City,New York,10009.0,East,Furniture,Chairs,1317.492,6.0,0.1,292.776,0.22222222222222224,sales
Standard Class,Home Office,United States,Chandler,Arizona,85224.0,West,Furniture,Chairs,842.376,3.0,0.2,105.297,0.125,sales
Same Day,Consumer,United States,Long Beach,New York,11561.0,East,Technology,Phones,1214.85,3.0,0.0,352.3065,0.29000000000000004,sales
Second Class,Home Office,United States,Chicago,Illinois,60653.0,Central,Technology,Phones,1001.584,2.0,0.2,125.198,0.125,sales
Second Class,Home Office,United States,Chicago,Illinois,60653.0,Central,Furniture,Chairs,569.058,3.0,0.3,-178.8468,-0.3142857142857143,sales
Standard Class,Corporate,United States,Seattle,Washington,98103.0,West,Furniture,Bookcases,1367.84,8.0,0.0,259.8896,0.19,sales
Standard Class,Consumer,United States,Midland,Michigan,48640.0,Central,Furniture,Chairs,563.94,3.0,0.0,112.788,0.19999999999999998,sales
Standard Class,Consumer,United States,Midland,Michigan,48640.0,Central,Office Supplies,Storage,535.41,3.0,0.0,160.623,0.3,sales
Second Class,Corporate,United States,Detroit,Michigan,48205.0,Central,Furniture,Chairs,3504.9,5.0,0.0,700.98,0.2,sales
Standard Class,Consumer,United States,Jacksonville,Florida,32216.0,South,Office Supplies,Storage,1801.632,6.0,0.2,-337.806,-0.18749999999999997,sales
Standard Class,Home Office,United States,Philadelphia,Pennsylvania,19140.0,East,Technology,Phones,748.752,8.0,0.4,-162.2296,-0.21666666666666667,sales
Standard Class,Consumer,United States,Columbus,Indiana,47201.0,Central,Furniture,Chairs,1516.2,7.0,0.0,394.212,0.26,sales
Standard Class,Consumer,United States,Round Rock,Texas,78664.0,Central,Office Supplies,Supplies,3930.072,3.0,0.2,-786.0144,-0.2,sales
Second Class,Home Office,United States,Springfield,Missouri,65807.0,Central,Office Supplies,Appliances,706.86,7.0,0.0,197.9208,0.28,sales
Second Class,Consumer,United States,Fresno,California,93727.0,West,Furniture,Tables,697.16,5.0,0.2,8.7145,0.012499999999999999,sales
Standard Class,Corporate,United States,Texarkana,Arkansas,71854.0,South,Furniture,Chairs,605.34,6.0,0.0,145.2816,0.24,sales
Second Class,Consumer,United States,Burlington,Vermont,5408.0,East,Furniture,Chairs,715.2,3.0,0.0,178.8,0.25,sales
Standard Class,Consumer,United States,Houston,Texas,77036.0,Central,Furniture,Chairs,966.7,5.0,0.3,-13.81,-0.014285714285714285,sales
Standard Class,Consumer,United States,Yonkers,New York,10701.0,East,Technology,Phones,543.92,8.0,0.0,135.98,0.25,sales
Standard Class,Corporate,United States,Springfield,Virginia,22153.0,South,Furniture,Tables,2275.5,10.0,0.0,386.835,0.16999999999999998,sales
Standard Class,Corporate,United States,Springfield,Virginia,22153.0,South,Technology,Accessories,1979.7,6.0,0.0,653.301,0.33,sales
First Class,Consumer,United States,Houston,Texas,77095.0,Central,Office Supplies,Binders,1525.188,6.0,0.8,-2287.782,-1.5,sales
First Class,Home Office,United States,Knoxville,Tennessee,37918.0,South,Furniture,Tables,2314.116,7.0,0.4,-1002.7836,-0.43333333333333335,sales
Second Class,Consumer,United States,Oceanside,New York,11572.0,East,Technology,Accessories,899.95,5.0,0.0,53.997,0.06,sales
Second Class,Consumer,United States,Los Angeles,California,90045.0,West,Office Supplies,Storage,725.84,4.0,0.0,210.4936,0.29,sales
First Class,Corporate,United States,Dallas,Texas,75217.0,Central,Office Supplies,Storage,720.76,5.0,0.2,54.057,0.075,sales
Standard Class,Consumer,United States,Philadelphia,Pennsylvania,19143.0,East,Technology,Phones,545.916,14.0,0.4,72.7888,0.1333333333333333,sales
Standard Class,Corporate,United States,Wilmington,Delaware,19805.0,East,Furniture,Bookcases,1025.88,6.0,0.0,235.9524,0.22999999999999998,sales
Standard Class,Consumer,United States,Los Angeles,California,90004.0,West,Furniture,Bookcases,556.665,5.0,0.15,6.549,0.011764705882352943,sales
First Class,Consumer,United States,Los Angeles,California,90045.0,West,Technology,Accessories,1649.95,5.0,0.0,659.98,0.4,sales
Same Day,Home Office,United States,Los Angeles,California,90036.0,West,Furniture,Bookcases,599.165,5.0,0.15,35.245,0.058823529411764705,sales
Standard Class,Home Office,United States,Los Angeles,California,90008.0,West,Office Supplies,Appliances,1640.7,5.0,0.0,459.396,0.28,sales
Standard Class,Consumer,United States,New York City,New York,10035.0,East,Office Supplies,Binders,588.784,2.0,0.2,183.995,0.3125,sales
Second Class,Consumer,United States,San Francisco,California,94122.0,West,Furniture,Tables,1478.272,8.0,0.2,92.392,0.0625,sales
First Class,Home Office,United States,San Diego,California,92105.0,West,Furniture,Chairs,585.552,3.0,0.2,73.194,0.125,sales
Same Day,Corporate,United States,Fremont,Nebraska,68025.0,Central,Office Supplies,Storage,750.68,2.0,0.0,37.534,0.05,sales
Second Class,Consumer,United States,New York City,New York,10024.0,East,Furniture,Chairs,664.146,6.0,0.1,88.5528,0.13333333333333336,sales
Standard Class,Corporate,United States,Philadelphia,Pennsylvania,19140.0,East,Technology,Phones,859.2,4.0,0.4,-186.16,-0.21666666666666665,sales
Second Class,Corporate,United States,Huntsville,Alabama,35810.0,South,Technology,Accessories,1319.96,4.0,0.0,527.984,0.4,sales
Standard Class,Consumer,United States,Omaha,Nebraska,68104.0,Central,Technology,Phones,2479.96,4.0,0.0,743.988,0.30000000000000004,sales
Standard Class,Consumer,United States,North Las Vegas,Nevada,89031.0,West,Office Supplies,Storage,1325.85,5.0,0.0,238.653,0.18,sales
Second Class,Corporate,United States,Atlanta,Georgia,30318.0,South,Technology,Copiers,2999.95,5.0,0.0,1439.976,0.4800000000000001,sales
Same Day,Home Office,United States,Chicago,Illinois,60610.0,Central,Technology,Copiers,959.984,2.0,0.2,335.9944,0.35,sales
Standard Class,Home Office,United States,New York City,New York,10011.0,East,Technology,Phones,546.06,3.0,0.0,163.818,0.30000000000000004,sales
Standard Class,Corporate,United States,New York City,New York,10011.0,East,Office Supplies,Binders,590.352,6.0,0.2,206.6232,0.35000000000000003,sales
Standard Class,Consumer,United States,Monroe,Louisiana,71203.0,South,Technology,Accessories,659.9,2.0,0.0,217.767,0.33,sales
Standard Class,Corporate,United States,Seattle,Washington,98105.0,West,Technology,Accessories,843.9,2.0,0.0,371.316,0.44,sales
Standard Class,Corporate,United States,Seattle,Washington,98105.0,West,Technology,Accessories,1496.16,9.0,0.0,224.424,0.15,sales
Standard Class,Corporate,United States,New York City,New York,10035.0,East,Office Supplies,Appliances,1040.8,5.0,0.0,281.016,0.27,sales
Standard Class,Corporate,United States,La Crosse,Wisconsin,54601.0,Central,Technology,Accessories,499.95,5.0,0.0,174.9825,0.35,sales
Second Class,Home Office,United States,Seattle,Washington,98115.0,West,Furniture,Tables,2348.82,9.0,0.0,399.2994,0.16999999999999998,sales
Second Class,Home Office,United States,Philadelphia,Pennsylvania,19143.0,East,Furniture,Tables,815.292,9.0,0.4,-339.705,-0.41666666666666663,sales
Standard Class,Consumer,United States,Chesapeake,Virginia,23320.0,South,Furniture,Tables,1256.22,6.0,0.0,75.3732,0.06,sales
Standard Class,Consumer,United States,San Diego,California,92024.0,West,Furniture,Chairs,1325.76,6.0,0.2,149.148,0.1125,sales
Standard Class,Consumer,United States,San Diego,California,92024.0,West,Furniture,Chairs,572.16,3.0,0.2,35.76,0.0625,sales
Second Class,Corporate,United States,Apple Valley,California,92307.0,West,Furniture,Bookcases,1194.165,5.0,0.15,210.735,0.17647058823529413,sales
Standard Class,Home Office,United States,Aurora,Colorado,80013.0,West,Office Supplies,Storage,511.056,9.0,0.2,-95.823,-0.1875,sales
Standard Class,Consumer,United States,Athens,Georgia,30605.0,South,Technology,Phones,1049.93,7.0,0.0,293.9804,0.27999999999999997,sales
Standard Class,Corporate,United States,Baltimore,Maryland,21215.0,East,Furniture,Chairs,542.94,3.0,0.0,141.1644,0.25999999999999995,sales
Standard Class,Consumer,United States,New York City,New York,10024.0,East,Technology,Copiers,2799.944,7.0,0.2,1014.9797,0.3625,sales
Second Class,Corporate,United States,Ann Arbor,Michigan,48104.0,Central,Technology,Accessories,619.95,5.0,0.0,111.591,0.17999999999999997,sales
First Class,Corporate,United States,New York City,New York,10011.0,East,Technology,Accessories,899.91,9.0,0.0,395.9604,0.44,sales
Standard Class,Corporate,United States,Houston,Texas,77095.0,Central,Technology,Phones,946.344,7.0,0.2,118.293,0.125,sales
Standard Class,Consumer,United States,Madison,Wisconsin,53711.0,Central,Office Supplies,Appliances,1089.75,3.0,0.0,305.13,0.27999999999999997,sales
First Class,Corporate,United States,Milford,Connecticut,6460.0,East,Furniture,Bookcases,638.82,9.0,0.0,185.2578,0.29,sales
First Class,Corporate,United States,Fairfield,California,94533.0,West,Technology,Machines,532.72,2.0,0.2,53.272,0.09999999999999999,sales
First Class,Corporate,United States,Fairfield,California,94533.0,West,Office Supplies,Storage,795.48,7.0,0.0,7.9548,0.009999999999999998,sales
Standard Class,Consumer,United States,Richmond,Kentucky,40475.0,South,Furniture,Chairs,866.4,4.0,0.0,225.264,0.26,sales
Standard Class,Consumer,United States,Fort Worth,Texas,76106.0,Central,Technology,Copiers,1999.96,5.0,0.2,624.9875,0.31249999999999994,sales
First Class,Consumer,United States,Lake Forest,California,92630.0,West,Office Supplies,Appliances,542.94,3.0,0.0,152.0232,0.27999999999999997,sales
First Class,Corporate,United States,Long Beach,New York,11561.0,East,Furniture,Chairs,1448.82,10.0,0.1,209.274,0.14444444444444446,sales
Standard Class,Corporate,United States,Los Angeles,California,90032.0,West,Office Supplies,Appliances,1158.12,4.0,0.0,335.8548,0.29000000000000004,sales
Standard Class,Corporate,United States,Springfield,Missouri,65807.0,Central,Technology,Copiers,599.99,1.0,0.0,233.9961,0.39,sales
Standard Class,Consumer,United States,Los Angeles,California,90036.0,West,Furniture,Chairs,638.288,7.0,0.2,-31.9144,-0.05,sales
Second Class,Consumer,United States,New York City,New York,10011.0,East,Office Supplies,Storage,1395.54,9.0,0.0,362.8404,0.26,sales
First Class,Consumer,United States,El Paso,Texas,79907.0,Central,Technology,Phones,575.968,4.0,0.2,43.1976,0.07500000000000001,sales
Standard Class,Corporate,United States,San Diego,California,92037.0,West,Technology,Phones,1487.976,3.0,0.2,185.997,0.125,sales
Standard Class,Consumer,United States,Richmond,Indiana,47374.0,Central,Furniture,Tables,581.96,2.0,0.0,104.7528,0.17999999999999997,sales
Standard Class,Consumer,United States,San Diego,California,92105.0,West,Technology,Accessories,519.96,4.0,0.0,176.7864,0.33999999999999997,sales
Standard Class,Consumer,United States,San Diego,California,92105.0,West,Office Supplies,Storage,777.21,7.0,0.0,54.4047,0.06999999999999999,sales
Standard Class,Home Office,United States,Roseville,Minnesota,55113.0,Central,Office Supplies,Appliances,715.64,2.0,0.0,178.91,0.25,sales
Standard Class,Home Office,United States,Roseville,Minnesota,55113.0,Central,Office Supplies,Storage,795.51,3.0,0.0,143.1918,0.18,sales
Standard Class,Home Office,United States,Roseville,Minnesota,55113.0,Central,Technology,Copiers,549.99,1.0,0.0,274.995,0.5,sales
Second Class,Corporate,United States,Meriden,Connecticut,6450.0,East,Furniture,Chairs,1133.35,5.0,0.0,294.671,0.26,sales
Standard Class,Home Office,United States,Cheyenne,Wyoming,82001.0,West,Furniture,Chairs,1603.136,4.0,0.2,100.196,0.0625,sales
Same Day,Corporate,United States,Anaheim,California,92804.0,West,Furniture,Tables,1293.488,7.0,0.2,80.843,0.0625,sales
Standard Class,Corporate,United States,San Diego,California,92105.0,West,Furniture,Chairs,801.568,2.0,0.2,50.098,0.0625,sales
Standard Class,Corporate,United States,San Diego,California,92105.0,West,Furniture,Chairs,885.528,9.0,0.2,-99.6219,-0.11249999999999999,sales
Second Class,Corporate,United States,San Francisco,California,94109.0,West,Office Supplies,Supplies,4912.59,3.0,0.0,196.5036,0.04,sales
Standard Class,Consumer,United States,New York City,New York,10035.0,East,Furniture,Bookcases,4228.704,6.0,0.2,158.5764,0.037500000000000006,sales
Standard Class,Consumer,United States,New York City,New York,10035.0,East,Furniture,Bookcases,2003.92,5.0,0.2,-25.049,-0.012499999999999999,sales
Standard Class,Consumer,United States,New York City,New York,10035.0,East,Technology,Accessories,659.9,2.0,0.0,217.767,0.33,sales
Standard Class,Corporate,United States,Bellingham,Washington,98226.0,West,Technology,Accessories,1099.5,10.0,0.0,362.835,0.32999999999999996,sales
Standard Class,Corporate,United States,Decatur,Alabama,35601.0,South,Furniture,Tables,1215.92,8.0,0.0,316.1392,0.26,sales
First Class,Consumer,United States,Philadelphia,Pennsylvania,19120.0,East,Technology,Phones,683.988,2.0,0.4,-113.998,-0.16666666666666666,sales
First Class,Consumer,United States,Philadelphia,Pennsylvania,19120.0,East,Technology,Accessories,527.92,2.0,0.2,85.787,0.16250000000000003,sales
Second Class,Corporate,United States,Reading,Pennsylvania,19601.0,East,Furniture,Bookcases,521.96,4.0,0.5,-250.5408,-0.4799999999999999,sales
Second Class,Corporate,United States,San Francisco,California,94109.0,West,Office Supplies,Storage,676.55,5.0,0.0,6.7655,0.010000000000000002,sales
Second Class,Corporate,United States,San Francisco,California,94109.0,West,Furniture,Chairs,770.352,3.0,0.2,77.0352,0.1,sales
Second Class,Home Office,United States,Los Angeles,California,90004.0,West,Technology,Phones,575.928,9.0,0.2,57.5928,0.09999999999999999,sales
First Class,Consumer,United States,Mesa,Arizona,85204.0,West,Technology,Phones,552.0,10.0,0.2,34.5,0.0625,sales
Standard Class,Consumer,United States,Hattiesburg,Mississippi,39401.0,South,Furniture,Bookcases,504.9,5.0,0.0,126.225,0.25,sales
Standard Class,Consumer,United States,Los Angeles,California,90049.0,West,Office Supplies,Binders,2357.488,7.0,0.2,884.058,0.375,sales
Standard Class,Consumer,United States,Los Angeles,California,90049.0,West,Technology,Machines,2548.56,6.0,0.2,286.713,0.11250000000000002,sales
First Class,Home Office,United States,Los Angeles,California,90008.0,West,Technology,Phones,4158.912,8.0,0.2,363.9048,0.0875,sales
Second Class,Consumer,United States,Lancaster,Ohio,43130.0,East,Office Supplies,Appliances,646.272,8.0,0.2,64.6272,0.09999999999999999,sales
Standard Class,Corporate,United States,Los Angeles,California,90008.0,West,Technology,Phones,859.2,3.0,0.2,75.18,0.08750000000000001,sales
Standard Class,Corporate,United States,Los Angeles,California,90008.0,West,Technology,Machines,506.28,3.0,0.2,177.198,0.35000000000000003,sales
Standard Class,Home Office,United States,Minneapolis,Minnesota,55407.0,Central,Furniture,Tables,692.94,3.0,0.0,173.235,0.25,sales
Standard Class,Corporate,United States,Miami,Florida,33142.0,South,Office Supplies,Binders,1345.485,5.0,0.7,-1031.5385,-0.7666666666666668,sales
Second Class,Consumer,United States,San Diego,California,92037.0,West,Technology,Copiers,1199.96,5.0,0.2,224.9925,0.1875,sales
Standard Class,Home Office,United States,Lakewood,California,90712.0,West,Furniture,Chairs,518.272,8.0,0.2,-97.176,-0.1875,sales
Standard Class,Consumer,United States,New York City,New York,10035.0,East,Furniture,Chairs,2888.127,11.0,0.1,609.7157,0.2111111111111111,sales
Standard Class,Consumer,United States,New York City,New York,10035.0,East,Technology,Phones,1299.66,2.0,0.0,350.9082,0.27,sales
Standard Class,Consumer,United States,New York City,New York,10035.0,East,Furniture,Chairs,2254.41,5.0,0.1,375.735,0.16666666666666669,sales
Standard Class,Consumer,United States,Parma,Ohio,44134.0,East,Furniture,Chairs,1474.802,7.0,0.3,-21.0686,-0.014285714285714287,sales
Standard Class,Consumer,United States,Parma,Ohio,44134.0,East,Furniture,Chairs,1537.074,9.0,0.3,0.0,0.0,sales
Standard Class,Home Office,United States,New York City,New York,10011.0,East,Technology,Phones,2279.96,4.0,0.0,592.7896,0.25999999999999995,sales
Standard Class,Home Office,United States,New York City,New York,10011.0,East,Furniture,Chairs,767.214,14.0,0.1,161.9674,0.21111111111111108,sales
Second Class,Home Office,United States,San Francisco,California,94110.0,West,Furniture,Bookcases,1198.33,10.0,0.15,70.49,0.058823529411764705,sales
Standard Class,Consumer,United States,Los Angeles,California,90049.0,West,Office Supplies,Storage,772.68,4.0,0.0,108.1752,0.14,sales
Standard Class,Home Office,United States,Springfield,Missouri,65807.0,Central,Office Supplies,Storage,838.38,2.0,0.0,226.3626,0.26999999999999996,sales
Standard Class,Consumer,United States,Columbia,South Carolina,29203.0,South,Furniture,Chairs,1690.04,4.0,0.0,422.51,0.25,sales
Standard Class,Consumer,United States,Columbia,South Carolina,29203.0,South,Technology,Phones,629.95,5.0,0.0,176.386,0.27999999999999997,sales
Standard Class,Consumer,United States,Columbia,South Carolina,29203.0,South,Office Supplies,Storage,887.84,8.0,0.0,17.7568,0.019999999999999997,sales
Standard Class,Consumer,United States,New York City,New York,10035.0,East,Furniture,Furnishings,799.56,9.0,0.0,207.8856,0.26,sales
Standard Class,Consumer,United States,Evanston,Illinois,60201.0,Central,Technology,Copiers,1439.968,4.0,0.2,485.9892,0.33749999999999997,sales
Standard Class,Consumer,United States,Apple Valley,California,92307.0,West,Furniture,Chairs,563.92,5.0,0.2,7.049,0.012500000000000002,sales
Standard Class,Corporate,United States,Seattle,Washington,98103.0,West,Office Supplies,Binders,2793.528,9.0,0.2,942.8157,0.3375,sales
Standard Class,Corporate,United States,Seattle,Washington,98103.0,West,Office Supplies,Storage,1000.02,7.0,0.0,290.0058,0.29000000000000004,sales
Same Day,Consumer,United States,Seattle,Washington,98105.0,West,Office Supplies,Binders,1471.96,5.0,0.2,459.9875,0.3125,sales
Standard Class,Corporate,United States,Oakland,California,94601.0,West,Furniture,Chairs,1159.056,9.0,0.2,43.4646,0.0375,sales
Standard Class,Corporate,United States,Los Angeles,California,90049.0,West,Furniture,Chairs,563.24,5.0,0.2,56.324,0.09999999999999999,sales
Standard Class,Corporate,United States,Lakewood,Ohio,44107.0,East,Furniture,Tables,661.176,2.0,0.4,-231.4116,-0.35,sales
Standard Class,Corporate,United States,San Francisco,California,94122.0,West,Furniture,Tables,502.488,3.0,0.2,-87.9354,-0.17500000000000002,sales
Second Class,Home Office,United States,Chico,California,95928.0,West,Furniture,Chairs,915.136,4.0,0.2,102.9528,0.1125,sales
First Class,Consumer,United States,Salem,Virginia,24153.0,South,Furniture,Chairs,701.96,2.0,0.0,168.4704,0.24,sales
Standard Class,Corporate,United States,Beverly,Massachusetts,1915.0,East,Office Supplies,Appliances,1737.18,6.0,0.0,503.7822,0.29,sales
Standard Class,Corporate,United States,Beverly,Massachusetts,1915.0,East,Office Supplies,Storage,704.25,5.0,0.0,84.51,0.12000000000000001,sales
Second Class,Corporate,United States,Eugene,Oregon,97405.0,West,Furniture,Chairs,650.352,3.0,0.2,-97.5528,-0.15000000000000002,sales
Second Class,Corporate,United States,Eugene,Oregon,97405.0,West,Office Supplies,Labels,629.184,8.0,0.2,228.0792,0.3625,sales
Standard Class,Corporate,United States,Fairfield,Connecticut,6824.0,East,Office Supplies,Storage,579.51,3.0,0.0,81.1314,0.14,sales
Standard Class,Corporate,United States,New York City,New York,10035.0,East,Technology,Machines,5199.96,4.0,0.0,1351.9896,0.26,sales
First Class,Home Office,United States,Newark,Delaware,19711.0,East,Technology,Phones,587.97,3.0,0.0,170.5113,0.29,sales
Standard Class,Consumer,United States,Renton,Washington,98059.0,West,Technology,Machines,1039.992,1.0,0.2,103.9992,0.1,sales
Standard Class,Corporate,United States,Memphis,Tennessee,38109.0,South,Furniture,Chairs,561.584,2.0,0.2,70.198,0.125,sales
Standard Class,Home Office,United States,Concord,New Hampshire,3301.0,East,Technology,Phones,824.95,5.0,0.0,247.485,0.3,sales
Second Class,Corporate,United States,Spokane,Washington,99207.0,West,Furniture,Chairs,569.568,2.0,0.2,7.1196,0.0125,sales
First Class,Consumer,United States,Houston,Texas,77041.0,Central,Furniture,Chairs,899.43,5.0,0.3,-12.849,-0.014285714285714287,sales
Standard Class,Consumer,United States,Philadelphia,Pennsylvania,19120.0,East,Technology,Copiers,8399.976,4.0,0.4,1119.9968,0.1333333333333333,sales
Standard Class,Consumer,United States,Jacksonville,North Carolina,28540.0,South,Furniture,Tables,945.036,6.0,0.4,-299.2614,-0.31666666666666665,sales
Standard Class,Consumer,United States,Plano,Texas,75023.0,Central,Furniture,Tables,974.988,4.0,0.3,-97.4988,-0.09999999999999999,sales
First Class,Consumer,United States,New York City,New York,10024.0,East,Furniture,Chairs,589.41,5.0,0.1,-6.549,-0.011111111111111112,sales
Standard Class,Home Office,United States,Providence,Rhode Island,2908.0,East,Office Supplies,Storage,2079.4,5.0,0.0,582.232,0.27999999999999997,sales
Standard Class,Home Office,United States,Providence,Rhode Island,2908.0,East,Technology,Phones,629.95,5.0,0.0,176.386,0.27999999999999997,sales
Second Class,Consumer,United States,Columbia,Tennessee,38401.0,South,Office Supplies,Appliances,871.8,3.0,0.2,87.18,0.10000000000000002,sales
Standard Class,Consumer,United States,Pembroke Pines,Florida,33024.0,South,Technology,Phones,503.96,5.0,0.2,50.396,0.1,sales
Standard Class,Consumer,United States,Jacksonville,North Carolina,28540.0,South,Office Supplies,Appliances,962.08,4.0,0.2,156.338,0.16249999999999998,sales
Standard Class,Consumer,United States,Medina,Ohio,44256.0,East,Technology,Phones,539.964,6.0,0.4,-107.9928,-0.19999999999999998,sales
Second Class,Corporate,United States,New York City,New York,10011.0,East,Office Supplies,Storage,1247.64,3.0,0.0,349.3392,0.27999999999999997,sales
Standard Class,Consumer,United States,San Francisco,California,94122.0,West,Furniture,Furnishings,529.9,5.0,0.0,105.98,0.2,sales
Second Class,Consumer,United States,Jackson,Michigan,49201.0,Central,Office Supplies,Binders,5443.96,4.0,0.0,2504.2216,0.45999999999999996,sales
Second Class,Corporate,United States,Warwick,Rhode Island,2886.0,East,Technology,Copiers,1999.96,4.0,0.0,899.982,0.44999999999999996,sales
Standard Class,Consumer,United States,Buffalo,New York,14215.0,East,Office Supplies,Binders,2152.776,3.0,0.2,726.5619,0.3375,sales
Standard Class,Consumer,United States,Buffalo,New York,14215.0,East,Furniture,Bookcases,4007.84,10.0,0.2,-50.098,-0.012499999999999999,sales
Standard Class,Home Office,United States,Elmhurst,Illinois,60126.0,Central,Furniture,Chairs,634.116,6.0,0.3,-172.1172,-0.2714285714285714,sales
Second Class,Home Office,United States,Chicago,Illinois,60653.0,Central,Office Supplies,Storage,505.32,3.0,0.2,31.5825,0.0625,sales
Standard Class,Corporate,United States,Buffalo,New York,14215.0,East,Furniture,Chairs,1522.638,9.0,0.1,169.182,0.1111111111111111,sales
Standard Class,Consumer,United States,Lawrence,Massachusetts,1841.0,East,Furniture,Chairs,872.32,4.0,0.0,244.2496,0.27999999999999997,sales
Standard Class,Corporate,United States,Plainfield,New Jersey,7060.0,East,Office Supplies,Storage,563.4,4.0,0.0,67.608,0.12000000000000001,sales
Standard Class,Consumer,United States,Los Angeles,California,90008.0,West,Technology,Accessories,1049.44,8.0,0.0,440.7648,0.42,sales
Standard Class,Consumer,United States,Seattle,Washington,98103.0,West,Technology,Phones,1007.944,7.0,0.2,75.5958,0.075,sales
Second Class,Corporate,United States,Springfield,Missouri,65807.0,Central,Office Supplies,Supplies,4164.05,5.0,0.0,83.281,0.02,sales
Standard Class,Consumer,United States,New York City,New York,10024.0,East,Technology,Machines,6999.96,4.0,0.0,2239.9872,0.32,sales
Standard Class,Consumer,United States,Seattle,Washington,98115.0,West,Furniture,Chairs,698.352,3.0,0.2,52.3764,0.075,sales
Standard Class,Consumer,United States,Seattle,Washington,98115.0,West,Furniture,Tables,1747.25,5.0,0.0,629.01,0.36,sales
Same Day,Consumer,United States,Charlotte,North Carolina,28205.0,South,Technology,Phones,627.168,4.0,0.2,70.5564,0.11249999999999999,sales
Second Class,Corporate,United States,Lorain,Ohio,44052.0,East,Furniture,Tables,1421.664,8.0,0.4,-734.5264,-0.5166666666666666,sales
Standard Class,Home Office,United States,Springfield,Oregon,97477.0,West,Furniture,Tables,564.195,3.0,0.5,-304.6653,-0.5399999999999999,sales
Standard Class,Consumer,United States,Los Angeles,California,90032.0,West,Office Supplies,Storage,1117.92,4.0,0.0,55.896,0.049999999999999996,sales
Standard Class,Corporate,United States,Fort Lauderdale,Florida,33311.0,South,Technology,Phones,519.68,7.0,0.2,58.464,0.1125,sales
Standard Class,Consumer,United States,Rio Rancho,New Mexico,87124.0,West,Furniture,Chairs,883.84,4.0,0.2,99.432,0.1125,sales
First Class,Corporate,United States,Smyrna,Tennessee,37167.0,South,Furniture,Chairs,643.136,4.0,0.2,56.2744,0.08750000000000001,sales
Standard Class,Consumer,United States,San Francisco,California,94122.0,West,Office Supplies,Storage,579.51,3.0,0.0,81.1314,0.14,sales
First Class,Corporate,United States,New York City,New York,10009.0,East,Technology,Phones,629.95,5.0,0.0,163.787,0.26,sales
Standard Class,Corporate,United States,Lakewood,New Jersey,8701.0,East,Furniture,Chairs,512.96,4.0,0.0,143.6288,0.28,sales
Standard Class,Consumer,United States,Chicago,Illinois,60623.0,Central,Technology,Machines,1362.9,3.0,0.3,-19.47,-0.014285714285714284,sales
Standard Class,Consumer,United States,Seattle,Washington,98105.0,West,Office Supplies,Binders,3266.376,3.0,0.2,1061.5722,0.325,sales
Standard Class,Corporate,United States,Lafayette,Indiana,47905.0,Central,Technology,Copiers,17499.95,5.0,0.0,8399.976,0.48000000000000004,sales
Standard Class,Corporate,United States,Lafayette,Indiana,47905.0,Central,Office Supplies,Binders,735.98,2.0,0.0,331.191,0.44999999999999996,sales
Standard Class,Corporate,United States,Torrance,California,90503.0,West,Office Supplies,Appliances,1640.7,5.0,0.0,459.396,0.28,sales
Standard Class,Corporate,United States,Springfield,Virginia,22153.0,South,Furniture,Chairs,1059.12,4.0,0.0,307.1448,0.29,sales
Standard Class,Corporate,United States,Franklin,Wisconsin,53132.0,Central,Furniture,Bookcases,1565.88,6.0,0.0,407.1288,0.26,sales
Standard Class,Corporate,United States,Los Angeles,California,90004.0,West,Furniture,Tables,2887.056,9.0,0.2,180.441,0.0625,sales
Standard Class,Consumer,United States,Chesapeake,Virginia,23320.0,South,Furniture,Tables,1652.94,3.0,0.0,314.0586,0.19,sales
Second Class,Home Office,United States,Seattle,Washington,98105.0,West,Furniture,Chairs,2003.92,5.0,0.2,125.245,0.0625,sales
Second Class,Home Office,United States,Seattle,Washington,98105.0,West,Furniture,Tables,1913.4,9.0,0.0,401.814,0.21,sales
Standard Class,Consumer,United States,Minneapolis,Minnesota,55407.0,Central,Furniture,Chairs,2567.84,8.0,0.0,770.352,0.3,sales
Second Class,Consumer,United States,Naperville,Illinois,60540.0,Central,Furniture,Chairs,602.651,7.0,0.3,-163.5767,-0.2714285714285714,sales
Standard Class,Home Office,United States,New York City,New York,10009.0,East,Technology,Accessories,559.93,7.0,0.0,167.979,0.30000000000000004,sales
Same Day,Corporate,United States,Huntington Beach,California,92646.0,West,Technology,Copiers,2399.96,5.0,0.2,839.986,0.35,sales
Standard Class,Consumer,United States,Seattle,Washington,98103.0,West,Technology,Phones,1001.584,2.0,0.2,125.198,0.125,sales
Standard Class,Corporate,United States,Sacramento,California,95823.0,West,Furniture,Chairs,1403.92,5.0,0.2,70.196,0.049999999999999996,sales
Standard Class,Consumer,United States,New York City,New York,10035.0,East,Furniture,Bookcases,681.408,12.0,0.2,42.588,0.0625,sales
Second Class,Consumer,United States,San Francisco,California,94109.0,West,Technology,Phones,862.344,7.0,0.2,97.0137,0.11249999999999999,sales
Standard Class,Corporate,United States,New York City,New York,10009.0,East,Office Supplies,Storage,713.88,4.0,0.0,214.164,0.3,sales
Standard Class,Consumer,United States,Los Angeles,California,90032.0,West,Technology,Phones,623.96,5.0,0.2,38.9975,0.0625,sales
Standard Class,Consumer,United States,New York City,New York,10011.0,East,Furniture,Bookcases,523.92,5.0,0.2,-26.196,-0.05000000000000001,sales
First Class,Consumer,United States,Los Angeles,California,90008.0,West,Technology,Phones,503.96,5.0,0.2,50.396,0.1,sales
Second Class,Corporate,United States,New York City,New York,10011.0,East,Technology,Phones,824.97,3.0,0.0,214.4922,0.26,sales
Standard Class,Corporate,United States,Gilbert,Arizona,85234.0,West,Furniture,Furnishings,621.76,4.0,0.2,46.632,0.075,sales
Second Class,Corporate,United States,Fort Lauderdale,Florida,33311.0,South,Office Supplies,Appliances,1158.12,5.0,0.2,130.2885,0.11250000000000002,sales
Standard Class,Corporate,United States,Springfield,Ohio,45503.0,East,Furniture,Chairs,598.458,3.0,0.3,-42.747,-0.07142857142857144,sales
Second Class,Corporate,United States,Richmond,Kentucky,40475.0,South,Technology,Phones,587.97,3.0,0.0,164.6316,0.27999999999999997,sales
Standard Class,Corporate,United States,San Diego,California,92105.0,West,Furniture,Chairs,523.392,3.0,0.2,52.3392,0.09999999999999999,sales
Standard Class,Consumer,United States,Philadelphia,Pennsylvania,19134.0,East,Technology,Copiers,599.97,5.0,0.4,69.9965,0.11666666666666665,sales
Same Day,Consumer,United States,Anaheim,California,92804.0,West,Furniture,Tables,892.136,7.0,0.2,111.517,0.125,sales
First Class,Corporate,United States,Los Angeles,California,90008.0,West,Office Supplies,Storage,1261.33,7.0,0.0,327.9458,0.26,sales
Standard Class,Consumer,United States,Charlotte,North Carolina,28205.0,South,Technology,Accessories,1012.68,3.0,0.2,303.804,0.3,sales
Second Class,Corporate,United States,Concord,California,94521.0,West,Technology,Phones,1626.192,9.0,0.2,121.9644,0.075,sales
Second Class,Corporate,United States,Newark,Ohio,43055.0,East,Furniture,Chairs,760.116,6.0,0.3,-43.4352,-0.05714285714285715,sales
First Class,Corporate,United States,Henderson,Nevada,89015.0,West,Furniture,Tables,1685.88,6.0,0.0,320.3172,0.19,sales
Standard Class,Home Office,United States,Richmond,Indiana,47374.0,Central,Technology,Phones,1879.96,4.0,0.0,545.1884,0.29,sales
Standard Class,Home Office,United States,Richmond,Indiana,47374.0,Central,Furniture,Chairs,828.6,3.0,0.0,240.294,0.29,sales
Standard Class,Home Office,United States,Philadelphia,Pennsylvania,19140.0,East,Technology,Phones,776.85,5.0,0.4,-181.265,-0.2333333333333333,sales
Standard Class,Consumer,United States,Houston,Texas,77070.0,Central,Technology,Phones,971.88,3.0,0.2,109.3365,0.1125,sales
Second Class,Consumer,United States,San Francisco,California,94122.0,West,Furniture,Chairs,717.72,3.0,0.2,71.772,0.1,sales
Standard Class,Corporate,United States,Houston,Texas,77070.0,Central,Technology,Copiers,2399.96,5.0,0.2,569.9905,0.2375,sales
First Class,Consumer,United States,Baltimore,Maryland,21215.0,East,Furniture,Chairs,908.82,9.0,0.0,227.205,0.25,sales
First Class,Home Office,United States,San Diego,California,92024.0,West,Furniture,Tables,674.352,3.0,0.2,-8.4294,-0.012499999999999999,sales
First Class,Consumer,United States,Atlanta,Georgia,30318.0,South,Office Supplies,Storage,1350.12,6.0,0.0,175.5156,0.13,sales
Same Day,Corporate,United States,Rochester,New York,14609.0,East,Furniture,Furnishings,756.8,5.0,0.0,75.68,0.10000000000000002,sales
Standard Class,Corporate,United States,Philadelphia,Pennsylvania,19134.0,East,Technology,Accessories,1319.8,5.0,0.2,214.4675,0.1625,sales
Second Class,Consumer,United States,Philadelphia,Pennsylvania,19134.0,East,Furniture,Chairs,4416.174,9.0,0.3,-630.882,-0.14285714285714285,sales
Second Class,Consumer,United States,Los Angeles,California,90008.0,West,Technology,Accessories,989.97,3.0,0.0,395.988,0.39999999999999997,sales
Standard Class,Home Office,United States,Superior,Wisconsin,54880.0,Central,Office Supplies,Paper,629.1,6.0,0.0,301.968,0.48000000000000004,sales
Standard Class,Home Office,United States,Fort Lauderdale,Florida,33311.0,South,Technology,Accessories,799.92,10.0,0.2,239.976,0.3,sales
Standard Class,Consumer,United States,Columbia,Maryland,21044.0,East,Office Supplies,Binders,2541.98,2.0,0.0,1270.99,0.5,sales
Standard Class,Home Office,United States,Yuma,Arizona,85364.0,West,Technology,Machines,599.985,5.0,0.7,-479.988,-0.7999999999999999,sales
Standard Class,Corporate,United States,Houston,Texas,77095.0,Central,Technology,Machines,559.71,3.0,0.4,-121.2705,-0.21666666666666665,sales
Standard Class,Consumer,United States,Nashville,Tennessee,37211.0,South,Technology,Machines,649.0,2.0,0.5,-272.58,-0.42,sales
Standard Class,Consumer,United States,Plano,Texas,75023.0,Central,Furniture,Tables,890.841,3.0,0.3,-152.7156,-0.17142857142857143,sales
Second Class,Consumer,United States,New York City,New York,10009.0,East,Technology,Phones,979.95,5.0,0.0,264.5865,0.26999999999999996,sales
Standard Class,Home Office,United States,Burbank,California,91505.0,West,Technology,Machines,1279.968,4.0,0.2,415.9896,0.32499999999999996,sales
Standard Class,Home Office,United States,Burbank,California,91505.0,West,Office Supplies,Storage,1856.19,7.0,0.0,334.1142,0.18,sales
Standard Class,Consumer,United States,New York City,New York,10024.0,East,Technology,Accessories,843.9,2.0,0.0,371.316,0.44,sales
Standard Class,Corporate,United States,Jacksonville,Florida,32216.0,South,Furniture,Tables,721.875,6.0,0.45,-420.0,-0.5818181818181818,sales
Second Class,Corporate,United States,Philadelphia,Pennsylvania,19143.0,East,Furniture,Tables,523.764,3.0,0.4,-192.0468,-0.36666666666666664,sales
Standard Class,Consumer,United States,Omaha,Nebraska,68104.0,Central,Furniture,Furnishings,1336.44,14.0,0.0,387.5676,0.29000000000000004,sales
Standard Class,Corporate,United States,New York City,New York,10024.0,East,Furniture,Chairs,866.646,3.0,0.1,173.3292,0.19999999999999998,sales
Same Day,Corporate,United States,Fairfield,Ohio,45014.0,East,Office Supplies,Appliances,795.408,6.0,0.2,59.6556,0.075,sales
Standard Class,Corporate,United States,Camarillo,California,93010.0,West,Furniture,Bookcases,509.9575,5.0,0.15,41.9965,0.08235294117647059,sales
Standard Class,Corporate,United States,Camarillo,California,93010.0,West,Furniture,Chairs,722.352,3.0,0.2,81.2646,0.1125,sales
Second Class,Corporate,United States,Philadelphia,Pennsylvania,19134.0,East,Technology,Phones,539.91,3.0,0.4,-116.9805,-0.2166666666666667,sales
Second Class,Corporate,United States,Philadelphia,Pennsylvania,19134.0,East,Office Supplies,Storage,552.56,5.0,0.2,-138.14,-0.25,sales
Second Class,Home Office,United States,Houston,Texas,77036.0,Central,Technology,Phones,1415.76,6.0,0.2,88.485,0.0625,sales
Standard Class,Consumer,United States,Chicago,Illinois,60623.0,Central,Office Supplies,Storage,1036.624,2.0,0.2,51.8312,0.05,sales
First Class,Consumer,United States,Waynesboro,Virginia,22980.0,South,Technology,Phones,569.64,2.0,0.0,148.1064,0.26,sales
First Class,Consumer,United States,Waynesboro,Virginia,22980.0,South,Furniture,Furnishings,1196.86,7.0,0.0,119.686,0.10000000000000002,sales
First Class,Consumer,United States,Waynesboro,Virginia,22980.0,South,Furniture,Bookcases,523.26,9.0,0.0,125.5824,0.24000000000000002,sales
Second Class,Consumer,United States,Los Angeles,California,90004.0,West,Technology,Copiers,639.968,4.0,0.2,215.9892,0.3375,sales
Second Class,Consumer,United States,Seattle,Washington,98105.0,West,Technology,Accessories,538.92,9.0,0.0,80.838,0.15,sales
First Class,Home Office,United States,Lehi,Utah,84043.0,West,Technology,Copiers,1499.95,5.0,0.0,449.985,0.3,sales
Standard Class,Home Office,United States,Henderson,Kentucky,42420.0,South,Furniture,Chairs,2573.82,9.0,0.0,746.4078,0.29,sales
Standard Class,Home Office,United States,Henderson,Kentucky,42420.0,South,Office Supplies,Binders,609.98,2.0,0.0,274.491,0.44999999999999996,sales
Standard Class,Home Office,United States,Henderson,Kentucky,42420.0,South,Technology,Phones,755.96,4.0,0.0,204.1092,0.26999999999999996,sales
Second Class,Home Office,United States,Dover,New Hampshire,3820.0,East,Technology,Accessories,2249.91,9.0,0.0,517.4793,0.23,sales
Second Class,Home Office,United States,Dover,New Hampshire,3820.0,East,Furniture,Tables,1053.164,4.0,0.3,-105.3164,-0.1,sales
Standard Class,Consumer,United States,Houston,Texas,77070.0,Central,Furniture,Tables,512.19,5.0,0.3,-65.853,-0.12857142857142856,sales
Standard Class,Consumer,United States,Columbus,Ohio,43229.0,East,Technology,Phones,1889.946,9.0,0.4,-377.9892,-0.2,sales
Second Class,Consumer,United States,Richmond,Kentucky,40475.0,South,Technology,Copiers,1399.98,2.0,0.0,629.991,0.45,sales
Standard Class,Consumer,United States,Gresham,Oregon,97030.0,West,Furniture,Chairs,1487.04,5.0,0.2,148.704,0.1,sales
Same Day,Corporate,United States,San Francisco,California,94109.0,West,Office Supplies,Binders,931.176,3.0,0.2,314.2719,0.3375,sales
Standard Class,Corporate,United States,Denver,Colorado,80219.0,West,Furniture,Furnishings,508.704,6.0,0.2,0.0,0.0,sales
Standard Class,Corporate,United States,Denver,Colorado,80219.0,West,Furniture,Chairs,906.68,5.0,0.2,68.001,0.07500000000000001,sales
Standard Class,Corporate,United States,Huntsville,Texas,77340.0,Central,Technology,Phones,719.952,6.0,0.2,71.9952,0.09999999999999999,sales
Standard Class,Corporate,United States,Huntsville,Texas,77340.0,Central,Technology,Phones,755.944,7.0,0.2,66.1451,0.08750000000000001,sales
Standard Class,Corporate,United States,New York City,New York,10024.0,East,Technology,Phones,833.94,6.0,0.0,216.8244,0.25999999999999995,sales
Standard Class,Consumer,United States,Long Beach,New York,11561.0,East,Office Supplies,Appliances,533.94,3.0,0.0,154.8426,0.29,sales
Standard Class,Corporate,United States,Newport News,Virginia,23602.0,South,Furniture,Tables,591.32,4.0,0.0,112.3508,0.19,sales
First Class,Home Office,United States,Omaha,Nebraska,68104.0,Central,Furniture,Chairs,563.94,3.0,0.0,112.788,0.19999999999999998,sales
Second Class,Consumer,United States,Morristown,New Jersey,7960.0,East,Office Supplies,Appliances,2625.12,8.0,0.0,735.0336,0.28,sales
Standard Class,Corporate,United States,Springfield,Virginia,22153.0,South,Technology,Phones,3499.93,7.0,0.0,909.9818,0.26,sales
Standard Class,Consumer,United States,Philadelphia,Pennsylvania,19134.0,East,Furniture,Chairs,887.271,3.0,0.3,-63.3765,-0.07142857142857144,sales
Standard Class,Consumer,United States,Chicago,Illinois,60623.0,Central,Office Supplies,Storage,1297.368,9.0,0.2,97.3026,0.075,sales
Standard Class,Consumer,United States,Watertown,New York,13601.0,East,Office Supplies,Binders,679.96,5.0,0.2,220.987,0.32499999999999996,sales
Standard Class,Consumer,United States,Los Angeles,California,90004.0,West,Technology,Phones,539.92,5.0,0.2,47.243,0.08750000000000001,sales
Standard Class,Consumer,United States,Los Angeles,California,90004.0,West,Furniture,Chairs,725.344,4.0,0.2,54.4008,0.07499999999999998,sales
Second Class,Home Office,United States,Detroit,Michigan,48234.0,Central,Office Supplies,Appliances,850.5,5.0,0.1,245.7,0.28888888888888886,sales
Second Class,Consumer,United States,Louisville,Kentucky,40214.0,South,Furniture,Chairs,1207.84,8.0,0.0,314.0384,0.26000000000000006,sales
First Class,Home Office,United States,Pueblo,Colorado,81001.0,West,Technology,Machines,703.71,6.0,0.7,-938.28,-1.3333333333333333,sales
Standard Class,Corporate,United States,Los Angeles,California,90036.0,West,Furniture,Chairs,892.224,3.0,0.2,89.2224,0.09999999999999999,sales
Standard Class,Consumer,United States,Greenville,North Carolina,27834.0,South,Technology,Machines,1299.99,2.0,0.5,-571.9956,-0.43999999999999995,sales
First Class,Corporate,United States,San Francisco,California,94110.0,West,Furniture,Chairs,1352.032,4.0,0.2,84.502,0.0625,sales
Standard Class,Corporate,United States,Marion,Ohio,43302.0,East,Furniture,Tables,1548.99,9.0,0.4,-464.697,-0.3,sales
Standard Class,Home Office,United States,Providence,Rhode Island,2908.0,East,Technology,Copiers,5399.91,9.0,0.0,2591.9568,0.48,sales
Standard Class,Home Office,United States,Providence,Rhode Island,2908.0,East,Technology,Accessories,1687.8,4.0,0.0,742.632,0.44,sales
Standard Class,Home Office,United States,Providence,Rhode Island,2908.0,East,Furniture,Chairs,605.88,6.0,0.0,151.47,0.25,sales
First Class,Home Office,United States,Midland,Michigan,48640.0,Central,Office Supplies,Binders,3812.97,3.0,0.0,1906.485,0.5,sales
Standard Class,Consumer,United States,Rochester,New York,14609.0,East,Technology,Phones,625.99,1.0,0.0,187.797,0.3,sales
Standard Class,Corporate,United States,Jackson,Michigan,49201.0,Central,Furniture,Tables,1568.61,9.0,0.0,329.4081,0.21000000000000002,sales
First Class,Corporate,United States,Suffolk,Virginia,23434.0,South,Furniture,Tables,872.94,3.0,0.0,157.1292,0.18,sales
Standard Class,Home Office,United States,Lawrence,Massachusetts,1841.0,East,Technology,Copiers,1199.98,2.0,0.0,467.9922,0.39,sales
Standard Class,Home Office,United States,Lawrence,Massachusetts,1841.0,East,Furniture,Tables,526.582,2.0,0.3,-52.6582,-0.1,sales
Standard Class,Corporate,United States,Waterbury,Connecticut,6708.0,East,Technology,Phones,566.97,3.0,0.0,153.0819,0.26999999999999996,sales
Same Day,Corporate,United States,Columbia,Maryland,21044.0,East,Furniture,Chairs,1779.9,5.0,0.0,373.779,0.21,sales
Same Day,Corporate,United States,Riverside,California,92503.0,West,Technology,Phones,1039.728,2.0,0.2,90.9762,0.0875,sales
Standard Class,Consumer,United States,Lancaster,Ohio,43130.0,East,Technology,Machines,4499.985,5.0,0.7,-6599.978,-1.4666666666666668,sales
Second Class,Corporate,United States,Charlotte,North Carolina,28205.0,South,Furniture,Tables,876.3,10.0,0.4,-292.1,-0.33333333333333337,sales
Standard Class,Home Office,United States,Franklin,Tennessee,37064.0,South,Office Supplies,Storage,720.064,4.0,0.2,-63.0056,-0.08750000000000001,sales
First Class,Consumer,United States,Clinton,Maryland,20735.0,East,Furniture,Tables,550.431,3.0,0.3,-47.1798,-0.08571428571428572,sales
First Class,Home Office,United States,Los Angeles,California,90049.0,West,Furniture,Bookcases,1497.666,2.0,0.15,140.9568,0.09411764705882353,sales
Second Class,Home Office,United States,North Las Vegas,Nevada,89031.0,West,Office Supplies,Binders,4535.976,3.0,0.2,1644.2913,0.36250000000000004,sales
Second Class,Home Office,United States,Cranston,Rhode Island,2920.0,East,Office Supplies,Storage,592.74,6.0,0.0,160.0398,0.27,sales
Standard Class,Corporate,United States,Chicago,Illinois,60610.0,Central,Technology,Phones,508.768,4.0,0.2,38.1576,0.07500000000000001,sales
Standard Class,Consumer,United States,Des Moines,Iowa,50315.0,Central,Furniture,Tables,1184.72,4.0,0.0,106.6248,0.09,sales
Standard Class,Consumer,United States,Arlington,Virginia,22204.0,South,Technology,Phones,1871.88,12.0,0.0,561.564,0.3,sales
Standard Class,Home Office,United States,Lake Forest,California,92630.0,West,Furniture,Chairs,915.136,4.0,0.2,102.9528,0.1125,sales
Standard Class,Consumer,United States,Memphis,Tennessee,38109.0,South,Office Supplies,Binders,1614.582,6.0,0.7,-1237.8462,-0.7666666666666666,sales
First Class,Corporate,United States,San Francisco,California,94122.0,West,Office Supplies,Appliances,715.64,2.0,0.0,178.91,0.25,sales
Standard Class,Home Office,United States,New York City,New York,10024.0,East,Technology,Machines,3404.5,5.0,0.0,1668.205,0.49,sales
Second Class,Corporate,United States,New York City,New York,10035.0,East,Technology,Phones,569.99,1.0,0.0,170.997,0.30000000000000004,sales
Standard Class,Corporate,United States,Brentwood,California,94513.0,West,Office Supplies,Appliances,2518.29,9.0,0.0,654.7554,0.26,sales
Standard Class,Corporate,United States,Brentwood,California,94513.0,West,Office Supplies,Storage,540.57,3.0,0.0,140.5482,0.26,sales
Standard Class,Consumer,United States,New York City,New York,10035.0,East,Technology,Phones,861.76,4.0,0.0,249.9104,0.29000000000000004,sales
Standard Class,Corporate,United States,Philadelphia,Pennsylvania,19134.0,East,Technology,Phones,519.792,4.0,0.4,-112.6216,-0.21666666666666665,sales
Standard Class,Consumer,United States,Jackson,Mississippi,39212.0,South,Technology,Phones,659.97,3.0,0.0,197.991,0.3,sales
First Class,Home Office,United States,San Diego,California,92037.0,West,Furniture,Tables,1673.184,12.0,0.2,20.9148,0.0125,sales
Standard Class,Consumer,United States,Oklahoma City,Oklahoma,73120.0,Central,Office Supplies,Storage,541.24,4.0,0.0,5.4124,0.01,sales
Standard Class,Consumer,United States,Oklahoma City,Oklahoma,73120.0,Central,Furniture,Chairs,1323.9,5.0,0.0,383.931,0.29,sales
Same Day,Consumer,United States,New York City,New York,10009.0,East,Office Supplies,Binders,663.92,5.0,0.2,207.475,0.3125,sales
Standard Class,Corporate,United States,Dallas,Texas,75217.0,Central,Furniture,Chairs,657.93,5.0,0.3,-93.99,-0.14285714285714285,sales
Second Class,Corporate,United States,New York City,New York,10035.0,East,Office Supplies,Storage,772.68,4.0,0.0,108.1752,0.14,sales
Second Class,Corporate,United States,Seattle,Washington,98115.0,West,Office Supplies,Storage,572.58,6.0,0.0,34.3548,0.05999999999999999,sales
Standard Class,Corporate,United States,New York City,New York,10035.0,East,Office Supplies,Appliances,706.86,7.0,0.0,197.9208,0.28,sales
Standard Class,Consumer,United States,Los Angeles,California,90049.0,West,Office Supplies,Storage,892.35,5.0,0.0,267.705,0.3,sales
Standard Class,Consumer,United States,Los Angeles,California,90049.0,West,Office Supplies,Storage,728.82,9.0,0.0,29.1528,0.039999999999999994,sales
Standard Class,Corporate,United States,Springfield,Oregon,97477.0,West,Office Supplies,Storage,718.64,10.0,0.2,-161.694,-0.22499999999999998,sales
First Class,Home Office,United States,Los Angeles,California,90045.0,West,Technology,Machines,3357.6,3.0,0.2,377.73,0.1125,sales
Standard Class,Consumer,United States,Los Angeles,California,90045.0,West,Technology,Machines,2973.32,7.0,0.2,334.4985,0.11249999999999999,sales
Standard Class,Consumer,United States,Los Angeles,California,90045.0,West,Technology,Phones,775.728,6.0,0.2,58.1796,0.07500000000000001,sales
Standard Class,Consumer,United States,Chicago,Illinois,60653.0,Central,Furniture,Chairs,526.344,4.0,0.3,-75.192,-0.14285714285714282,sales
Standard Class,Consumer,United States,Philadelphia,Pennsylvania,19134.0,East,Technology,Copiers,1079.976,4.0,0.4,125.9972,0.11666666666666665,sales
Standard Class,Consumer,United States,Houston,Texas,77070.0,Central,Office Supplies,Storage,670.752,3.0,0.2,-125.766,-0.18750000000000003,sales
First Class,Corporate,United States,Riverside,California,92503.0,West,Office Supplies,Storage,535.41,3.0,0.0,160.623,0.3,sales
Standard Class,Corporate,United States,Lakeland,Florida,33801.0,South,Furniture,Tables,562.2925,7.0,0.45,-255.5875,-0.45454545454545453,sales
Standard Class,Consumer,United States,San Diego,California,92037.0,West,Furniture,Tables,557.728,4.0,0.2,6.9716,0.0125,sales
First Class,Consumer,United States,Seattle,Washington,98115.0,West,Technology,Copiers,13999.96,4.0,0.0,6719.9808,0.48000000000000004,sales
Standard Class,Consumer,United States,San Diego,California,92105.0,West,Technology,Accessories,595.0,5.0,0.0,95.2,0.16,sales
Standard Class,Consumer,United States,San Diego,California,92105.0,West,Furniture,Bookcases,512.499,3.0,0.15,-30.147,-0.0588235294117647,sales
Standard Class,Corporate,United States,San Francisco,California,94122.0,West,Furniture,Tables,863.128,7.0,0.2,-32.3673,-0.0375,sales
Standard Class,Home Office,United States,Seattle,Washington,98105.0,West,Furniture,Tables,2036.86,7.0,0.0,366.6348,0.18,sales
Standard Class,Consumer,United States,Des Moines,Washington,98198.0,West,Technology,Copiers,999.98,2.0,0.0,449.991,0.44999999999999996,sales
Standard Class,Consumer,United States,Philadelphia,Pennsylvania,19120.0,East,Furniture,Tables,1252.704,8.0,0.4,-480.2032,-0.38333333333333336,sales
Same Day,Corporate,United States,New York City,New York,10024.0,East,Technology,Phones,549.98,2.0,0.0,142.9948,0.26,sales
Same Day,Corporate,United States,New York City,New York,10024.0,East,Technology,Machines,4643.8,4.0,0.0,2229.024,0.48,sales
Same Day,Corporate,United States,New York City,New York,10024.0,East,Furniture,Chairs,577.764,2.0,0.1,115.5528,0.2,sales
Standard Class,Consumer,United States,Nashville,Tennessee,37211.0,South,Office Supplies,Binders,1369.764,6.0,0.7,-913.176,-0.6666666666666667,sales
Second Class,Consumer,United States,Sandy Springs,Georgia,30328.0,South,Furniture,Bookcases,1266.86,7.0,0.0,291.3778,0.23,sales
Standard Class,Consumer,United States,Jacksonville,Florida,32216.0,South,Furniture,Tables,933.262,4.0,0.45,-458.1468,-0.4909090909090909,sales
Standard Class,Consumer,United States,Jacksonville,Florida,32216.0,South,Furniture,Chairs,2803.92,5.0,0.2,0.0,0.0,sales
Standard Class,Consumer,United States,San Francisco,California,94122.0,West,Technology,Phones,806.336,8.0,0.2,50.396,0.0625,sales
Second Class,Home Office,United States,Philadelphia,Pennsylvania,19134.0,East,Technology,Phones,743.988,2.0,0.4,-123.998,-0.16666666666666666,sales
Standard Class,Consumer,United States,Aurora,Illinois,60505.0,Central,Technology,Phones,2003.168,4.0,0.2,250.396,0.125,sales
Standard Class,Consumer,United States,New York City,New York,10009.0,East,Furniture,Chairs,2563.056,8.0,0.1,313.2624,0.12222222222222223,sales
Standard Class,Corporate,United States,Mount Vernon,New York,10550.0,East,Office Supplies,Storage,1085.42,7.0,0.0,282.2092,0.26,sales
Standard Class,Consumer,United States,Columbus,Georgia,31907.0,South,Office Supplies,Storage,675.06,3.0,0.0,87.7578,0.13,sales
Second Class,Home Office,United States,Saint Charles,Illinois,60174.0,Central,Technology,Machines,600.53,2.0,0.3,137.264,0.2285714285714286,sales
Second Class,Home Office,United States,Saint Charles,Illinois,60174.0,Central,Technology,Accessories,637.44,8.0,0.2,135.456,0.21249999999999997,sales
Standard Class,Corporate,United States,Los Angeles,California,90036.0,West,Technology,Accessories,1649.95,5.0,0.0,659.98,0.4,sales
Standard Class,Consumer,United States,Columbus,Georgia,31907.0,South,Technology,Phones,2939.93,7.0,0.0,764.3818,0.26,sales
Standard Class,Home Office,United States,League City,Texas,77573.0,Central,Furniture,Chairs,512.358,3.0,0.3,-14.6388,-0.028571428571428574,sales
Second Class,Consumer,United States,El Paso,Texas,79907.0,Central,Furniture,Tables,913.43,5.0,0.3,-169.637,-0.18571428571428572,sales
Standard Class,Consumer,United States,Kissimmee,Florida,34741.0,South,Technology,Phones,751.984,2.0,0.2,84.5982,0.1125,sales
First Class,Home Office,United States,Seattle,Washington,98105.0,West,Technology,Phones,604.768,4.0,0.2,60.4768,0.09999999999999999,sales
Standard Class,Consumer,United States,Los Angeles,California,90049.0,West,Furniture,Tables,902.712,3.0,0.2,33.8517,0.0375,sales
Second Class,Consumer,United States,Franklin,Massachusetts,2038.0,East,Office Supplies,Appliances,901.95,3.0,0.0,297.6435,0.33,sales
Same Day,Corporate,United States,Burlington,North Carolina,27217.0,South,Furniture,Tables,630.024,4.0,0.4,-199.5076,-0.31666666666666665,sales
Standard Class,Consumer,United States,Dallas,Texas,75217.0,Central,Furniture,Tables,933.408,4.0,0.3,-173.3472,-0.1857142857142857,sales
Standard Class,Consumer,United States,Lakewood,New Jersey,8701.0,East,Furniture,Bookcases,2154.9,5.0,0.0,129.294,0.060000000000000005,sales
First Class,Corporate,United States,Cranston,Rhode Island,2920.0,East,Furniture,Tables,637.896,3.0,0.3,-127.5792,-0.2,sales
First Class,Consumer,United States,San Francisco,California,94122.0,West,Technology,Phones,1679.96,5.0,0.2,125.997,0.075,sales
Standard Class,Corporate,United States,Houston,Texas,77070.0,Central,Office Supplies,Storage,1554.936,3.0,0.2,77.7468,0.049999999999999996,sales
Standard Class,Corporate,United States,Noblesville,Indiana,46060.0,Central,Furniture,Tables,2678.94,6.0,0.0,241.1046,0.09,sales
Same Day,Corporate,United States,New York City,New York,10024.0,East,Technology,Machines,1035.8,4.0,0.0,269.308,0.26,sales
Second Class,Consumer,United States,Arlington,Virginia,22204.0,South,Technology,Machines,8749.95,5.0,0.0,2799.984,0.31999999999999995,sales
Standard Class,Corporate,United States,Chicago,Illinois,60623.0,Central,Technology,Copiers,719.976,3.0,0.2,134.9955,0.1875,sales
First Class,Consumer,United States,Springfield,Virginia,22153.0,South,Furniture,Tables,1056.86,7.0,0.0,158.529,0.15000000000000002,sales
Second Class,Corporate,United States,Milwaukee,Wisconsin,53209.0,Central,Furniture,Chairs,1454.9,5.0,0.0,378.274,0.26,sales
Standard Class,Corporate,United States,Hempstead,New York,11550.0,East,Office Supplies,Binders,968.744,7.0,0.2,314.8418,0.32499999999999996,sales
Standard Class,Consumer,United States,Houston,Texas,77041.0,Central,Technology,Machines,998.85,5.0,0.4,-199.77,-0.2,sales
Standard Class,Consumer,United States,Rochester,Minnesota,55901.0,Central,Furniture,Tables,607.52,2.0,0.0,97.2032,0.16,sales
Standard Class,Corporate,United States,Los Angeles,California,90049.0,West,Technology,Accessories,1287.45,5.0,0.0,244.6155,0.19,sales
Standard Class,Home Office,United States,Jacksonville,Florida,32216.0,South,Technology,Phones,499.168,4.0,0.2,31.198,0.0625,sales
First Class,Consumer,United States,Bethlehem,Pennsylvania,18018.0,East,Office Supplies,Binders,1369.764,6.0,0.7,-913.176,-0.6666666666666667,sales
First Class,Consumer,United States,Louisville,Kentucky,40214.0,South,Office Supplies,Storage,826.0,5.0,0.0,214.76,0.26,sales
Standard Class,Corporate,United States,Dallas,Texas,75217.0,Central,Office Supplies,Binders,760.98,5.0,0.8,-1141.47,-1.5,sales
Standard Class,Consumer,United States,Charlotte,North Carolina,28205.0,South,Office Supplies,Storage,704.76,5.0,0.2,26.4285,0.0375,sales
Standard Class,Consumer,United States,Fort Lauderdale,Florida,33311.0,South,Furniture,Bookcases,723.92,5.0,0.2,-81.441,-0.11250000000000002,sales
Standard Class,Consumer,United States,Houston,Texas,77041.0,Central,Technology,Phones,619.152,6.0,0.2,69.6546,0.11249999999999999,sales
Standard Class,Consumer,United States,Decatur,Illinois,62521.0,Central,Furniture,Chairs,600.558,3.0,0.3,-8.5794,-0.014285714285714285,sales
First Class,Consumer,United States,Mansfield,Texas,76063.0,Central,Furniture,Tables,517.405,5.0,0.3,-81.3065,-0.15714285714285714,sales
Second Class,Corporate,United States,Richmond,Virginia,23223.0,South,Office Supplies,Appliances,2104.55,7.0,0.0,694.5015,0.32999999999999996,sales
Standard Class,Corporate,United States,Nashville,Tennessee,37211.0,South,Technology,Phones,2239.936,8.0,0.2,223.9936,0.09999999999999999,sales
Standard Class,Consumer,United States,San Diego,California,92037.0,West,Furniture,Tables,626.352,3.0,0.2,-23.4882,-0.0375,sales
Second Class,Corporate,United States,Seattle,Washington,98105.0,West,Technology,Accessories,1287.45,5.0,0.0,244.6155,0.19,sales
Standard Class,Corporate,United States,Woodbury,Minnesota,55125.0,Central,Office Supplies,Storage,535.41,3.0,0.0,160.623,0.3,sales
First Class,Consumer,United States,New York City,New York,10009.0,East,Office Supplies,Binders,3050.376,3.0,0.2,1143.891,0.375,sales
Standard Class,Home Office,United States,Atlanta,Georgia,30318.0,South,Office Supplies,Binders,1270.99,1.0,0.0,635.495,0.5,sales
First Class,Corporate,United States,Raleigh,North Carolina,27604.0,South,Office Supplies,Appliances,942.784,4.0,0.2,94.2784,0.1,sales
First Class,Corporate,United States,Huntsville,Texas,77340.0,Central,Furniture,Chairs,528.43,5.0,0.3,0.0,0.0,sales
First Class,Corporate,United States,Houston,Texas,77070.0,Central,Furniture,Bookcases,1227.9984,6.0,0.32,-36.1176,-0.029411764705882356,sales
Standard Class,Corporate,United States,Twin Falls,Idaho,83301.0,West,Furniture,Tables,1128.39,3.0,0.0,259.5297,0.22999999999999998,sales
Standard Class,Consumer,United States,Monroe,North Carolina,28110.0,South,Furniture,Chairs,698.352,3.0,0.2,52.3764,0.075,sales
Standard Class,Consumer,United States,Houston,Texas,77041.0,Central,Technology,Phones,537.544,7.0,0.2,47.0351,0.08750000000000001,sales
First Class,Corporate,United States,Los Angeles,California,90008.0,West,Technology,Phones,583.8,5.0,0.2,72.975,0.125,sales
Standard Class,Home Office,United States,Burlington,Vermont,5408.0,East,Technology,Phones,1294.75,5.0,0.0,336.635,0.26,sales
First Class,Consumer,United States,Philadelphia,Pennsylvania,19134.0,East,Technology,Copiers,1799.97,5.0,0.4,239.996,0.13333333333333333,sales
Standard Class,Consumer,United States,Orlando,Florida,32839.0,South,Technology,Copiers,959.984,2.0,0.2,311.9948,0.325,sales
Standard Class,Consumer,United States,Rochester,New York,14609.0,East,Office Supplies,Binders,1217.568,2.0,0.2,456.588,0.375,sales
First Class,Consumer,United States,Philadelphia,Pennsylvania,19143.0,East,Technology,Accessories,617.976,3.0,0.2,-7.7247,-0.0125,sales
Standard Class,Corporate,United States,Sacramento,California,95823.0,West,Office Supplies,Binders,5083.96,5.0,0.2,1906.485,0.375,sales
Standard Class,Consumer,United States,San Diego,California,92037.0,West,Technology,Machines,686.4,2.0,0.2,77.22,0.1125,sales
Standard Class,Corporate,United States,Seattle,Washington,98105.0,West,Office Supplies,Storage,541.24,4.0,0.0,5.4124,0.01,sales
Standard Class,Home Office,United States,Stockton,California,95207.0,West,Furniture,Furnishings,629.64,9.0,0.0,107.0388,0.16999999999999998,sales
Second Class,Home Office,United States,Columbia,Missouri,65203.0,Central,Office Supplies,Appliances,1927.59,7.0,0.0,751.7601,0.39,sales
Standard Class,Home Office,United States,San Diego,California,92037.0,West,Furniture,Chairs,2676.672,9.0,0.2,267.6672,0.09999999999999999,sales
Standard Class,Corporate,United States,Austin,Texas,78745.0,Central,Office Supplies,Storage,856.656,6.0,0.2,107.082,0.125,sales
Standard Class,Consumer,United States,Rockford,Illinois,61107.0,Central,Technology,Phones,1439.968,4.0,0.2,143.9968,0.1,sales
Standard Class,Consumer,United States,Rockford,Illinois,61107.0,Central,Furniture,Tables,626.1,3.0,0.5,-538.446,-0.86,sales
Standard Class,Consumer,United States,Huntsville,Texas,77340.0,Central,Furniture,Tables,609.98,4.0,0.3,-113.282,-0.1857142857142857,sales
Same Day,Corporate,United States,Philadelphia,Pennsylvania,19120.0,East,Technology,Accessories,1119.888,14.0,0.2,209.979,0.18750000000000003,sales
Standard Class,Consumer,United States,Jackson,Tennessee,38301.0,South,Furniture,Tables,934.956,6.0,0.4,-249.3216,-0.26666666666666666,sales
Standard Class,Consumer,United States,Houston,Texas,77070.0,Central,Furniture,Chairs,853.93,5.0,0.3,-24.398,-0.028571428571428574,sales
First Class,Consumer,United States,Virginia Beach,Virginia,23464.0,South,Furniture,Furnishings,756.8,5.0,0.0,75.68,0.10000000000000002,sales
Standard Class,Corporate,United States,Springfield,Missouri,65807.0,Central,Technology,Copiers,4899.93,7.0,0.0,2302.9671,0.4699999999999999,sales
Standard Class,Corporate,United States,Columbia,Tennessee,38401.0,South,Furniture,Tables,1875.258,7.0,0.4,-968.8833,-0.5166666666666666,sales
Standard Class,Consumer,United States,Fayetteville,Arkansas,72701.0,South,Office Supplies,Binders,1793.98,2.0,0.0,843.1706,0.47000000000000003,sales
Standard Class,Consumer,United States,Detroit,Michigan,48205.0,Central,Office Supplies,Binders,9892.74,13.0,0.0,4946.37,0.5,sales
First Class,Home Office,United States,New York City,New York,10011.0,East,Furniture,Chairs,2621.322,11.0,0.1,553.3902,0.2111111111111111,sales
Standard Class,Corporate,United States,Seattle,Washington,98103.0,West,Furniture,Tables,1115.17,7.0,0.0,334.551,0.3,sales
Standard Class,Corporate,United States,Henderson,Kentucky,42420.0,South,Office Supplies,Storage,828.84,6.0,0.0,0.0,0.0,sales
Standard Class,Home Office,United States,Dallas,Texas,75081.0,Central,Technology,Accessories,791.88,3.0,0.2,128.6805,0.1625,sales
Second Class,Corporate,United States,Los Angeles,California,90049.0,West,Technology,Phones,623.96,5.0,0.2,38.9975,0.0625,sales
Second Class,Consumer,United States,Philadelphia,Pennsylvania,19140.0,East,Furniture,Chairs,887.271,3.0,0.3,-63.3765,-0.07142857142857144,sales
Standard Class,Home Office,United States,San Diego,California,92037.0,West,Technology,Phones,555.96,5.0,0.2,41.697,0.075,sales
Standard Class,Consumer,United States,Las Vegas,Nevada,89115.0,West,Technology,Phones,1123.128,9.0,0.2,70.1955,0.0625,sales
Standard Class,Corporate,United States,Burlington,Vermont,5408.0,East,Office Supplies,Storage,1564.29,13.0,0.0,406.7154,0.26,sales
Standard Class,Consumer,United States,Eau Claire,Wisconsin,54703.0,Central,Furniture,Chairs,680.01,3.0,0.0,176.8026,0.26,sales
Second Class,Consumer,United States,San Diego,California,92037.0,West,Technology,Machines,4476.8,4.0,0.2,503.64,0.11249999999999999,sales
Same Day,Home Office,United States,Oxnard,California,93030.0,West,Office Supplies,Storage,1112.94,3.0,0.0,222.588,0.19999999999999998,sales
Standard Class,Consumer,United States,Westminster,California,92683.0,West,Technology,Phones,707.88,3.0,0.2,44.2425,0.0625,sales
Standard Class,Consumer,United States,Westminster,California,92683.0,West,Office Supplies,Appliances,1473.1,5.0,0.0,412.468,0.28,sales
Standard Class,Home Office,United States,Allentown,Pennsylvania,18103.0,East,Office Supplies,Storage,663.072,6.0,0.2,-165.768,-0.25,sales
Standard Class,Consumer,United States,San Jose,California,95123.0,West,Technology,Phones,1432.0,5.0,0.2,125.3,0.0875,sales
First Class,Consumer,United States,Lafayette,Louisiana,70506.0,South,Furniture,Tables,1504.52,4.0,0.0,346.0396,0.23,sales
Standard Class,Consumer,United States,Phoenix,Arizona,85023.0,West,Office Supplies,Binders,946.764,6.0,0.7,-694.2936,-0.7333333333333333,sales
Standard Class,Consumer,United States,Los Angeles,California,90036.0,West,Technology,Phones,1091.168,4.0,0.2,68.198,0.0625,sales
Standard Class,Consumer,United States,Los Angeles,California,90036.0,West,Furniture,Tables,568.728,3.0,0.2,28.4364,0.05,sales
Standard Class,Consumer,United States,New York City,New York,10009.0,East,Technology,Phones,881.93,7.0,0.0,220.4825,0.25,sales
Standard Class,Consumer,United States,New York City,New York,10035.0,East,Office Supplies,Binders,4305.552,6.0,0.2,1453.1238,0.3375,sales
Standard Class,Corporate,United States,New York City,New York,10024.0,East,Technology,Phones,631.96,4.0,0.0,303.3408,0.48,sales
Standard Class,Consumer,United States,Henderson,Kentucky,42420.0,South,Office Supplies,Binders,1577.94,3.0,0.0,757.4112,0.48,sales
First Class,Consumer,United States,Philadelphia,Pennsylvania,19134.0,East,Furniture,Chairs,1079.316,6.0,0.3,-15.4188,-0.014285714285714285,sales
Standard Class,Consumer,United States,Philadelphia,Pennsylvania,19140.0,East,Office Supplies,Supplies,769.184,4.0,0.2,-163.4516,-0.21250000000000002,sales
Standard Class,Consumer,United States,Los Angeles,California,90036.0,West,Furniture,Chairs,594.816,2.0,0.2,59.4816,0.09999999999999999,sales
Standard Class,Corporate,United States,Springfield,Oregon,97477.0,West,Technology,Phones,859.2,3.0,0.2,75.18,0.08750000000000001,sales
First Class,Home Office,United States,Troy,Ohio,45373.0,East,Furniture,Chairs,899.43,5.0,0.3,-12.849,-0.014285714285714287,sales
Standard Class,Consumer,United States,Moreno Valley,California,92553.0,West,Furniture,Furnishings,842.72,8.0,0.0,202.2528,0.24,sales
First Class,Consumer,United States,Chicago,Illinois,60623.0,Central,Furniture,Chairs,520.464,2.0,0.3,-14.8704,-0.028571428571428567,sales
Standard Class,Consumer,United States,Long Beach,New York,11561.0,East,Office Supplies,Storage,1676.88,6.0,0.0,83.844,0.049999999999999996,sales
Standard Class,Consumer,United States,Burlington,Vermont,5408.0,East,Office Supplies,Appliances,542.94,3.0,0.0,152.0232,0.27999999999999997,sales
Same Day,Corporate,United States,Denver,Colorado,80219.0,West,Furniture,Chairs,582.336,8.0,0.2,-29.1168,-0.05,sales
First Class,Consumer,United States,New York City,New York,10011.0,East,Technology,Phones,629.95,5.0,0.0,157.4875,0.25,sales
First Class,Consumer,United States,New York City,New York,10011.0,East,Furniture,Chairs,631.782,2.0,0.1,140.396,0.22222222222222218,sales
First Class,Consumer,United States,New York City,New York,10011.0,East,Furniture,Bookcases,801.568,2.0,0.2,-10.0196,-0.0125,sales
First Class,Consumer,United States,New York City,New York,10011.0,East,Technology,Phones,1349.91,9.0,0.0,661.4559,0.49,sales
Second Class,Consumer,United States,New York City,New York,10024.0,East,Office Supplies,Storage,1591.02,6.0,0.0,286.3836,0.18,sales
First Class,Home Office,United States,Chicago,Illinois,60653.0,Central,Technology,Machines,574.91,2.0,0.3,156.047,0.27142857142857146,sales
Second Class,Consumer,United States,New York City,New York,10035.0,East,Technology,Accessories,1071.0,9.0,0.0,171.36,0.16,sales
First Class,Consumer,United States,Los Angeles,California,90036.0,West,Furniture,Chairs,2803.92,5.0,0.2,0.0,0.0,sales
Standard Class,Corporate,United States,San Francisco,California,94122.0,West,Technology,Phones,604.752,6.0,0.2,60.4752,0.1,sales
Second Class,Consumer,United States,New York City,New York,10035.0,East,Furniture,Chairs,3785.292,6.0,0.1,420.588,0.11111111111111112,sales
Standard Class,Corporate,United States,Huntsville,Texas,77340.0,Central,Furniture,Chairs,1212.96,8.0,0.3,-69.312,-0.05714285714285714,sales
Standard Class,Corporate,United States,Dallas,Texas,75081.0,Central,Technology,Phones,1099.96,5.0,0.2,82.497,0.075,sales
Second Class,Corporate,United States,Louisville,Kentucky,40214.0,South,Furniture,Chairs,701.96,2.0,0.0,168.4704,0.24,sales
Second Class,Corporate,United States,Houston,Texas,77036.0,Central,Furniture,Bookcases,781.864,10.0,0.32,-137.976,-0.1764705882352941,sales
Same Day,Consumer,United States,Wheeling,West Virginia,26003.0,East,Furniture,Tables,673.344,3.0,0.3,-76.9536,-0.11428571428571427,sales
First Class,Consumer,United States,Portland,Oregon,97206.0,West,Technology,Phones,572.8,2.0,0.2,50.12,0.08750000000000001,sales
Standard Class,Consumer,United States,San Francisco,California,94110.0,West,Office Supplies,Binders,2022.272,8.0,0.2,682.5168,0.3375,sales
Standard Class,Corporate,United States,Broken Arrow,Oklahoma,74012.0,Central,Furniture,Tables,1592.85,7.0,0.0,350.427,0.22000000000000003,sales
Standard Class,Corporate,United States,New York City,New York,10009.0,East,Technology,Phones,1091.93,7.0,0.0,272.9825,0.25,sales
Second Class,Consumer,United States,Dearborn Heights,Michigan,48127.0,Central,Office Supplies,Storage,689.82,6.0,0.0,20.6946,0.03,sales
Standard Class,Consumer,United States,Appleton,Wisconsin,54915.0,Central,Technology,Accessories,1649.75,5.0,0.0,544.4175,0.33,sales
Standard Class,Consumer,United States,Philadelphia,Pennsylvania,19140.0,East,Office Supplies,Storage,577.584,6.0,0.2,43.3188,0.07500000000000001,sales
Same Day,Consumer,United States,Tampa,Florida,33614.0,South,Furniture,Chairs,1125.488,7.0,0.2,98.4802,0.0875,sales
First Class,Home Office,United States,New York City,New York,10035.0,East,Technology,Phones,1079.85,3.0,0.0,323.955,0.3,sales
First Class,Home Office,United States,New York City,New York,10035.0,East,Furniture,Chairs,589.41,5.0,0.1,-6.549,-0.011111111111111112,sales
First Class,Corporate,United States,Seattle,Washington,98115.0,West,Office Supplies,Binders,2033.584,2.0,0.2,762.594,0.375,sales
Standard Class,Corporate,United States,Bowling Green,Ohio,43402.0,East,Technology,Copiers,899.982,3.0,0.4,74.9985,0.08333333333333334,sales
First Class,Consumer,United States,Everett,Massachusetts,2149.0,East,Furniture,Chairs,1628.82,9.0,0.0,260.6112,0.16,sales
Standard Class,Corporate,United States,Seattle,Washington,98105.0,West,Furniture,Tables,730.2,4.0,0.0,94.926,0.13,sales
Second Class,Consumer,United States,Concord,North Carolina,28027.0,South,Furniture,Tables,4297.644,13.0,0.4,-1862.3124,-0.4333333333333333,sales
Standard Class,Consumer,United States,Los Angeles,California,90045.0,West,Furniture,Bookcases,3406.664,8.0,0.15,160.3136,0.047058823529411764,sales
Standard Class,Consumer,United States,Los Angeles,California,90045.0,West,Furniture,Furnishings,595.38,6.0,0.0,297.69,0.5,sales
Standard Class,Consumer,United States,New York City,New York,10035.0,East,Furniture,Chairs,579.528,4.0,0.1,83.7096,0.14444444444444443,sales
Standard Class,Home Office,United States,Santa Barbara,California,93101.0,West,Technology,Phones,3023.928,9.0,0.2,226.7946,0.075,sales
Standard Class,Home Office,United States,Philadelphia,Pennsylvania,19143.0,East,Technology,Phones,1499.97,5.0,0.4,-374.9925,-0.25,sales
Standard Class,Corporate,United States,San Francisco,California,94122.0,West,Technology,Phones,668.16,9.0,0.2,75.168,0.11250000000000002,sales
Standard Class,Consumer,United States,Richmond,Virginia,23223.0,South,Technology,Phones,503.96,4.0,0.0,125.99,0.25,sales
Standard Class,Consumer,United States,Houston,Texas,77041.0,Central,Furniture,Bookcases,613.9992,3.0,0.32,-18.0588,-0.029411764705882356,sales
Standard Class,Home Office,United States,Wilmington,Delaware,19805.0,East,Office Supplies,Binders,849.95,5.0,0.0,390.977,0.45999999999999996,sales
Standard Class,Consumer,United States,Philadelphia,Pennsylvania,19143.0,East,Office Supplies,Storage,1080.096,6.0,0.2,-94.5084,-0.0875,sales
First Class,Consumer,United States,Lowell,Massachusetts,1852.0,East,Technology,Phones,979.95,5.0,0.0,284.1855,0.29,sales
Standard Class,Consumer,United States,Seattle,Washington,98115.0,West,Office Supplies,Storage,807.75,5.0,0.0,153.4725,0.19,sales
Standard Class,Corporate,United States,Hampton,Virginia,23666.0,South,Furniture,Chairs,500.24,13.0,0.0,145.0696,0.29000000000000004,sales
Standard Class,Corporate,United States,Hampton,Virginia,23666.0,South,Office Supplies,Binders,896.99,1.0,0.0,421.5853,0.47000000000000003,sales
Standard Class,Corporate,United States,Burlington,Vermont,5408.0,East,Furniture,Bookcases,4404.9,5.0,0.0,1013.127,0.23,sales
Standard Class,Consumer,United States,Chicago,Illinois,60653.0,Central,Furniture,Chairs,797.944,4.0,0.3,-56.996,-0.07142857142857144,sales
Standard Class,Corporate,United States,San Francisco,California,94109.0,West,Furniture,Chairs,1403.92,5.0,0.2,70.196,0.049999999999999996,sales
Standard Class,Consumer,United States,San Antonio,Texas,78207.0,Central,Office Supplies,Binders,2177.584,8.0,0.8,-3701.8928,-1.7000000000000002,sales
Standard Class,Consumer,United States,Long Beach,New York,11561.0,East,Office Supplies,Binders,673.568,2.0,0.2,252.588,0.375,sales
Standard Class,Consumer,United States,Houston,Texas,77070.0,Central,Furniture,Bookcases,1023.332,5.0,0.32,-30.098,-0.029411764705882353,sales
Standard Class,Consumer,United States,Houston,Texas,77070.0,Central,Furniture,Chairs,600.558,3.0,0.3,-8.5794,-0.014285714285714285,sales
Standard Class,Corporate,United States,Saint Petersburg,Florida,33710.0,South,Office Supplies,Storage,516.96,4.0,0.2,-6.462,-0.012499999999999999,sales
Standard Class,Corporate,United States,Springfield,Ohio,45503.0,East,Technology,Accessories,895.944,7.0,0.2,190.3881,0.21250000000000002,sales
Second Class,Home Office,United States,Los Angeles,California,90008.0,West,Furniture,Furnishings,511.5,5.0,0.0,132.99,0.26,sales
Standard Class,Corporate,United States,Seattle,Washington,98103.0,West,Furniture,Tables,3393.68,8.0,0.0,610.8624,0.18,sales
Second Class,Corporate,United States,New York City,New York,10009.0,East,Office Supplies,Storage,1085.42,7.0,0.0,282.2092,0.26,sales
First Class,Home Office,United States,Cleveland,Ohio,44105.0,East,Office Supplies,Storage,848.544,4.0,0.2,-21.2136,-0.025,sales
Standard Class,Consumer,United States,New York City,New York,10035.0,East,Furniture,Chairs,573.174,7.0,0.1,63.686,0.11111111111111112,sales
First Class,Corporate,United States,Anaheim,California,92804.0,West,Furniture,Chairs,717.72,3.0,0.2,71.772,0.1,sales
Standard Class,Corporate,United States,Bryan,Texas,77803.0,Central,Furniture,Chairs,528.43,5.0,0.3,-143.431,-0.27142857142857146,sales
First Class,Corporate,United States,New York City,New York,10035.0,East,Office Supplies,Binders,1087.936,8.0,0.2,353.5792,0.325,sales
Same Day,Consumer,United States,San Francisco,California,94122.0,West,Technology,Copiers,2799.96,5.0,0.2,944.9865,0.33749999999999997,sales
Standard Class,Consumer,United States,San Bernardino,California,92404.0,West,Furniture,Bookcases,683.332,4.0,0.15,-40.196,-0.058823529411764705,sales
Standard Class,Consumer,United States,Anaheim,California,92804.0,West,Office Supplies,Storage,998.82,9.0,0.0,29.9646,0.03,sales
Second Class,Corporate,United States,Indianapolis,Indiana,46203.0,Central,Furniture,Chairs,1925.88,6.0,0.0,539.2464,0.27999999999999997,sales
Second Class,Corporate,United States,Indianapolis,Indiana,46203.0,Central,Office Supplies,Appliances,2405.2,8.0,0.0,793.716,0.33,sales
Standard Class,Consumer,United States,Plainfield,New Jersey,7060.0,East,Office Supplies,Binders,735.98,2.0,0.0,331.191,0.44999999999999996,sales
Second Class,Consumer,United States,Columbus,Ohio,43229.0,East,Office Supplies,Fasteners,40.096,14.0,0.2,14.5348,0.36250000000000004,quantity
Standard Class,Consumer,United States,Roseville,California,95661.0,West,Furniture,Furnishings,43.12,14.0,0.0,20.6976,0.48000000000000004,quantity
Standard Class,Corporate,United States,Franklin,Wisconsin,53132.0,Central,Technology,Phones,384.45,11.0,0.0,103.8015,0.27,quantity
Standard Class,Consumer,United States,San Diego,California,92037.0,West,Technology,Accessories,498.975,13.0,0.0,636.0003,0.19000000000000003,quantity
First Class,Consumer,United States,Philadelphia,Pennsylvania,19143.0,East,Office Supplies,Labels,100.24,10.0,0.2,33.831,0.3375,quantity
Second Class,Corporate,United States,Philadelphia,Pennsylvania,19140.0,East,Office Supplies,Binders,498.975,10.0,0.7,-407.976,-0.7999999999999999,quantity
Second Class,Corporate,United States,Philadelphia,Pennsylvania,19140.0,East,Office Supplies,Fasteners,30.992,13.0,0.2,10.0724,0.325,quantity
Second Class,Corporate,United States,Philadelphia,Pennsylvania,19140.0,East,Technology,Phones,71.928,12.0,0.4,8.3916,0.11666666666666668,quantity
Standard Class,Consumer,United States,Tucson,Arizona,85705.0,West,Technology,Accessories,479.04,10.0,0.2,-29.94,-0.0625,quantity
Standard Class,Consumer,United States,San Francisco,California,94110.0,West,Furniture,Bookcases,498.975,13.0,0.15,31.4548,0.023529411764705882,quantity
Second Class,Consumer,United States,Long Beach,California,90805.0,West,Office Supplies,Paper,160.72,14.0,0.0,78.7528,0.48999999999999994,quantity
Second Class,Consumer,United States,Grove City,Ohio,43123.0,East,Technology,Phones,119.94,10.0,0.4,15.992,0.13333333333333333,quantity
Standard Class,Home Office,United States,New York City,New York,10024.0,East,Office Supplies,Paper,379.4,10.0,0.0,178.318,0.4700000000000001,quantity
Standard Class,Consumer,United States,Arlington,Texas,76017.0,Central,Office Supplies,Storage,498.975,14.0,0.2,-135.765,-0.18749999999999997,quantity
Same Day,Corporate,United States,San Diego,California,92105.0,West,Furniture,Tables,498.975,10.0,0.2,-28.356,-0.05,quantity
Standard Class,Consumer,United States,Trenton,Michigan,48183.0,Central,Furniture,Furnishings,157.74,11.0,0.0,56.7864,0.36,quantity
Standard Class,Consumer,United States,New York City,New York,10035.0,East,Office Supplies,Supplies,102.3,10.0,0.0,26.598,0.26,quantity
Standard Class,Consumer,United States,San Diego,California,92105.0,West,Office Supplies,Storage,83.76,12.0,0.0,1.6752,0.02,quantity
Standard Class,Home Office,United States,Philadelphia,Pennsylvania,19120.0,East,Furniture,Tables,498.975,12.0,0.4,-619.596,-0.3,quantity
Second Class,Consumer,United States,Seattle,Washington,98103.0,West,Furniture,Tables,498.975,13.0,0.0,356.0414,0.22000000000000003,quantity
Standard Class,Home Office,United States,Rockford,Illinois,61107.0,Central,Furniture,Chairs,254.604,14.0,0.3,-18.186,-0.07142857142857142,quantity
Second Class,Consumer,United States,San Francisco,California,94109.0,West,Technology,Phones,498.975,12.0,0.2,125.2692,0.1125,quantity
Standard Class,Consumer,United States,Houston,Texas,77041.0,Central,Office Supplies,Fasteners,58.368,12.0,0.2,21.888,0.375,quantity
Second Class,Consumer,United States,Fresno,California,93727.0,West,Furniture,Tables,498.975,12.0,0.2,135.4068,0.0375,quantity
Standard Class,Consumer,United States,New York City,New York,10009.0,East,Office Supplies,Appliances,498.975,13.0,0.0,511.368,0.3,quantity
Standard Class,Consumer,United States,Pueblo,Colorado,81001.0,West,Office Supplies,Appliances,498.975,13.0,0.2,84.5728,0.1,quantity
Standard Class,Consumer,United States,Lakeville,Minnesota,55044.0,Central,Office Supplies,Binders,53.4,10.0,0.0,25.098,0.47,quantity
Same Day,Consumer,United States,Houston,Texas,77036.0,Central,Office Supplies,Storage,281.424,11.0,0.2,-35.178,-0.125,quantity
First Class,Corporate,United States,Tucson,Arizona,85705.0,West,Office Supplies,Binders,38.388,14.0,0.7,-25.592,-0.6666666666666666,quantity
Second Class,Corporate,United States,Salinas,California,93905.0,West,Office Supplies,Labels,427.42,14.0,0.0,196.6132,0.46,quantity
Second Class,Consumer,United States,Florence,Alabama,35630.0,South,Furniture,Chairs,498.975,14.0,0.0,163.7874,0.09,quantity
First Class,Corporate,United States,New York City,New York,10011.0,East,Furniture,Furnishings,498.975,13.0,0.0,175.136,0.32,quantity
Standard Class,Consumer,United States,San Francisco,California,94122.0,West,Office Supplies,Appliances,498.975,14.0,0.0,510.636,0.30000000000000004,quantity
Second Class,Home Office,United States,Fort Worth,Texas,76106.0,Central,Office Supplies,Paper,360.712,11.0,0.2,130.7581,0.36250000000000004,quantity
Standard Class,Consumer,United States,Redmond,Oregon,97756.0,West,Office Supplies,Binders,31.32,10.0,0.7,-25.056,-0.8,quantity
Standard Class,Corporate,United States,Los Angeles,California,90049.0,West,Office Supplies,Paper,64.74,13.0,0.0,30.4278,0.4700000000000001,quantity
Second Class,Consumer,United States,Fairfield,Connecticut,6824.0,East,Office Supplies,Binders,43.8,10.0,0.0,21.024,0.48000000000000004,quantity
First Class,Consumer,United States,San Jose,California,95123.0,West,Office Supplies,Binders,61.776,13.0,0.2,20.8494,0.33749999999999997,quantity
Second Class,Corporate,United States,Henderson,Kentucky,42420.0,South,Office Supplies,Binders,364.8,12.0,0.0,167.808,0.45999999999999996,quantity
Standard Class,Consumer,United States,Los Angeles,California,90045.0,West,Technology,Phones,79.92,10.0,0.2,26.973,0.33749999999999997,quantity
Standard Class,Corporate,United States,Sparks,Nevada,89431.0,West,Technology,Machines,498.975,10.0,0.2,179.73,0.075,quantity
Standard Class,Consumer,United States,Fairfield,Ohio,45014.0,East,Office Supplies,Fasteners,39.312,13.0,0.2,12.7764,0.325,quantity
Standard Class,Home Office,United States,Alexandria,Virginia,22304.0,South,Technology,Phones,155.35,13.0,0.0,0.0,0.0,quantity
Standard Class,Consumer,United States,San Francisco,California,94110.0,West,Office Supplies,Binders,121.68,13.0,0.2,38.025,0.31249999999999994,quantity
First Class,Corporate,United States,Springfield,Ohio,45503.0,East,Office Supplies,Binders,11.22,10.0,0.7,-7.48,-0.6666666666666666,quantity
Standard Class,Corporate,United States,New York City,New York,10035.0,East,Technology,Phones,498.975,11.0,0.0,494.9725,0.25,quantity
Second Class,Consumer,United States,Vacaville,California,95687.0,West,Office Supplies,Storage,423.28,11.0,0.0,110.0528,0.26,quantity
Standard Class,Consumer,United States,Lakeville,Minnesota,55044.0,Central,Office Supplies,Art,22.0,10.0,0.0,9.68,0.44,quantity
Standard Class,Corporate,United States,Redondo Beach,California,90278.0,West,Technology,Phones,498.975,14.0,0.2,94.0702,0.08750000000000001,quantity
Standard Class,Corporate,United States,Rochester,New York,14609.0,East,Furniture,Furnishings,69.08,11.0,0.0,29.0136,0.42000000000000004,quantity
Standard Class,Home Office,United States,San Diego,California,92024.0,West,Office Supplies,Binders,64.96,14.0,0.2,22.736,0.35000000000000003,quantity
Standard Class,Consumer,United States,New York City,New York,10011.0,East,Office Supplies,Binders,52.272,11.0,0.2,17.6418,0.3375,quantity
Second Class,Corporate,United States,San Francisco,California,94110.0,West,Office Supplies,Labels,31.5,10.0,0.0,15.12,0.48,quantity
Standard Class,Corporate,United States,Tallahassee,Florida,32303.0,South,Office Supplies,Paper,62.192,13.0,0.2,19.435,0.3125,quantity
Standard Class,Consumer,United States,Richmond,Indiana,47374.0,Central,Office Supplies,Appliances,207.24,11.0,0.0,58.0272,0.27999999999999997,quantity
Second Class,Consumer,United States,Chicago,Illinois,60623.0,Central,Office Supplies,Binders,13.468,13.0,0.8,-22.8956,-1.7000000000000002,quantity
First Class,Home Office,United States,New York City,New York,10035.0,East,Technology,Machines,498.975,11.0,0.0,767.2005,0.45,quantity
Standard Class,Home Office,United States,Dubuque,Iowa,52001.0,Central,Furniture,Chairs,498.975,10.0,0.0,394.268,0.27999999999999997,quantity
Second Class,Consumer,United States,New York City,New York,10024.0,East,Office Supplies,Paper,108.92,14.0,0.0,49.014,0.45,quantity
Standard Class,Consumer,United States,Long Beach,New York,11561.0,East,Office Supplies,Art,104.8,10.0,0.0,26.2,0.25,quantity
Standard Class,Home Office,United States,Richmond,Kentucky,40475.0,South,Office Supplies,Storage,498.975,12.0,0.0,375.4296,0.26,quantity
Second Class,Home Office,United States,San Francisco,California,94109.0,West,Furniture,Chairs,498.975,12.0,0.2,42.588,0.0625,quantity
Standard Class,Home Office,United States,Quincy,Massachusetts,2169.0,East,Technology,Accessories,258.9,10.0,0.0,93.204,0.36,quantity
Standard Class,Consumer,United States,Salem,Oregon,97301.0,West,Technology,Accessories,103.92,10.0,0.2,-18.186,-0.175,quantity
Standard Class,Corporate,United States,Dallas,Texas,75217.0,Central,Office Supplies,Storage,107.44,10.0,0.2,10.744,0.1,quantity
Second Class,Home Office,United States,Los Angeles,California,90045.0,West,Office Supplies,Storage,270.34,14.0,0.0,75.6952,0.28,quantity
Standard Class,Corporate,United States,San Antonio,Texas,78207.0,Central,Office Supplies,Paper,42.24,10.0,0.2,13.2,0.31249999999999994,quantity
Standard Class,Home Office,United States,Seattle,Washington,98115.0,West,Furniture,Furnishings,63.47,11.0,0.0,19.041,0.3,quantity
Standard Class,Consumer,United States,Los Angeles,California,90036.0,West,Furniture,Furnishings,474.43,11.0,0.0,199.2606,0.42000000000000004,quantity
First Class,Corporate,United States,New York City,New York,10035.0,East,Technology,Accessories,498.975,10.0,0.0,191.968,0.32,quantity
Standard Class,Corporate,United States,Philadelphia,Pennsylvania,19134.0,East,Office Supplies,Labels,55.44,11.0,0.2,18.018,0.325,quantity
Standard Class,Corporate,United States,Charlotte,North Carolina,28205.0,South,Office Supplies,Labels,47.808,12.0,0.2,15.5376,0.325,quantity
Standard Class,Corporate,United States,Jackson,Tennessee,38301.0,South,Furniture,Furnishings,498.975,11.0,0.2,190.4298,0.275,quantity
Second Class,Consumer,United States,Tallahassee,Florida,32303.0,South,Technology,Phones,498.975,13.0,0.2,327.5922,0.075,quantity
Second Class,Consumer,United States,Fargo,North Dakota,58103.0,Central,Office Supplies,Art,21.5,10.0,0.0,7.095,0.33,quantity
Standard Class,Consumer,United States,Los Angeles,California,90049.0,West,Office Supplies,Binders,43.584,12.0,0.2,15.7992,0.3625,quantity
Standard Class,Corporate,United States,New York City,New York,10035.0,East,Office Supplies,Paper,65.78,11.0,0.0,32.2322,0.49,quantity
Standard Class,Corporate,United States,Fort Worth,Texas,76106.0,Central,Office Supplies,Binders,11.06,10.0,0.8,-18.802,-1.7,quantity
Standard Class,Consumer,United States,Logan,Utah,84321.0,West,Technology,Accessories,82.8,12.0,0.0,6.624,0.08,quantity
Second Class,Consumer,United States,Los Angeles,California,90008.0,West,Office Supplies,Paper,42.8,10.0,0.0,19.26,0.45000000000000007,quantity
Second Class,Corporate,United States,Salem,Oregon,97301.0,West,Office Supplies,Art,71.632,11.0,0.2,17.908,0.25,quantity
Standard Class,Consumer,United States,Seattle,Washington,98103.0,West,Office Supplies,Binders,498.975,11.0,0.2,190.0206,0.3375,quantity
Standard Class,Corporate,United States,Springfield,Virginia,22153.0,South,Furniture,Tables,498.975,10.0,0.0,386.835,0.16999999999999998,quantity
Standard Class,Consumer,United States,Philadelphia,Pennsylvania,19143.0,East,Technology,Phones,498.975,14.0,0.4,72.7888,0.1333333333333333,quantity
Standard Class,Corporate,United States,Los Angeles,California,90004.0,West,Office Supplies,Appliances,39.0,12.0,0.0,11.31,0.29000000000000004,quantity
Standard Class,Consumer,United States,New York City,New York,10035.0,East,Office Supplies,Binders,62.296,13.0,0.2,21.0249,0.33749999999999997,quantity
First Class,Consumer,United States,Scottsdale,Arizona,85254.0,West,Office Supplies,Binders,32.34,10.0,0.7,-23.716,-0.7333333333333333,quantity
Standard Class,Corporate,United States,Philadelphia,Pennsylvania,19134.0,East,Furniture,Chairs,239.96,10.0,0.3,-10.284,-0.04285714285714286,quantity
First Class,Home Office,United States,Long Beach,California,90805.0,West,Office Supplies,Paper,80.28,12.0,0.0,36.9288,0.46,quantity
Standard Class,Corporate,United States,La Crosse,Wisconsin,54601.0,Central,Furniture,Furnishings,68.64,11.0,0.0,17.16,0.25,quantity
Standard Class,Corporate,United States,Alexandria,Virginia,22304.0,South,Furniture,Furnishings,192.22,14.0,0.0,69.1992,0.36000000000000004,quantity
Standard Class,Consumer,United States,Seattle,Washington,98103.0,West,Office Supplies,Binders,53.984,14.0,0.2,17.5448,0.32499999999999996,quantity
First Class,Corporate,United States,Long Beach,New York,11561.0,East,Furniture,Chairs,498.975,10.0,0.1,209.274,0.14444444444444446,quantity
Standard Class,Corporate,United States,Bellingham,Washington,98226.0,West,Technology,Accessories,498.975,10.0,0.0,362.835,0.32999999999999996,quantity
Second Class,Consumer,United States,Los Angeles,California,90049.0,West,Technology,Accessories,435.84,12.0,0.0,130.752,0.30000000000000004,quantity
First Class,Consumer,United States,Mesa,Arizona,85204.0,West,Technology,Phones,498.975,10.0,0.2,34.5,0.0625,quantity
Standard Class,Consumer,United States,New York City,New York,10035.0,East,Furniture,Chairs,498.975,11.0,0.1,609.7157,0.2111111111111111,quantity
Standard Class,Home Office,United States,New York City,New York,10011.0,East,Furniture,Chairs,498.975,14.0,0.1,161.9674,0.21111111111111108,quantity
Second Class,Home Office,United States,San Francisco,California,94110.0,West,Furniture,Bookcases,498.975,10.0,0.15,70.49,0.058823529411764705,quantity
Second Class,Consumer,United States,Tulsa,Oklahoma,74133.0,Central,Technology,Accessories,167.28,12.0,0.0,23.4192,0.13999999999999999,quantity
Standard Class,Consumer,United States,Philadelphia,Pennsylvania,19120.0,East,Office Supplies,Art,106.8,10.0,0.2,10.68,0.1,quantity
Same Day,Consumer,United States,Seattle,Washington,98105.0,West,Office Supplies,Paper,71.28,11.0,0.0,34.2144,0.48,quantity
Standard Class,Home Office,United States,Houston,Texas,77070.0,Central,Office Supplies,Labels,100.24,10.0,0.2,33.831,0.3375,quantity
Standard Class,Consumer,United States,Jacksonville,North Carolina,28540.0,South,Office Supplies,Paper,295.456,14.0,0.2,96.0232,0.325,quantity
Standard Class,Home Office,United States,Louisville,Kentucky,40214.0,South,Technology,Accessories,279.86,14.0,0.0,64.3678,0.23,quantity
Standard Class,Consumer,United States,San Francisco,California,94122.0,West,Office Supplies,Art,99.3,10.0,0.0,41.706,0.42000000000000004,quantity
Standard Class,Consumer,United States,Buffalo,New York,14215.0,East,Furniture,Bookcases,498.975,10.0,0.2,-50.098,-0.012499999999999999,quantity
Second Class,Consumer,United States,New York City,New York,10024.0,East,Technology,Phones,279.86,14.0,0.0,134.3328,0.4799999999999999,quantity
Same Day,Consumer,United States,Charlotte,North Carolina,28205.0,South,Office Supplies,Binders,68.541,11.0,0.7,-52.5481,-0.7666666666666667,quantity
Second Class,Home Office,United States,Lake Charles,Louisiana,70601.0,South,Office Supplies,Binders,477.51,11.0,0.0,219.6546,0.45999999999999996,quantity
Standard Class,Consumer,United States,Los Angeles,California,90008.0,West,Technology,Accessories,274.89,11.0,0.0,46.7313,0.17,quantity
Standard Class,Consumer,United States,New York City,New York,10035.0,East,Furniture,Bookcases,498.975,12.0,0.2,42.588,0.0625,quantity
Second Class,Consumer,United States,San Francisco,California,94122.0,West,Office Supplies,Storage,236.5,10.0,0.0,68.585,0.29,quantity
Standard Class,Consumer,United States,San Francisco,California,94109.0,West,Technology,Machines,369.16,11.0,0.2,32.3015,0.08749999999999998,quantity
Standard Class,Corporate,United States,Seattle,Washington,98115.0,West,Office Supplies,Binders,51.648,12.0,0.2,18.7224,0.3625,quantity
Standard Class,Home Office,United States,Fort Lauderdale,Florida,33311.0,South,Technology,Accessories,498.975,10.0,0.2,239.976,0.3,quantity
Standard Class,Consumer,United States,Atlanta,Georgia,30318.0,South,Office Supplies,Labels,162.89,13.0,0.0,76.5583,0.47000000000000003,quantity
Second Class,Consumer,United States,Long Beach,California,90805.0,West,Office Supplies,Storage,153.78,11.0,0.0,44.5962,0.29000000000000004,quantity
Standard Class,Consumer,United States,Omaha,Nebraska,68104.0,Central,Furniture,Furnishings,498.975,14.0,0.0,387.5676,0.29000000000000004,quantity
Standard Class,Consumer,United States,Springfield,Oregon,97477.0,West,Technology,Accessories,55.92,10.0,0.2,16.776,0.3,quantity
Second Class,Corporate,United States,Charlotte,North Carolina,28205.0,South,Furniture,Tables,498.975,10.0,0.4,-292.1,-0.33333333333333337,quantity
Second Class,Consumer,United States,Arlington,Virginia,22204.0,South,Office Supplies,Paper,71.28,11.0,0.0,34.2144,0.48,quantity
Standard Class,Consumer,United States,Arlington,Virginia,22204.0,South,Technology,Phones,498.975,12.0,0.0,561.564,0.3,quantity
Standard Class,Home Office,United States,Dallas,Texas,75217.0,Central,Office Supplies,Binders,3.96,10.0,0.8,-6.93,-1.75,quantity
First Class,Corporate,United States,San Diego,California,92037.0,West,Office Supplies,Storage,134.8,10.0,0.0,35.048,0.26,quantity
First Class,Home Office,United States,San Diego,California,92037.0,West,Furniture,Tables,498.975,12.0,0.2,20.9148,0.0125,quantity
Standard Class,Consumer,United States,Marysville,Washington,98270.0,West,Office Supplies,Fasteners,93.36,12.0,0.0,0.9336,0.01,quantity
First Class,Consumer,United States,Saint Louis,Missouri,63116.0,Central,Office Supplies,Appliances,83.9,10.0,0.0,20.975,0.25,quantity
Standard Class,Consumer,United States,Huntsville,Texas,77340.0,Central,Office Supplies,Binders,13.748,14.0,0.8,-22.6842,-1.6500000000000001,quantity
Standard Class,Corporate,United States,Springfield,Oregon,97477.0,West,Office Supplies,Storage,498.975,10.0,0.2,-161.694,-0.22499999999999998,quantity
Standard Class,Consumer,United States,San Francisco,California,94110.0,West,Office Supplies,Binders,31.504,11.0,0.2,11.0264,0.35000000000000003,quantity
Standard Class,Home Office,United States,Philadelphia,Pennsylvania,19140.0,East,Office Supplies,Storage,284.08,10.0,0.2,24.857,0.08750000000000001,quantity
Second Class,Consumer,United States,Everett,Massachusetts,2149.0,East,Office Supplies,Paper,189.7,10.0,0.0,91.056,0.48000000000000004,quantity
Standard Class,Corporate,United States,Lawrence,Massachusetts,1841.0,East,Technology,Phones,209.5,10.0,0.0,58.66,0.27999999999999997,quantity
Standard Class,Corporate,United States,Arlington,Texas,76017.0,Central,Office Supplies,Paper,51.84,10.0,0.2,18.144,0.3499999999999999,quantity
Standard Class,Corporate,United States,Baltimore,Maryland,21215.0,East,Furniture,Furnishings,274.2,10.0,0.0,112.422,0.41000000000000003,quantity
Standard Class,Consumer,United States,Las Vegas,Nevada,89115.0,West,Office Supplies,Binders,45.584,11.0,0.2,16.5242,0.3625,quantity
Same Day,Consumer,United States,Seattle,Washington,98115.0,West,Furniture,Furnishings,199.8,10.0,0.0,71.928,0.36,quantity
First Class,Consumer,United States,Detroit,Michigan,48205.0,Central,Technology,Accessories,175.23,11.0,0.0,61.3305,0.35000000000000003,quantity
Standard Class,Corporate,United States,Florence,Kentucky,41042.0,South,Office Supplies,Art,35.76,12.0,0.0,10.0128,0.28,quantity
Standard Class,Home Office,United States,Columbus,Ohio,43229.0,East,Furniture,Furnishings,54.992,14.0,0.2,8.9362,0.1625,quantity
Standard Class,Corporate,United States,Hempstead,New York,11550.0,East,Office Supplies,Binders,222.352,13.0,0.2,77.8232,0.35,quantity
Standard Class,Corporate,United States,Jacksonville,North Carolina,28540.0,South,Office Supplies,Fasteners,31.504,11.0,0.2,11.814,0.375,quantity
Second Class,Corporate,United States,Seattle,Washington,98115.0,West,Office Supplies,Binders,33.44,10.0,0.2,11.704,0.35000000000000003,quantity
First Class,Corporate,United States,Raleigh,North Carolina,27604.0,South,Furniture,Furnishings,159.84,10.0,0.2,45.954,0.2875,quantity
Standard Class,Corporate,United States,Seattle,Washington,98105.0,West,Furniture,Furnishings,70.68,12.0,0.0,31.0992,0.43999999999999995,quantity
First Class,Corporate,United States,Los Angeles,California,90008.0,West,Office Supplies,Paper,192.72,11.0,0.0,92.5056,0.48,quantity
Same Day,Corporate,United States,Philadelphia,Pennsylvania,19120.0,East,Technology,Accessories,498.975,14.0,0.2,209.979,0.18750000000000003,quantity
Standard Class,Corporate,United States,Toledo,Ohio,43615.0,East,Office Supplies,Binders,166.92,13.0,0.7,-116.844,-0.7000000000000001,quantity
Standard Class,Consumer,United States,Detroit,Michigan,48205.0,Central,Office Supplies,Binders,498.975,13.0,0.0,4946.37,0.5,quantity
First Class,Home Office,United States,New York City,New York,10011.0,East,Furniture,Chairs,498.975,11.0,0.1,553.3902,0.2111111111111111,quantity
Standard Class,Consumer,United States,Chicago,Illinois,60653.0,Central,Office Supplies,Paper,322.192,13.0,0.2,100.685,0.3125,quantity
Standard Class,Consumer,United States,Houston,Texas,77041.0,Central,Office Supplies,Binders,32.06,10.0,0.8,-51.296,-1.5999999999999999,quantity
Standard Class,Corporate,United States,Burlington,Vermont,5408.0,East,Office Supplies,Storage,498.975,13.0,0.0,406.7154,0.26,quantity
Standard Class,Corporate,United States,Bangor,Maine,4401.0,East,Office Supplies,Paper,259.74,13.0,0.0,124.6752,0.48,quantity
Standard Class,Home Office,United States,Jackson,Mississippi,39212.0,South,Office Supplies,Paper,319.76,14.0,0.0,147.0896,0.45999999999999996,quantity
Second Class,Corporate,United States,Houston,Texas,77036.0,Central,Furniture,Bookcases,498.975,10.0,0.32,-137.976,-0.1764705882352941,quantity
First Class,Home Office,United States,Greenwood,Indiana,46142.0,Central,Office Supplies,Paper,67.8,10.0,0.0,31.188,0.46,quantity
Standard Class,Consumer,United States,Chicago,Illinois,60653.0,Central,Office Supplies,Art,54.208,14.0,0.2,8.8088,0.1625,quantity
Standard Class,Consumer,United States,New York City,New York,10011.0,East,Furniture,Chairs,427.644,14.0,0.1,80.7772,0.18888888888888888,quantity
Second Class,Consumer,United States,Concord,North Carolina,28027.0,South,Furniture,Tables,498.975,13.0,0.4,-1862.3124,-0.4333333333333333,quantity
Standard Class,Corporate,United States,Fairfield,Connecticut,6824.0,East,Office Supplies,Storage,470.36,11.0,0.0,122.2936,0.26,quantity
Standard Class,Home Office,United States,New York City,New York,10011.0,East,Office Supplies,Binders,296.712,13.0,0.2,100.1403,0.3375,quantity
Standard Class,Corporate,United States,Hampton,Virginia,23666.0,South,Furniture,Chairs,498.975,13.0,0.0,145.0696,0.29000000000000004,quantity
Standard Class,Corporate,United States,Saint Petersburg,Florida,33710.0,South,Office Supplies,Paper,42.24,10.0,0.2,13.2,0.31249999999999994,quantity
First Class,Consumer,United States,Woodstock,Georgia,30188.0,South,Technology,Accessories,272.61,13.0,0.0,98.1396,0.36,quantity
Standard Class,Consumer,United States,Chicago,Illinois,60623.0,Central,Technology,Accessories,153.824,11.0,0.2,38.456,0.25,quantity
Standard Class,Consumer,United States,San Francisco,California,94122.0,West,Technology,Accessories,223.58,14.0,0.0,87.1962,0.39,quantity
Standard Class,Home Office,United States,Los Angeles,California,90032.0,West,Office Supplies,Binders,437.472,14.0,0.2,153.1152,0.35,quantity
Standard Class,Consumer,United States,Long Beach,New York,11561.0,East,Office Supplies,Labels,31.5,10.0,0.0,15.12,0.48,quantity
Standard Class,Home Office,United States,Fort Worth,Texas,76106.0,Central,Office Supplies,Appliances,68.81,5.0,0.8,-123.858,-1.8,discount
Standard Class,Home Office,United States,Fort Worth,Texas,76106.0,Central,Office Supplies,Binders,2.544,3.0,0.8,-3.816,-1.5,discount
Standard Class,Consumer,United States,Philadelphia,Pennsylvania,19140.0,East,Office Supplies,Binders,9.618,2.0,0.7,-7.0532,-0.7333333333333334,discount
Standard Class,Consumer,United States,Philadelphia,Pennsylvania,19140.0,East,Office Supplies,Binders,6.858,6.0,0.7,-5.715,-0.8333333333333334,discount
First Class,Corporate,United States,Richardson,Texas,75080.0,Central,Furniture,Furnishings,190.92,5.0,0.6,-147.963,-0.775,discount
First Class,Corporate,United States,Houston,Texas,77041.0,Central,Office Supplies,Binders,1.248,3.0,0.8,-1.9344,-1.5499999999999998,discount
First Class,Corporate,United States,Houston,Texas,77041.0,Central,Furniture,Furnishings,9.708,3.0,0.6,-5.8248,-0.6,discount
Second Class,Consumer,United States,Houston,Texas,77070.0,Central,Furniture,Furnishings,19.3,5.0,0.6,-14.475,-0.75,discount
Standard Class,Home Office,United States,Portland,Oregon,97206.0,West,Office Supplies,Binders,5.682,1.0,0.7,-3.788,-0.6666666666666666,discount
Standard Class,Home Office,United States,Chicago,Illinois,60610.0,Central,Office Supplies,Binders,1.788,3.0,0.8,-3.0396,-1.7,discount
Standard Class,Consumer,United States,Aurora,Colorado,80013.0,West,Office Supplies,Binders,36.882,3.0,0.7,-25.8174,-0.7000000000000001,discount
Standard Class,Corporate,United States,Bristol,Tennessee,37620.0,South,Office Supplies,Binders,157.794,1.0,0.7,-115.7156,-0.7333333333333333,discount
Standard Class,Consumer,United States,Phoenix,Arizona,85023.0,West,Office Supplies,Binders,2.388,2.0,0.7,-1.8308,-0.7666666666666667,discount
Standard Class,Consumer,United States,San Antonio,Texas,78207.0,Central,Office Supplies,Appliances,177.98,5.0,0.8,-453.849,-2.5500000000000003,discount
Standard Class,Corporate,United States,Chicago,Illinois,60623.0,Central,Office Supplies,Appliances,52.448,2.0,0.8,-131.12,-2.5,discount
Second Class,Consumer,United States,Houston,Texas,77036.0,Central,Office Supplies,Appliances,97.264,4.0,0.8,-243.16,-2.5,discount
Standard Class,Corporate,United States,Philadelphia,Pennsylvania,19120.0,East,Office Supplies,Binders,2.946,2.0,0.7,-2.2586,-0.7666666666666666,discount
Second Class,Consumer,United States,Dallas,Texas,75220.0,Central,Office Supplies,Appliances,66.284,2.0,0.8,-178.9668,-2.6999999999999997,discount
Standard Class,Corporate,United States,Medina,Ohio,44256.0,East,Technology,Machines,498.975,9.0,0.7,-950.4,-0.7999999999999999,discount
First Class,Consumer,United States,Dublin,Ohio,43017.0,East,Office Supplies,Binders,19.776,4.0,0.7,-13.8432,-0.7,discount
First Class,Consumer,United States,Dublin,Ohio,43017.0,East,Technology,Machines,479.988,4.0,0.7,-383.9904,-0.8,discount
Standard Class,Corporate,United States,Charlotte,North Carolina,28205.0,South,Office Supplies,Binders,18.648,7.0,0.7,-12.432,-0.6666666666666667,discount
Standard Class,Home Office,United States,Tampa,Florida,33614.0,South,Office Supplies,Binders,5.328,2.0,0.7,-3.552,-0.6666666666666666,discount
Second Class,Consumer,United States,Chicago,Illinois,60610.0,Central,Furniture,Furnishings,419.68,5.0,0.6,-356.728,-0.85,discount
Second Class,Consumer,United States,Chicago,Illinois,60610.0,Central,Furniture,Furnishings,11.688,3.0,0.6,-4.6752,-0.4,discount
Second Class,Consumer,United States,Chicago,Illinois,60610.0,Central,Furniture,Furnishings,4.044,3.0,0.6,-2.8308,-0.7000000000000001,discount
Standard Class,Corporate,United States,Chicago,Illinois,60623.0,Central,Furniture,Furnishings,12.132,9.0,0.6,-8.4924,-0.7000000000000001,discount
Standard Class,Corporate,United States,Pasadena,Texas,77506.0,Central,Office Supplies,Appliances,1.624,2.0,0.8,-4.466,-2.75,discount
Second Class,Consumer,United States,Houston,Texas,77070.0,Central,Office Supplies,Binders,2.08,5.0,0.8,-3.432,-1.65,discount
Second Class,Corporate,United States,Tamarac,Florida,33319.0,South,Office Supplies,Binders,254.058,7.0,0.7,-169.372,-0.6666666666666667,discount
First Class,Corporate,United States,Colorado Springs,Colorado,80906.0,West,Office Supplies,Binders,78.6,5.0,0.7,-62.88,-0.8,discount
First Class,Consumer,United States,Philadelphia,Pennsylvania,19143.0,East,Office Supplies,Binders,37.764,6.0,0.7,-27.6936,-0.7333333333333333,discount
Second Class,Consumer,United States,Philadelphia,Pennsylvania,19134.0,East,Office Supplies,Binders,20.724,2.0,0.7,-13.816,-0.6666666666666667,discount
Second Class,Consumer,United States,Philadelphia,Pennsylvania,19134.0,East,Office Supplies,Binders,4.896,3.0,0.7,-3.4272,-0.7000000000000001,discount
Second Class,Corporate,United States,Philadelphia,Pennsylvania,19140.0,East,Office Supplies,Binders,498.975,9.5,0.7,-407.976,-0.7999999999999999,discount
Standard Class,Consumer,United States,Tucson,Arizona,85705.0,West,Office Supplies,Binders,8.16,5.0,0.7,-5.712,-0.7,discount
Standard Class,Consumer,United States,Houston,Texas,77095.0,Central,Office Supplies,Appliances,8.652,3.0,0.8,-20.3322,-2.35,discount
Standard Class,Consumer,United States,Houston,Texas,77095.0,Central,Office Supplies,Binders,12.176,4.0,0.8,-18.8728,-1.55,discount
Standard Class,Corporate,United States,Philadelphia,Pennsylvania,19140.0,East,Technology,Machines,482.34,4.0,0.7,-337.638,-0.7,discount
Second Class,Corporate,United States,Peoria,Illinois,61604.0,Central,Office Supplies,Binders,12.462,3.0,0.8,-20.5623,-1.6500000000000001,discount
Standard Class,Home Office,United States,Gastonia,North Carolina,28052.0,South,Office Supplies,Binders,189.588,2.0,0.7,-145.3508,-0.7666666666666666,discount
Standard Class,Consumer,United States,Jacksonville,Florida,32216.0,South,Office Supplies,Binders,4.812,2.0,0.7,-3.6892,-0.7666666666666666,discount
Standard Class,Home Office,United States,Phoenix,Arizona,85023.0,West,Office Supplies,Binders,28.485,5.0,0.7,-20.889,-0.7333333333333333,discount
Standard Class,Home Office,United States,Park Ridge,Illinois,60068.0,Central,Furniture,Furnishings,254.744,7.0,0.6,-312.0614,-1.2249999999999999,discount
Second Class,Consumer,United States,Chicago,Illinois,60610.0,Central,Office Supplies,Binders,4.788,3.0,0.8,-7.9002,-1.65,discount
Standard Class,Corporate,United States,Parker,Colorado,80134.0,West,Office Supplies,Binders,22.62,2.0,0.7,-15.08,-0.6666666666666666,discount
Standard Class,Corporate,United States,Parker,Colorado,80134.0,West,Office Supplies,Binders,14.952,2.0,0.7,-11.9616,-0.8,discount
Standard Class,Corporate,United States,Parker,Colorado,80134.0,West,Office Supplies,Binders,2.376,3.0,0.7,-1.9008,-0.8,discount
Standard Class,Consumer,United States,Houston,Texas,77041.0,Central,Office Supplies,Binders,14.112,9.0,0.8,-21.168,-1.5,discount
Second Class,Consumer,United States,Chicago,Illinois,60653.0,Central,Office Supplies,Binders,42.616,7.0,0.8,-68.1856,-1.5999999999999999,discount
Standard Class,Consumer,United States,Fort Worth,Texas,76106.0,Central,Furniture,Furnishings,66.112,4.0,0.6,-84.2928,-1.2750000000000001,discount
Second Class,Corporate,United States,Chicago,Illinois,60653.0,Central,Office Supplies,Binders,11.364,3.0,0.8,-17.046,-1.4999999999999998,discount
Standard Class,Consumer,United States,Chicago,Illinois,60610.0,Central,Furniture,Furnishings,8.792,1.0,0.6,-5.7148,-0.65,discount
Standard Class,Consumer,United States,Denver,Colorado,80219.0,West,Office Supplies,Binders,6.783,7.0,0.7,-4.7481,-0.7,discount
Standard Class,Consumer,United States,Salem,Oregon,97301.0,West,Office Supplies,Binders,16.821,3.0,0.7,-12.8961,-0.7666666666666666,discount
Standard Class,Consumer,United States,Tampa,Florida,33614.0,South,Office Supplies,Binders,7.218,3.0,0.7,-5.5338,-0.7666666666666667,discount
Standard Class,Consumer,United States,Tampa,Florida,33614.0,South,Office Supplies,Binders,43.188,4.0,0.7,-31.6712,-0.7333333333333333,discount
Standard Class,Consumer,United States,Philadelphia,Pennsylvania,19134.0,East,Office Supplies,Binders,3.282,2.0,0.7,-2.6256,-0.7999999999999999,discount
Second Class,Consumer,United States,Grove City,Ohio,43123.0,East,Office Supplies,Binders,3.648,2.0,0.7,-2.7968,-0.7666666666666667,discount
Standard Class,Consumer,United States,Chicago,Illinois,60610.0,Central,Office Supplies,Binders,8.69,5.0,0.8,-14.773,-1.7,discount
Standard Class,Consumer,United States,Aurora,Colorado,80013.0,West,Office Supplies,Binders,18.882,3.0,0.7,-13.8468,-0.7333333333333333,discount
Standard Class,Consumer,United States,Columbus,Ohio,43229.0,East,Office Supplies,Binders,3.318,2.0,0.7,-2.6544,-0.7999999999999999,discount
Same Day,Home Office,United States,Aurora,Illinois,60505.0,Central,Office Supplies,Binders,2.308,2.0,0.8,-3.462,-1.5000000000000002,discount
Standard Class,Consumer,United States,Arlington,Texas,76017.0,Central,Office Supplies,Binders,2.724,3.0,0.8,-4.2222,-1.5499999999999998,discount
Standard Class,Home Office,United States,Chicago,Illinois,60653.0,Central,Furniture,Furnishings,23.976,3.0,0.6,-14.3856,-0.6,discount
Standard Class,Consumer,United States,Tyler,Texas,75701.0,Central,Office Supplies,Appliances,2.688,3.0,0.8,-7.392,-2.75,discount
Standard Class,Consumer,United States,Tyler,Texas,75701.0,Central,Furniture,Furnishings,82.524,3.0,0.6,-41.262,-0.5,discount
Standard Class,Consumer,United States,Tyler,Texas,75701.0,Central,Office Supplies,Binders,182.994,3.0,0.8,-320.2395,-1.7500000000000002,discount
First Class,Home Office,United States,Chester,Pennsylvania,19013.0,East,Office Supplies,Binders,18.588,2.0,0.7,-13.6312,-0.7333333333333333,discount
First Class,Home Office,United States,Chester,Pennsylvania,19013.0,East,Office Supplies,Binders,4.896,3.0,0.7,-3.4272,-0.7000000000000001,discount
Standard Class,Home Office,United States,Naperville,Illinois,60540.0,Central,Office Supplies,Binders,3.54,2.0,0.8,-5.487,-1.55,discount
Second Class,Consumer,United States,Columbus,Ohio,43229.0,East,Office Supplies,Binders,32.07,5.0,0.7,-22.449,-0.7000000000000001,discount
Standard Class,Consumer,United States,Philadelphia,Pennsylvania,19140.0,East,Office Supplies,Binders,3.168,3.0,0.7,-2.4288,-0.7666666666666666,discount
Standard Class,Consumer,United States,Philadelphia,Pennsylvania,19140.0,East,Office Supplies,Binders,31.086,3.0,0.7,-22.7964,-0.7333333333333333,discount
Second Class,Consumer,United States,Tyler,Texas,75701.0,Central,Office Supplies,Binders,51.184,4.0,0.8,-79.3352,-1.55,discount
Standard Class,Corporate,United States,Lancaster,Pennsylvania,17602.0,East,Office Supplies,Binders,44.91,6.0,0.7,-35.928,-0.8,discount
First Class,Home Office,United States,Philadelphia,Pennsylvania,19143.0,East,Office Supplies,Binders,498.975,5.0,0.7,-760.98,-0.6666666666666666,discount
Standard Class,Home Office,United States,Philadelphia,Pennsylvania,19120.0,East,Office Supplies,Binders,5.892,4.0,0.7,-4.1244,-0.6999999999999998,discount
First Class,Corporate,United States,Springfield,Ohio,45503.0,East,Office Supplies,Binders,8.904,2.0,0.7,-6.5296,-0.7333333333333334,discount
First Class,Consumer,United States,Garland,Texas,75043.0,Central,Office Supplies,Binders,18.336,4.0,0.8,-32.088,-1.7500000000000002,discount
Standard Class,Corporate,United States,San Antonio,Texas,78207.0,Central,Office Supplies,Binders,8.568,3.0,0.8,-14.5656,-1.7,discount
Standard Class,Home Office,United States,Philadelphia,Pennsylvania,19120.0,East,Office Supplies,Binders,29.718,6.0,0.7,-21.7932,-0.7333333333333333,discount
Second Class,Consumer,United States,Phoenix,Arizona,85023.0,West,Office Supplies,Binders,4.752,2.0,0.7,-3.168,-0.6666666666666667,discount
Second Class,Consumer,United States,Philadelphia,Pennsylvania,19134.0,East,Office Supplies,Binders,18.588,2.0,0.7,-13.6312,-0.7333333333333333,discount
Standard Class,Consumer,United States,Portland,Oregon,97206.0,West,Office Supplies,Binders,1.08,2.0,0.7,-0.792,-0.7333333333333333,discount
First Class,Consumer,United States,Wilmington,North Carolina,28403.0,South,Office Supplies,Binders,3.282,2.0,0.7,-2.6256,-0.7999999999999999,discount
Same Day,Consumer,United States,Houston,Texas,77041.0,Central,Office Supplies,Binders,1.112,2.0,0.8,-1.8904,-1.7,discount
First Class,Consumer,United States,Scottsdale,Arizona,85254.0,West,Office Supplies,Binders,4.401,3.0,0.7,-3.5208,-0.8,discount
First Class,Consumer,United States,Cincinnati,Ohio,45231.0,East,Office Supplies,Binders,2.628,2.0,0.7,-1.9272,-0.7333333333333333,discount
First Class,Consumer,United States,Cincinnati,Ohio,45231.0,East,Office Supplies,Binders,14.427,3.0,0.7,-10.5798,-0.7333333333333334,discount
First Class,Corporate,United States,Chicago,Illinois,60610.0,Central,Office Supplies,Appliances,58.464,9.0,0.8,-146.16,-2.5,discount
Standard Class,Corporate,United States,Toledo,Ohio,43615.0,East,Office Supplies,Binders,55.47,5.0,0.7,-46.225,-0.8333333333333334,discount
Standard Class,Home Office,United States,Philadelphia,Pennsylvania,19143.0,East,Office Supplies,Binders,25.176,4.0,0.7,-18.4624,-0.7333333333333333,discount
Standard Class,Consumer,United States,Mesa,Arizona,85204.0,West,Office Supplies,Binders,6.27,5.0,0.7,-4.598,-0.7333333333333334,discount
Standard Class,Consumer,United States,Mesa,Arizona,85204.0,West,Office Supplies,Binders,4.368,7.0,0.7,-3.3488,-0.7666666666666666,discount
Standard Class,Home Office,United States,Charlotte,North Carolina,28205.0,South,Office Supplies,Binders,35.784,7.0,0.7,-28.6272,-0.7999999999999999,discount
Standard Class,Consumer,United States,Houston,Texas,77041.0,Central,Office Supplies,Binders,2.694,3.0,0.8,-4.7145,-1.75,discount
Standard Class,Consumer,United States,Houston,Texas,77041.0,Central,Office Supplies,Binders,2.934,3.0,0.8,-4.9878,-1.7,discount
Standard Class,Consumer,United States,Houston,Texas,77041.0,Central,Furniture,Furnishings,2.328,2.0,0.6,-0.7566,-0.32500000000000007,discount
Standard Class,Consumer,United States,Houston,Texas,77041.0,Central,Office Supplies,Binders,10.78,5.0,0.8,-17.248,-1.6,discount
Standard Class,Consumer,United States,Houston,Texas,77041.0,Central,Office Supplies,Binders,1.192,2.0,0.8,-2.0264,-1.7000000000000002,discount
Standard Class,Consumer,United States,Bloomington,Illinois,61701.0,Central,Office Supplies,Binders,5.176,4.0,0.8,-7.764,-1.5,discount
Standard Class,Consumer,United States,Houston,Texas,77041.0,Central,Office Supplies,Binders,498.975,4.0,0.8,-1850.9464,-1.7000000000000002,discount
Standard Class,Corporate,United States,Denver,Colorado,80219.0,West,Office Supplies,Binders,1.872,3.0,0.7,-1.4352,-0.7666666666666666,discount
Standard Class,Corporate,United States,Philadelphia,Pennsylvania,19134.0,East,Office Supplies,Binders,3.036,2.0,0.7,-2.3276,-0.7666666666666666,discount
Standard Class,Corporate,United States,Philadelphia,Pennsylvania,19134.0,East,Office Supplies,Binders,4.503,1.0,0.7,-3.6024,-0.7999999999999999,discount
Same Day,Consumer,United States,Boynton Beach,Florida,33437.0,South,Office Supplies,Binders,37.425,5.0,0.7,-29.94,-0.8,discount
Second Class,Home Office,United States,Charlotte,North Carolina,28205.0,South,Office Supplies,Binders,27.882,3.0,0.7,-20.4468,-0.7333333333333333,discount
Standard Class,Corporate,United States,Greenville,North Carolina,27834.0,South,Office Supplies,Binders,17.616,4.0,0.7,-14.0928,-0.8,discount
Standard Class,Corporate,United States,Chicago,Illinois,60623.0,Central,Office Supplies,Appliances,48.792,3.0,0.8,-126.8592,-2.6,discount
Standard Class,Corporate,United States,Chicago,Illinois,60623.0,Central,Office Supplies,Binders,44.848,8.0,0.8,-67.272,-1.5000000000000002,discount
First Class,Consumer,United States,Jacksonville,Florida,32216.0,South,Office Supplies,Binders,17.43,1.0,0.7,-13.363,-0.7666666666666666,discount
Standard Class,Consumer,United States,Austin,Texas,78745.0,Central,Office Supplies,Binders,2.772,7.0,0.8,-4.851,-1.7500000000000002,discount
Standard Class,Corporate,United States,Deltona,Florida,32725.0,South,Office Supplies,Binders,5.184,6.0,0.7,-3.6288,-0.7,discount
Standard Class,Consumer,United States,Cincinnati,Ohio,45231.0,East,Office Supplies,Binders,5.229,3.0,0.7,-4.1832,-0.8,discount
First Class,Consumer,United States,Chicago,Illinois,60653.0,Central,Office Supplies,Binders,17.46,6.0,0.8,-30.555,-1.75,discount
Standard Class,Consumer,United States,Dallas,Texas,75220.0,Central,Office Supplies,Binders,1.08,3.0,0.8,-1.728,-1.5999999999999999,discount
Standard Class,Consumer,United States,Dallas,Texas,75220.0,Central,Office Supplies,Appliances,7.96,2.0,0.8,-13.93,-1.75,discount
First Class,Corporate,United States,Jacksonville,North Carolina,28540.0,South,Office Supplies,Binders,15.66,5.0,0.7,-12.528,-0.8,discount
First Class,Corporate,United States,Jacksonville,North Carolina,28540.0,South,Office Supplies,Binders,28.854,6.0,0.7,-21.1596,-0.7333333333333334,discount
First Class,Consumer,United States,Fort Worth,Texas,76106.0,Central,Furniture,Furnishings,1.988,1.0,0.6,-1.4413,-0.725,discount
First Class,Corporate,United States,Tucson,Arizona,85705.0,West,Office Supplies,Binders,38.388,9.5,0.7,-25.592,-0.6666666666666666,discount
First Class,Corporate,United States,Tucson,Arizona,85705.0,West,Technology,Machines,95.994,2.0,0.7,-63.996,-0.6666666666666667,discount
Standard Class,Consumer,United States,Colorado Springs,Colorado,80906.0,West,Furniture,Bookcases,498.975,7.0,0.7,-786.744,-1.3333333333333335,discount
Standard Class,Home Office,United States,Aurora,Illinois,60505.0,Central,Furniture,Furnishings,83.952,3.0,0.6,-90.2484,-1.0750000000000002,discount
First Class,Corporate,United States,Houston,Texas,77041.0,Central,Furniture,Furnishings,4.928,4.0,0.6,-1.4784,-0.3,discount
Standard Class,Corporate,United States,Mesa,Arizona,85204.0,West,Office Supplies,Binders,72.588,2.0,0.7,-48.392,-0.6666666666666667,discount
Standard Class,Corporate,United States,Mesa,Arizona,85204.0,West,Office Supplies,Binders,77.031,9.0,0.7,-59.0571,-0.7666666666666666,discount
First Class,Corporate,United States,Philadelphia,Pennsylvania,19134.0,East,Office Supplies,Binders,2.502,3.0,0.7,-1.7514,-0.7000000000000001,discount
First Class,Consumer,United States,Phoenix,Arizona,85023.0,West,Office Supplies,Binders,2.025,1.0,0.7,-1.35,-0.6666666666666667,discount
Same Day,Consumer,United States,Houston,Texas,77036.0,Central,Furniture,Furnishings,6.688,4.0,0.6,-4.0128,-0.6000000000000001,discount
Standard Class,Consumer,United States,Dallas,Texas,75220.0,Central,Office Supplies,Binders,21.38,5.0,0.8,-33.139,-1.5500000000000003,discount
Standard Class,Consumer,United States,Dallas,Texas,75220.0,Central,Office Supplies,Binders,6.744,4.0,0.8,-11.4648,-1.7000000000000002,discount
Standard Class,Corporate,United States,San Antonio,Texas,78207.0,Central,Office Supplies,Binders,23.912,2.0,0.8,-40.6504,-1.7,discount
Second Class,Home Office,United States,Houston,Texas,77095.0,Central,Office Supplies,Appliances,9.324,6.0,0.8,-24.7086,-2.65,discount
First Class,Consumer,United States,Allen,Texas,75002.0,Central,Office Supplies,Binders,8.784,4.0,0.8,-13.6152,-1.5499999999999998,discount
Second Class,Consumer,United States,Carrollton,Texas,75007.0,Central,Furniture,Furnishings,15.992,2.0,0.6,-13.993,-0.875,discount
Second Class,Consumer,United States,Cleveland,Ohio,44105.0,East,Office Supplies,Binders,41.256,6.0,0.7,-34.38,-0.8333333333333334,discount
Second Class,Consumer,United States,Philadelphia,Pennsylvania,19143.0,East,Office Supplies,Binders,121.104,6.0,0.7,-100.92,-0.8333333333333334,discount
Standard Class,Corporate,United States,Philadelphia,Pennsylvania,19143.0,East,Office Supplies,Binders,13.896,3.0,0.7,-9.264,-0.6666666666666666,discount
Standard Class,Corporate,United States,Houston,Texas,77041.0,Central,Furniture,Furnishings,21.936,2.0,0.6,-10.4196,-0.47500000000000003,discount
Standard Class,Corporate,United States,Houston,Texas,77041.0,Central,Office Supplies,Binders,6.588,3.0,0.8,-10.2114,-1.5499999999999998,discount
Standard Class,Corporate,United States,Philadelphia,Pennsylvania,19134.0,East,Technology,Machines,399.54,4.0,0.7,-559.356,-1.4,discount
First Class,Corporate,United States,Philadelphia,Pennsylvania,19143.0,East,Office Supplies,Binders,1.188,2.0,0.7,-0.99,-0.8333333333333334,discount
First Class,Corporate,United States,Philadelphia,Pennsylvania,19143.0,East,Office Supplies,Binders,7.518,2.0,0.7,-5.7638,-0.7666666666666666,discount
Same Day,Consumer,United States,Glendale,Arizona,85301.0,West,Office Supplies,Binders,9.702,3.0,0.7,-7.1148,-0.7333333333333333,discount
Standard Class,Consumer,United States,Philadelphia,Pennsylvania,19120.0,East,Office Supplies,Binders,11.61,2.0,0.7,-9.288,-0.8,discount
Second Class,Consumer,United States,Jacksonville,North Carolina,28540.0,South,Office Supplies,Binders,11.232,8.0,0.7,-8.2368,-0.7333333333333334,discount
First Class,Home Office,United States,Houston,Texas,77095.0,Central,Office Supplies,Binders,41.568,6.0,0.8,-66.5088,-1.5999999999999999,discount
Standard Class,Consumer,United States,Greensboro,North Carolina,27405.0,South,Office Supplies,Binders,7.644,4.0,0.7,-5.8604,-0.7666666666666667,discount
Standard Class,Consumer,United States,Greensboro,North Carolina,27405.0,South,Office Supplies,Binders,51.465,5.0,0.7,-39.4565,-0.7666666666666666,discount
Standard Class,Corporate,United States,Dallas,Texas,75081.0,Central,Office Supplies,Binders,12.222,7.0,0.8,-20.1663,-1.6500000000000001,discount
Second Class,Consumer,United States,Philadelphia,Pennsylvania,19134.0,East,Office Supplies,Binders,5.607,1.0,0.7,-4.2987,-0.7666666666666667,discount
Standard Class,Corporate,United States,Chicago,Illinois,60610.0,Central,Furniture,Furnishings,16.156,7.0,0.6,-12.117,-0.7500000000000001,discount
Standard Class,Consumer,United States,Chicago,Illinois,60623.0,Central,Office Supplies,Appliances,75.6,2.0,0.8,-166.32,-2.2,discount
Standard Class,Consumer,United States,Chicago,Illinois,60623.0,Central,Furniture,Furnishings,29.32,2.0,0.6,-24.189,-0.825,discount
Standard Class,Corporate,United States,Chicago,Illinois,60623.0,Central,Office Supplies,Appliances,92.064,6.0,0.8,-225.5568,-2.45,discount
Standard Class,Consumer,United States,Redmond,Oregon,97756.0,West,Office Supplies,Binders,31.32,9.5,0.7,-25.056,-0.8,discount
Second Class,Corporate,United States,San Antonio,Texas,78207.0,Central,Furniture,Furnishings,40.784,2.0,0.6,-30.588,-0.75,discount
Second Class,Corporate,United States,Houston,Texas,77041.0,Central,Office Supplies,Binders,34.24,4.0,0.8,-53.072,-1.55,discount
Standard Class,Corporate,United States,Jacksonville,Florida,32216.0,South,Office Supplies,Binders,68.742,9.0,0.7,-48.1194,-0.7,discount
First Class,Home Office,United States,Hialeah,Florida,33012.0,South,Office Supplies,Binders,398.352,8.0,0.7,-331.96,-0.8333333333333334,discount
Second Class,Consumer,United States,Miami,Florida,33178.0,South,Office Supplies,Binders,498.975,4.0,0.7,-336.784,-0.6666666666666666,discount
Standard Class,Corporate,United States,Apopka,Florida,32712.0,South,Office Supplies,Binders,2.952,2.0,0.7,-2.1648,-0.7333333333333334,discount
Standard Class,Corporate,United States,Apopka,Florida,32712.0,South,Office Supplies,Binders,27.018,6.0,0.7,-21.6144,-0.7999999999999999,discount
Standard Class,Consumer,United States,Broomfield,Colorado,80020.0,West,Office Supplies,Binders,19.968,2.0,0.7,-13.312,-0.6666666666666666,discount
Standard Class,Consumer,United States,Broomfield,Colorado,80020.0,West,Office Supplies,Binders,8.736,4.0,0.7,-6.1152,-0.7,discount
First Class,Corporate,United States,Quincy,Illinois,62301.0,Central,Office Supplies,Binders,3.24,9.0,0.8,-5.184,-1.5999999999999999,discount
Standard Class,Consumer,United States,Chicago,Illinois,60610.0,Central,Office Supplies,Binders,5.104,4.0,0.8,-8.6768,-1.7,discount
Standard Class,Consumer,United States,Philadelphia,Pennsylvania,19134.0,East,Office Supplies,Binders,4.956,4.0,0.7,-3.7996,-0.7666666666666666,discount
Second Class,Consumer,United States,Houston,Texas,77036.0,Central,Office Supplies,Appliances,294.62,5.0,0.8,-766.012,-2.5999999999999996,discount
Second Class,Consumer,United States,Houston,Texas,77036.0,Central,Furniture,Furnishings,8.752,4.0,0.6,-3.7196,-0.42499999999999993,discount
Standard Class,Home Office,United States,Lubbock,Texas,79424.0,Central,Office Supplies,Binders,11.364,3.0,0.8,-17.046,-1.4999999999999998,discount
Standard Class,Home Office,United States,Peoria,Arizona,85345.0,West,Office Supplies,Binders,4.536,7.0,0.7,-3.3264,-0.7333333333333334,discount
Standard Class,Home Office,United States,Peoria,Arizona,85345.0,West,Office Supplies,Binders,9.156,2.0,0.7,-6.104,-0.6666666666666666,discount
First Class,Consumer,United States,Philadelphia,Pennsylvania,19134.0,East,Office Supplies,Binders,2.502,3.0,0.7,-2.0016,-0.8,discount
First Class,Consumer,United States,Philadelphia,Pennsylvania,19134.0,East,Office Supplies,Binders,6.48,4.0,0.7,-4.752,-0.7333333333333333,discount
Second Class,Corporate,United States,Philadelphia,Pennsylvania,19134.0,East,Office Supplies,Binders,1.941,1.0,0.7,-1.294,-0.6666666666666666,discount
Same Day,Corporate,United States,Mesquite,Texas,75150.0,Central,Office Supplies,Binders,0.876,1.0,0.8,-1.4016,-1.5999999999999999,discount
Standard Class,Consumer,United States,Ormond Beach,Florida,32174.0,South,Office Supplies,Binders,2.808,3.0,0.7,-1.9656,-0.7000000000000001,discount
Standard Class,Consumer,United States,Philadelphia,Pennsylvania,19134.0,East,Office Supplies,Binders,152.991,3.0,0.7,-122.3928,-0.7999999999999999,discount
Standard Class,Consumer,United States,Grand Prairie,Texas,75051.0,Central,Furniture,Furnishings,14.76,5.0,0.6,-11.439,-0.775,discount
Standard Class,Consumer,United States,Grand Prairie,Texas,75051.0,Central,Office Supplies,Binders,3.656,4.0,0.8,-5.8496,-1.5999999999999999,discount
Standard Class,Corporate,United States,York,Pennsylvania,17403.0,East,Office Supplies,Binders,38.088,4.0,0.7,-27.9312,-0.7333333333333333,discount
Standard Class,Home Office,United States,Dallas,Texas,75081.0,Central,Furniture,Furnishings,22.608,3.0,0.6,-10.1736,-0.45,discount
Standard Class,Consumer,United States,Chicago,Illinois,60610.0,Central,Office Supplies,Binders,8.808,3.0,0.8,-14.9736,-1.7,discount
Standard Class,Consumer,United States,Laredo,Texas,78041.0,Central,Furniture,Furnishings,139.92,5.0,0.6,-150.414,-1.075,discount
Standard Class,Consumer,United States,Laredo,Texas,78041.0,Central,Office Supplies,Binders,6.286,7.0,0.8,-11.0005,-1.7500000000000002,discount
Standard Class,Home Office,United States,Houston,Texas,77070.0,Central,Office Supplies,Binders,9.264,3.0,0.8,-13.896,-1.5000000000000002,discount
Standard Class,Home Office,United States,Aurora,Illinois,60505.0,Central,Office Supplies,Binders,29.932,7.0,0.8,-46.3946,-1.55,discount
Second Class,Consumer,United States,Littleton,Colorado,80122.0,West,Furniture,Bookcases,72.294,1.0,0.7,-98.8018,-1.3666666666666667,discount
Standard Class,Home Office,United States,Chicago,Illinois,60610.0,Central,Furniture,Furnishings,44.4,2.0,0.6,-52.17,-1.175,discount
Standard Class,Consumer,United States,San Antonio,Texas,78207.0,Central,Office Supplies,Binders,1.272,2.0,0.8,-2.1624,-1.7,discount
Standard Class,Consumer,United States,Columbus,Ohio,43229.0,East,Office Supplies,Binders,13.71,5.0,0.7,-10.054,-0.7333333333333333,discount
Second Class,Corporate,United States,Aurora,Illinois,60505.0,Central,Furniture,Furnishings,60.288,8.0,0.6,-27.1296,-0.45,discount
Second Class,Consumer,United States,Columbus,Ohio,43229.0,East,Office Supplies,Binders,76.776,4.0,0.7,-58.8616,-0.7666666666666667,discount
Standard Class,Consumer,United States,Fairfield,Ohio,45014.0,East,Office Supplies,Binders,13.023,1.0,0.7,-10.4184,-0.8,discount
Standard Class,Corporate,United States,Arlington,Texas,76017.0,Central,Office Supplies,Binders,1.344,4.0,0.8,-2.1504,-1.5999999999999999,discount
Standard Class,Corporate,United States,Arlington,Texas,76017.0,Central,Office Supplies,Binders,8.272,4.0,0.8,-13.6488,-1.65,discount
Standard Class,Corporate,United States,Arlington,Texas,76017.0,Central,Furniture,Furnishings,12.544,7.0,0.6,-9.0944,-0.725,discount
First Class,Corporate,United States,Skokie,Illinois,60076.0,Central,Office Supplies,Binders,2.304,4.0,0.8,-3.5712,-1.5500000000000003,discount
First Class,Corporate,United States,Skokie,Illinois,60076.0,Central,Office Supplies,Binders,9.36,4.0,0.8,-16.38,-1.75,discount
Same Day,Consumer,United States,Houston,Texas,77070.0,Central,Office Supplies,Appliances,32.784,4.0,0.8,-85.2384,-2.6,discount
Standard Class,Home Office,United States,Tampa,Florida,33614.0,South,Office Supplies,Binders,45.66,5.0,0.7,-33.484,-0.7333333333333334,discount
Standard Class,Consumer,United States,Houston,Texas,77041.0,Central,Office Supplies,Binders,6.9,3.0,0.8,-12.075,-1.7499999999999998,discount
Standard Class,Consumer,United States,Houston,Texas,77041.0,Central,Office Supplies,Binders,9.648,6.0,0.8,-16.884,-1.75,discount
Standard Class,Corporate,United States,Houston,Texas,77070.0,Central,Furniture,Furnishings,51.712,8.0,0.6,-32.32,-0.625,discount
Standard Class,Consumer,United States,Wheeling,Illinois,60090.0,Central,Furniture,Furnishings,14.136,2.0,0.6,-7.7748,-0.55,discount
Standard Class,Corporate,United States,Jacksonville,Florida,32216.0,South,Office Supplies,Binders,1.167,1.0,0.7,-0.8558,-0.7333333333333333,discount
Standard Class,Corporate,United States,Arlington,Texas,76017.0,Central,Furniture,Furnishings,6.096,3.0,0.6,-3.9624,-0.65,discount
First Class,Corporate,United States,Springfield,Ohio,45503.0,East,Technology,Machines,498.975,7.0,0.7,-935.9595,-1.4333333333333333,discount
First Class,Corporate,United States,Springfield,Ohio,45503.0,East,Office Supplies,Binders,11.22,9.5,0.7,-7.48,-0.6666666666666666,discount
Second Class,Corporate,United States,Fayetteville,North Carolina,28314.0,South,Office Supplies,Binders,7.23,5.0,0.7,-5.784,-0.7999999999999999,discount
First Class,Consumer,United States,Memphis,Tennessee,38109.0,South,Office Supplies,Binders,2.742,2.0,0.7,-2.0108,-0.7333333333333334,discount
Same Day,Consumer,United States,Pueblo,Colorado,81001.0,West,Office Supplies,Binders,11.088,7.0,0.7,-8.1312,-0.7333333333333334,discount
Same Day,Consumer,United States,Pueblo,Colorado,81001.0,West,Office Supplies,Binders,25.164,2.0,0.7,-16.776,-0.6666666666666666,discount
Standard Class,Consumer,United States,Thomasville,North Carolina,27360.0,South,Office Supplies,Binders,3.204,2.0,0.7,-2.4564,-0.7666666666666666,discount
First Class,Consumer,United States,Peoria,Illinois,61604.0,Central,Office Supplies,Binders,3.98,5.0,0.8,-6.567,-1.6500000000000001,discount
Standard Class,Consumer,United States,Philadelphia,Pennsylvania,19134.0,East,Office Supplies,Binders,5.346,3.0,0.7,-4.455,-0.8333333333333334,discount
Standard Class,Consumer,United States,Jacksonville,Florida,32216.0,South,Office Supplies,Binders,12.828,2.0,0.7,-8.9796,-0.7,discount
Second Class,Consumer,United States,Houston,Texas,77095.0,Central,Furniture,Furnishings,23.976,3.0,0.6,-14.3856,-0.6,discount
First Class,Consumer,United States,Toledo,Ohio,43615.0,East,Office Supplies,Binders,1.641,1.0,0.7,-1.3128,-0.7999999999999999,discount
Standard Class,Consumer,United States,Tallahassee,Florida,32303.0,South,Office Supplies,Binders,8.226,3.0,0.7,-6.0324,-0.7333333333333333,discount
Standard Class,Home Office,United States,Philadelphia,Pennsylvania,19140.0,East,Office Supplies,Binders,10.332,3.0,0.7,-7.5768,-0.7333333333333333,discount
Standard Class,Home Office,United States,Philadelphia,Pennsylvania,19140.0,East,Office Supplies,Binders,31.155,5.0,0.7,-23.8855,-0.7666666666666666,discount
Standard Class,Consumer,United States,Dallas,Texas,75220.0,Central,Office Supplies,Appliances,32.192,2.0,0.8,-80.48,-2.5,discount
Standard Class,Corporate,United States,Corpus Christi,Texas,78415.0,Central,Furniture,Furnishings,58.36,5.0,0.6,-24.803,-0.42500000000000004,discount
Standard Class,Corporate,United States,Corpus Christi,Texas,78415.0,Central,Furniture,Furnishings,39.96,5.0,0.6,-23.976,-0.6,discount
Standard Class,Home Office,United States,Houston,Texas,77041.0,Central,Office Supplies,Binders,2.724,2.0,0.8,-4.3584,-1.5999999999999996,discount
Standard Class,Home Office,United States,Chicago,Illinois,60653.0,Central,Office Supplies,Binders,498.975,3.0,0.8,-1143.891,-1.5,discount
Standard Class,Corporate,United States,Palm Coast,Florida,32137.0,South,Office Supplies,Binders,7.434,6.0,0.7,-5.6994,-0.7666666666666666,discount
Standard Class,Consumer,United States,Woodstock,Illinois,60098.0,Central,Office Supplies,Binders,8.85,5.0,0.8,-13.7175,-1.55,discount
Second Class,Home Office,United States,Austin,Texas,78745.0,Central,Office Supplies,Binders,3.882,3.0,0.8,-5.823,-1.5,discount
Standard Class,Home Office,United States,Burlington,North Carolina,27217.0,South,Office Supplies,Binders,498.975,4.0,0.7,-1306.5504,-0.8,discount
Standard Class,Consumer,United States,Springfield,Ohio,45503.0,East,Office Supplies,Binders,2.313,1.0,0.7,-1.9275,-0.8333333333333333,discount
Standard Class,Consumer,United States,Skokie,Illinois,60076.0,Central,Furniture,Furnishings,32.952,6.0,0.6,-19.7712,-0.6000000000000001,discount
Second Class,Consumer,United States,Fayetteville,North Carolina,28314.0,South,Office Supplies,Binders,13.272,8.0,0.7,-10.6176,-0.7999999999999999,discount
Standard Class,Consumer,United States,Philadelphia,Pennsylvania,19120.0,East,Technology,Machines,206.991,3.0,0.7,-172.4925,-0.8333333333333333,discount
Standard Class,Consumer,United States,Philadelphia,Pennsylvania,19120.0,East,Office Supplies,Binders,9.006,2.0,0.7,-7.2048,-0.7999999999999999,discount
Standard Class,Home Office,United States,Louisville,Colorado,80027.0,West,Office Supplies,Binders,12.03,5.0,0.7,-9.223,-0.7666666666666667,discount
Standard Class,Home Office,United States,Louisville,Colorado,80027.0,West,Technology,Machines,498.975,5.0,0.7,-3399.98,-1.3333333333333333,discount
Standard Class,Home Office,United States,Louisville,Colorado,80027.0,West,Office Supplies,Binders,21.594,2.0,0.7,-15.8356,-0.7333333333333333,discount
Standard Class,Home Office,United States,Louisville,Colorado,80027.0,West,Office Supplies,Binders,8.964,6.0,0.7,-6.5736,-0.7333333333333333,discount
Standard Class,Home Office,United States,Pharr,Texas,78577.0,Central,Furniture,Furnishings,22.608,3.0,0.6,-10.1736,-0.45,discount
Standard Class,Home Office,United States,Dallas,Texas,75217.0,Central,Furniture,Furnishings,16.74,5.0,0.6,-14.229,-0.85,discount
Standard Class,Consumer,United States,Houston,Texas,77070.0,Central,Office Supplies,Binders,252.784,4.0,0.8,-417.0936,-1.65,discount
Standard Class,Consumer,United States,Houston,Texas,77070.0,Central,Furniture,Furnishings,3.984,2.0,0.6,-2.6892,-0.675,discount
Standard Class,Consumer,United States,Houston,Texas,77070.0,Central,Office Supplies,Appliances,12.992,2.0,0.8,-32.48,-2.4999999999999996,discount
Same Day,Consumer,United States,Bolingbrook,Illinois,60440.0,Central,Office Supplies,Appliances,5.768,2.0,0.8,-13.5548,-2.35,discount
Standard Class,Home Office,United States,Columbus,Ohio,43229.0,East,Office Supplies,Binders,12.957,7.0,0.7,-9.5018,-0.7333333333333333,discount
First Class,Corporate,United States,Lakeland,Florida,33801.0,South,Office Supplies,Binders,78.6,5.0,0.7,-62.88,-0.8,discount
First Class,Corporate,United States,Lakeland,Florida,33801.0,South,Office Supplies,Binders,3.768,2.0,0.7,-3.14,-0.8333333333333334,discount
Standard Class,Home Office,United States,Dallas,Texas,75081.0,Central,Office Supplies,Binders,30.56,5.0,0.8,-45.84,-1.5000000000000002,discount
Standard Class,Home Office,United States,Dallas,Texas,75081.0,Central,Furniture,Furnishings,22.848,3.0,0.6,-17.7072,-0.775,discount
Same Day,Corporate,United States,San Antonio,Texas,78207.0,Central,Office Supplies,Binders,210.392,2.0,0.8,-336.6272,-1.6,discount
First Class,Consumer,United States,Newark,Ohio,43055.0,East,Technology,Machines,498.975,2.0,0.7,-2639.9912,-1.4666666666666668,discount
Second Class,Consumer,United States,Houston,Texas,77070.0,Central,Office Supplies,Binders,5.18,5.0,0.8,-8.029,-1.55,discount
Standard Class,Consumer,United States,Chicago,Illinois,60623.0,Central,Office Supplies,Binders,3.168,2.0,0.8,-4.752,-1.4999999999999998,discount
Standard Class,Consumer,United States,Fort Collins,Colorado,80525.0,West,Furniture,Bookcases,180.588,2.0,0.7,-240.784,-1.3333333333333333,discount
First Class,Corporate,United States,Houston,Texas,77041.0,Central,Office Supplies,Binders,26.046,3.0,0.8,-44.2782,-1.7,discount
Standard Class,Corporate,United States,Missouri City,Texas,77489.0,Central,Office Supplies,Binders,6.37,7.0,0.8,-9.555,-1.5,discount
First Class,Consumer,United States,Houston,Texas,77036.0,Central,Office Supplies,Binders,3.648,3.0,0.8,-6.0192,-1.65,discount
Same Day,Consumer,United States,Tempe,Arizona,85281.0,West,Office Supplies,Binders,3.366,3.0,0.7,-2.244,-0.6666666666666667,discount
Standard Class,Corporate,United States,Pearland,Texas,77581.0,Central,Office Supplies,Binders,11.228,7.0,0.8,-18.5262,-1.65,discount
Standard Class,Consumer,United States,Houston,Texas,77095.0,Central,Office Supplies,Binders,26.046,3.0,0.8,-44.2782,-1.7,discount
Standard Class,Consumer,United States,Houston,Texas,77095.0,Central,Office Supplies,Binders,2.896,1.0,0.8,-4.7784,-1.6500000000000001,discount
Standard Class,Corporate,United States,Houston,Texas,77095.0,Central,Furniture,Furnishings,7.068,3.0,0.6,-2.8272,-0.4,discount
Second Class,Consumer,United States,Chicago,Illinois,60623.0,Central,Office Supplies,Binders,13.468,9.5,0.8,-22.8956,-1.7000000000000002,discount
Second Class,Corporate,United States,Franklin,Tennessee,37064.0,South,Office Supplies,Binders,2.946,2.0,0.7,-2.0622,-0.6999999999999998,discount
Standard Class,Home Office,United States,Highland Park,Illinois,60035.0,Central,Office Supplies,Binders,3.136,2.0,0.8,-4.704,-1.4999999999999998,discount
Standard Class,Consumer,United States,Fairfield,Ohio,45014.0,East,Office Supplies,Binders,63.924,7.0,0.7,-46.8776,-0.7333333333333334,discount
First Class,Consumer,United States,Dallas,Texas,75081.0,Central,Office Supplies,Binders,30.96,8.0,0.8,-52.632,-1.7,discount
Standard Class,Consumer,United States,Phoenix,Arizona,85023.0,West,Office Supplies,Binders,19.194,7.0,0.7,-12.796,-0.6666666666666666,discount
Standard Class,Consumer,United States,Philadelphia,Pennsylvania,19140.0,East,Office Supplies,Binders,50.997,1.0,0.7,-40.7976,-0.8,discount
Standard Class,Consumer,United States,Philadelphia,Pennsylvania,19140.0,East,Office Supplies,Binders,1.944,3.0,0.7,-1.4256,-0.7333333333333334,discount
Second Class,Corporate,United States,Laredo,Texas,78041.0,Central,Office Supplies,Binders,2.286,3.0,0.8,-3.6576,-1.5999999999999999,discount
Second Class,Corporate,United States,Round Rock,Texas,78664.0,Central,Furniture,Furnishings,341.96,5.0,0.6,-427.45,-1.25,discount
Standard Class,Consumer,United States,Houston,Texas,77095.0,Central,Office Supplies,Binders,498.975,5.0,0.8,-1480.0335,-1.65,discount
Standard Class,Consumer,United States,Houston,Texas,77095.0,Central,Office Supplies,Binders,1.234,1.0,0.8,-1.9744,-1.5999999999999999,discount
Standard Class,Home Office,United States,Chicago,Illinois,60653.0,Central,Furniture,Furnishings,2.032,1.0,0.6,-1.3208,-0.65,discount
First Class,Corporate,United States,Chicago,Illinois,60623.0,Central,Office Supplies,Binders,16.03,5.0,0.8,-25.648,-1.5999999999999999,discount
Standard Class,Consumer,United States,Chicago,Illinois,60610.0,Central,Office Supplies,Binders,3.208,2.0,0.8,-5.2932,-1.65,discount
Second Class,Corporate,United States,Houston,Texas,77036.0,Central,Furniture,Furnishings,9.552,3.0,0.6,-3.8208,-0.4,discount
Standard Class,Home Office,United States,Houston,Texas,77095.0,Central,Office Supplies,Binders,13.776,6.0,0.8,-22.0416,-1.5999999999999999,discount
Standard Class,Home Office,United States,Charlotte,North Carolina,28205.0,South,Office Supplies,Binders,50.454,6.0,0.7,-33.636,-0.6666666666666667,discount
First Class,Consumer,United States,Pasadena,Texas,77506.0,Central,Office Supplies,Binders,6.928,1.0,0.8,-11.0848,-1.5999999999999999,discount
First Class,Corporate,United States,Tinley Park,Illinois,60477.0,Central,Furniture,Furnishings,22.288,7.0,0.6,-8.9152,-0.4,discount
Standard Class,Consumer,United States,Houston,Texas,77095.0,Central,Furniture,Furnishings,65.424,4.0,0.6,-52.3392,-0.7999999999999999,discount
Standard Class,Home Office,United States,Columbus,Ohio,43229.0,East,Office Supplies,Binders,7.488,8.0,0.7,-5.2416,-0.7,discount
First Class,Consumer,United States,Chicago,Illinois,60610.0,Central,Office Supplies,Binders,15.08,2.0,0.8,-22.62,-1.5,discount
First Class,Consumer,United States,Chicago,Illinois,60610.0,Central,Furniture,Furnishings,24.288,3.0,0.6,-12.7512,-0.525,discount
Same Day,Consumer,United States,Dallas,Texas,75217.0,Central,Furniture,Furnishings,16.192,2.0,0.6,-8.5008,-0.525,discount
First Class,Consumer,United States,Philadelphia,Pennsylvania,19143.0,East,Office Supplies,Binders,3.444,2.0,0.7,-2.7552,-0.7999999999999999,discount
First Class,Consumer,United States,Philadelphia,Pennsylvania,19143.0,East,Office Supplies,Binders,498.975,2.0,0.7,-412.6154,-0.7666666666666667,discount
Standard Class,Consumer,United States,Plano,Texas,75023.0,Central,Office Supplies,Binders,3.392,4.0,0.8,-5.088,-1.5,discount
Second Class,Consumer,United States,College Station,Texas,77840.0,Central,Office Supplies,Appliances,29.312,8.0,0.8,-74.7456,-2.55,discount
Second Class,Corporate,United States,Philadelphia,Pennsylvania,19120.0,East,Office Supplies,Binders,7.476,1.0,0.7,-5.9808,-0.8,discount
Second Class,Consumer,United States,Akron,Ohio,44312.0,East,Office Supplies,Binders,25.56,5.0,0.7,-20.448,-0.8,discount
Second Class,Consumer,United States,Akron,Ohio,44312.0,East,Office Supplies,Binders,4.368,2.0,0.7,-3.0576,-0.7,discount
Second Class,Home Office,United States,Dallas,Texas,75220.0,Central,Furniture,Furnishings,15.008,4.0,0.6,-12.0064,-0.8,discount
Standard Class,Home Office,United States,Toledo,Ohio,43615.0,East,Office Supplies,Binders,22.428,3.0,0.7,-17.9424,-0.7999999999999999,discount
Standard Class,Consumer,United States,Philadelphia,Pennsylvania,19120.0,East,Office Supplies,Binders,9.555,5.0,0.7,-7.3255,-0.7666666666666667,discount
Standard Class,Home Office,United States,Springfield,Ohio,45503.0,East,Office Supplies,Binders,69.888,7.0,0.7,-46.592,-0.6666666666666666,discount
Standard Class,Consumer,United States,Memphis,Tennessee,38109.0,South,Office Supplies,Binders,2.946,2.0,0.7,-2.0622,-0.6999999999999998,discount
Standard Class,Consumer,United States,Salem,Oregon,97301.0,West,Office Supplies,Binders,6.456,4.0,0.7,-4.5192,-0.7,discount
Standard Class,Home Office,United States,Troy,Ohio,45373.0,East,Office Supplies,Binders,121.104,6.0,0.7,-100.92,-0.8333333333333334,discount
Standard Class,Consumer,United States,Port Saint Lucie,Florida,34952.0,South,Office Supplies,Binders,2.694,2.0,0.7,-2.245,-0.8333333333333334,discount
Second Class,Corporate,United States,Denver,Colorado,80219.0,West,Technology,Machines,59.994,2.0,0.7,-45.9954,-0.7666666666666666,discount
Standard Class,Corporate,United States,Mesquite,Texas,75150.0,Central,Furniture,Furnishings,6.368,2.0,0.6,-2.5472,-0.4,discount
Standard Class,Corporate,United States,Mesquite,Texas,75150.0,Central,Office Supplies,Appliances,34.176,3.0,0.8,-87.1488,-2.55,discount
Standard Class,Corporate,United States,Phoenix,Arizona,85023.0,West,Office Supplies,Binders,498.975,5.0,0.7,-459.9875,-0.8333333333333334,discount
Standard Class,Consumer,United States,Chicago,Illinois,60623.0,Central,Office Supplies,Binders,1.788,3.0,0.8,-3.0396,-1.7,discount
Standard Class,Home Office,United States,Columbus,Ohio,43229.0,East,Office Supplies,Binders,3.132,2.0,0.7,-2.61,-0.8333333333333333,discount
First Class,Corporate,United States,Altoona,Pennsylvania,16602.0,East,Office Supplies,Binders,4.419,3.0,0.7,-3.3879,-0.7666666666666667,discount
Standard Class,Corporate,United States,Plantation,Florida,33317.0,South,Office Supplies,Binders,5.238,2.0,0.7,-4.0158,-0.7666666666666665,discount
Standard Class,Corporate,United States,Plantation,Florida,33317.0,South,Office Supplies,Binders,4.662,3.0,0.7,-3.7296,-0.8,discount
First Class,Consumer,United States,Rockford,Illinois,61107.0,Central,Office Supplies,Binders,33.568,8.0,0.8,-53.7088,-1.6,discount
Second Class,Consumer,United States,San Antonio,Texas,78207.0,Central,Office Supplies,Binders,3.564,3.0,0.8,-6.237,-1.75,discount
Standard Class,Consumer,United States,Champaign,Illinois,61821.0,Central,Furniture,Furnishings,151.96,5.0,0.6,-182.352,-1.2,discount
Second Class,Consumer,United States,Johnson City,Tennessee,37604.0,South,Office Supplies,Binders,86.058,7.0,0.7,-63.1092,-0.7333333333333333,discount
Standard Class,Consumer,United States,Tampa,Florida,33614.0,South,Office Supplies,Binders,38.19,5.0,0.7,-26.733,-0.7000000000000001,discount
Standard Class,Consumer,United States,Chicago,Illinois,60653.0,Central,Office Supplies,Binders,12.128,4.0,0.8,-20.6176,-1.7,discount
Standard Class,Home Office,United States,Bolingbrook,Illinois,60440.0,Central,Office Supplies,Binders,9.98,5.0,0.8,-16.467,-1.65,discount
Standard Class,Home Office,United States,Philadelphia,Pennsylvania,19143.0,East,Office Supplies,Binders,10.428,4.0,0.7,-6.952,-0.6666666666666666,discount
Standard Class,Consumer,United States,Phoenix,Arizona,85023.0,West,Office Supplies,Binders,7.656,4.0,0.7,-6.1248,-0.7999999999999999,discount
Standard Class,Consumer,United States,Nashville,Tennessee,37211.0,South,Office Supplies,Binders,11.277,3.0,0.7,-8.6457,-0.7666666666666667,discount
First Class,Home Office,United States,Colorado Springs,Colorado,80906.0,West,Office Supplies,Binders,40.635,7.0,0.7,-32.508,-0.8000000000000002,discount
Standard Class,Corporate,United States,San Antonio,Texas,78207.0,Central,Office Supplies,Binders,5.728,8.0,0.8,-9.1648,-1.6,discount
First Class,Corporate,United States,Bedford,Texas,76021.0,Central,Office Supplies,Binders,12.864,8.0,0.8,-22.512,-1.75,discount
Same Day,Corporate,United States,Lorain,Ohio,44052.0,East,Office Supplies,Binders,18.693,3.0,0.7,-14.3313,-0.7666666666666666,discount
Standard Class,Corporate,United States,Houston,Texas,77070.0,Central,Office Supplies,Binders,9.156,3.0,0.8,-13.734,-1.5,discount
Standard Class,Consumer,United States,Chicago,Illinois,60653.0,Central,Office Supplies,Appliances,23.992,2.0,0.8,-62.3792,-2.5999999999999996,discount
First Class,Consumer,United States,Dallas,Texas,75081.0,Central,Office Supplies,Binders,13.14,9.0,0.8,-21.681,-1.65,discount
First Class,Consumer,United States,Dallas,Texas,75081.0,Central,Office Supplies,Binders,10.024,4.0,0.8,-16.5396,-1.6500000000000001,discount
Standard Class,Corporate,United States,Tigard,Oregon,97224.0,West,Office Supplies,Binders,5.022,1.0,0.7,-3.5154,-0.7,discount
Standard Class,Corporate,United States,Decatur,Illinois,62521.0,Central,Office Supplies,Binders,182.994,3.0,0.8,-320.2395,-1.7500000000000002,discount
First Class,Home Office,United States,Phoenix,Arizona,85023.0,West,Office Supplies,Binders,7.857,3.0,0.7,-6.0237,-0.7666666666666666,discount
Standard Class,Consumer,United States,Houston,Texas,77095.0,Central,Office Supplies,Appliances,2.264,1.0,0.8,-5.2072,-2.3000000000000003,discount
Standard Class,Consumer,United States,Houston,Texas,77095.0,Central,Office Supplies,Appliances,0.444,1.0,0.8,-1.11,-2.5,discount
Standard Class,Consumer,United States,Houston,Texas,77041.0,Central,Office Supplies,Binders,4.312,2.0,0.8,-6.8992,-1.6,discount
Standard Class,Corporate,United States,Chicago,Illinois,60623.0,Central,Office Supplies,Binders,14.48,5.0,0.8,-23.892,-1.65,discount
First Class,Corporate,United States,Deer Park,Texas,77536.0,Central,Office Supplies,Binders,6.924,6.0,0.8,-10.386,-1.4999999999999998,discount
Standard Class,Consumer,United States,Austin,Texas,78745.0,Central,Office Supplies,Binders,9.762,3.0,0.8,-15.1311,-1.5499999999999998,discount
Standard Class,Corporate,United States,Bristol,Tennessee,37620.0,South,Office Supplies,Binders,38.088,4.0,0.7,-27.9312,-0.7333333333333333,discount
Standard Class,Corporate,United States,Bristol,Tennessee,37620.0,South,Office Supplies,Binders,2.808,3.0,0.7,-1.9656,-0.7000000000000001,discount
Second Class,Consumer,United States,Philadelphia,Pennsylvania,19140.0,East,Office Supplies,Binders,26.064,6.0,0.7,-19.9824,-0.7666666666666666,discount
Standard Class,Consumer,United States,Houston,Texas,77036.0,Central,Office Supplies,Binders,4.24,5.0,0.8,-6.36,-1.5,discount
Standard Class,Corporate,United States,Mcallen,Texas,78501.0,Central,Office Supplies,Binders,6.874,7.0,0.8,-10.6547,-1.55,discount
Standard Class,Corporate,United States,Mcallen,Texas,78501.0,Central,Office Supplies,Binders,1.996,1.0,0.8,-3.2934,-1.6500000000000001,discount
Standard Class,Consumer,United States,Philadelphia,Pennsylvania,19134.0,East,Office Supplies,Binders,18.192,4.0,0.7,-14.5536,-0.7999999999999999,discount
First Class,Consumer,United States,Quincy,Illinois,62301.0,Central,Office Supplies,Binders,1.964,2.0,0.8,-3.2406,-1.6500000000000001,discount
Standard Class,Corporate,United States,Chicago,Illinois,60623.0,Central,Furniture,Furnishings,94.428,3.0,0.6,-42.4926,-0.45000000000000007,discount
Standard Class,Corporate,United States,Dallas,Texas,75220.0,Central,Furniture,Furnishings,332.028,9.0,0.6,-348.6294,-1.0499999999999998,discount
Standard Class,Corporate,United States,Dallas,Texas,75220.0,Central,Office Supplies,Binders,11.394,9.0,0.8,-17.6607,-1.5499999999999998,discount
Standard Class,Corporate,United States,Dallas,Texas,75220.0,Central,Office Supplies,Binders,6.316,1.0,0.8,-10.4214,-1.6500000000000001,discount
Standard Class,Home Office,United States,Rockford,Illinois,61107.0,Central,Office Supplies,Binders,11.416,4.0,0.8,-18.8364,-1.6500000000000001,discount
First Class,Consumer,United States,Freeport,Illinois,61032.0,Central,Office Supplies,Binders,96.784,4.0,0.8,-145.176,-1.4999999999999998,discount
First Class,Consumer,United States,Freeport,Illinois,61032.0,Central,Furniture,Furnishings,10.476,3.0,0.6,-6.8094,-0.6499999999999999,discount
Standard Class,Corporate,United States,Medford,Oregon,97504.0,West,Office Supplies,Binders,9.762,2.0,0.7,-6.8334,-0.7,discount
Standard Class,Consumer,United States,Philadelphia,Pennsylvania,19143.0,East,Office Supplies,Binders,11.673,3.0,0.7,-7.782,-0.6666666666666666,discount
Standard Class,Consumer,United States,Houston,Texas,77036.0,Central,Office Supplies,Binders,3.564,3.0,0.8,-6.237,-1.75,discount
Standard Class,Consumer,United States,Houston,Texas,77036.0,Central,Office Supplies,Binders,12.588,3.0,0.8,-20.1408,-1.6,discount
Standard Class,Corporate,United States,Dallas,Texas,75220.0,Central,Office Supplies,Appliances,48.632,2.0,0.8,-121.58,-2.5,discount
Standard Class,Corporate,United States,Houston,Texas,77095.0,Central,Office Supplies,Binders,33.28,5.0,0.8,-49.92,-1.5,discount
Standard Class,Consumer,United States,Akron,Ohio,44312.0,East,Office Supplies,Binders,14.952,2.0,0.7,-11.9616,-0.8,discount
Standard Class,Consumer,United States,Akron,Ohio,44312.0,East,Office Supplies,Binders,2.286,2.0,0.7,-1.6764,-0.7333333333333333,discount
Second Class,Consumer,United States,Mesa,Arizona,85204.0,West,Office Supplies,Binders,20.724,2.0,0.7,-15.1976,-0.7333333333333333,discount
Second Class,Corporate,United States,Asheville,North Carolina,28806.0,South,Office Supplies,Binders,19.008,8.0,0.7,-12.672,-0.6666666666666667,discount
Second Class,Consumer,United States,Clarksville,Tennessee,37042.0,South,Office Supplies,Binders,498.975,7.0,0.7,-1065.372,-0.6666666666666667,discount
Same Day,Consumer,United States,Aurora,Illinois,60505.0,Central,Furniture,Furnishings,77.72,1.0,0.6,-66.062,-0.85,discount
Standard Class,Consumer,United States,Highland Park,Illinois,60035.0,Central,Office Supplies,Binders,2.88,5.0,0.8,-4.464,-1.5500000000000003,discount
Same Day,Consumer,United States,Springfield,Ohio,45503.0,East,Office Supplies,Binders,27.36,3.0,0.7,-21.888,-0.8,discount
Standard Class,Consumer,United States,Columbus,Ohio,43229.0,East,Office Supplies,Binders,5.484,4.0,0.7,-4.0216,-0.7333333333333334,discount
Standard Class,Consumer,United States,Chicago,Illinois,60653.0,Central,Office Supplies,Binders,2.182,1.0,0.8,-3.6003,-1.65,discount
Standard Class,Consumer,United States,Chicago,Illinois,60653.0,Central,Office Supplies,Appliances,26.406,3.0,0.8,-71.2962,-2.7,discount
First Class,Home Office,United States,Aurora,Colorado,80013.0,West,Office Supplies,Binders,76.776,4.0,0.7,-58.8616,-0.7666666666666667,discount
Standard Class,Home Office,United States,Houston,Texas,77036.0,Central,Office Supplies,Binders,16.27,5.0,0.8,-25.2185,-1.55,discount
Standard Class,Home Office,United States,Houston,Texas,77036.0,Central,Office Supplies,Binders,4.47,3.0,0.8,-7.8225,-1.75,discount
Standard Class,Consumer,United States,Philadelphia,Pennsylvania,19140.0,East,Office Supplies,Binders,498.975,4.0,0.7,-462.8624,-0.7333333333333333,discount
First Class,Consumer,United States,Phoenix,Arizona,85023.0,West,Office Supplies,Binders,54.792,6.0,0.7,-40.1808,-0.7333333333333333,discount
Standard Class,Consumer,United States,Houston,Texas,77041.0,Central,Office Supplies,Binders,2.296,2.0,0.8,-3.9032,-1.7000000000000002,discount
Standard Class,Corporate,United States,Chicago,Illinois,60653.0,Central,Office Supplies,Binders,5.936,7.0,0.8,-8.904,-1.5,discount
Second Class,Consumer,United States,Chicago,Illinois,60610.0,Central,Office Supplies,Binders,1.928,2.0,0.8,-2.9884,-1.55,discount
Second Class,Consumer,United States,Chicago,Illinois,60610.0,Central,Furniture,Furnishings,7.76,1.0,0.6,-2.134,-0.27499999999999997,discount
Standard Class,Consumer,United States,Glendale,Arizona,85301.0,West,Office Supplies,Binders,8.559,1.0,0.7,-6.5619,-0.7666666666666667,discount
Standard Class,Consumer,United States,Fayetteville,North Carolina,28314.0,South,Office Supplies,Binders,28.782,6.0,0.7,-21.1068,-0.7333333333333333,discount
Standard Class,Consumer,United States,Houston,Texas,77095.0,Central,Office Supplies,Binders,10.476,6.0,0.8,-17.2854,-1.6499999999999997,discount
Standard Class,Home Office,United States,Houston,Texas,77070.0,Central,Office Supplies,Appliances,62.79,3.0,0.8,-166.3935,-2.65,discount
Second Class,Consumer,United States,Fort Collins,Colorado,80525.0,West,Office Supplies,Binders,3.168,4.0,0.7,-2.5344,-0.8,discount
Standard Class,Consumer,United States,Pembroke Pines,Florida,33024.0,South,Office Supplies,Binders,7.506,9.0,0.7,-6.0048,-0.8,discount
Standard Class,Corporate,United States,Fort Worth,Texas,76106.0,Central,Office Supplies,Binders,11.06,9.5,0.8,-18.802,-1.7,discount
Standard Class,Corporate,United States,Philadelphia,Pennsylvania,19120.0,East,Office Supplies,Binders,3.486,2.0,0.7,-2.7888,-0.8,discount
Standard Class,Consumer,United States,Lancaster,Pennsylvania,17602.0,East,Office Supplies,Binders,5.715,5.0,0.7,-4.7625,-0.8333333333333334,discount
Standard Class,Home Office,United States,Austin,Texas,78745.0,Central,Furniture,Furnishings,7.996,1.0,0.6,-6.9965,-0.875,discount
Standard Class,Corporate,United States,Houston,Texas,77095.0,Central,Office Supplies,Appliances,8.712,2.0,0.8,-19.602,-2.25,discount
Same Day,Consumer,United States,Philadelphia,Pennsylvania,19120.0,East,Office Supplies,Binders,0.852,1.0,0.7,-0.5964,-0.7000000000000001,discount
Standard Class,Consumer,United States,Huntsville,Texas,77340.0,Central,Furniture,Furnishings,56.568,2.0,0.6,-74.9526,-1.3250000000000002,discount
Standard Class,Home Office,United States,Apopka,Florida,32712.0,South,Office Supplies,Binders,9.888,2.0,0.7,-6.9216,-0.7,discount
Standard Class,Consumer,United States,Pembroke Pines,Florida,33024.0,South,Office Supplies,Binders,3.882,2.0,0.7,-2.588,-0.6666666666666666,discount
Standard Class,Consumer,United States,Philadelphia,Pennsylvania,19143.0,East,Office Supplies,Binders,1.908,2.0,0.7,-1.5264,-0.8,discount
Standard Class,Home Office,United States,Danville,Illinois,61832.0,Central,Office Supplies,Binders,43.372,7.0,0.8,-69.3952,-1.6,discount
Standard Class,Consumer,United States,Chicago,Illinois,60610.0,Central,Furniture,Furnishings,6.464,1.0,0.6,-4.04,-0.625,discount
Standard Class,Consumer,United States,Houston,Texas,77070.0,Central,Office Supplies,Binders,1.476,3.0,0.8,-2.214,-1.5,discount
Standard Class,Consumer,United States,Colorado Springs,Colorado,80906.0,West,Furniture,Bookcases,69.576,4.0,0.7,-143.7904,-2.066666666666667,discount
Standard Class,Corporate,United States,Jacksonville,Florida,32216.0,South,Office Supplies,Binders,57.582,3.0,0.7,-44.1462,-0.7666666666666666,discount
Standard Class,Corporate,United States,Jacksonville,Florida,32216.0,South,Office Supplies,Binders,10.38,2.0,0.7,-7.612,-0.7333333333333333,discount
Standard Class,Corporate,United States,Jacksonville,Florida,32216.0,South,Office Supplies,Binders,13.392,8.0,0.7,-9.8208,-0.7333333333333334,discount
Standard Class,Consumer,United States,San Antonio,Texas,78207.0,Central,Office Supplies,Appliances,463.248,8.0,0.8,-1181.2824,-2.5500000000000003,discount
Same Day,Home Office,United States,Yuma,Arizona,85364.0,West,Office Supplies,Binders,44.856,6.0,0.7,-35.8848,-0.7999999999999999,discount
Standard Class,Consumer,United States,Columbus,Ohio,43229.0,East,Technology,Machines,30.345,7.0,0.7,-24.276,-0.8,discount
First Class,Consumer,United States,Dublin,Ohio,43017.0,East,Office Supplies,Binders,3.798,2.0,0.7,-2.6586,-0.7,discount
Standard Class,Consumer,United States,Bowling Green,Ohio,43402.0,East,Office Supplies,Binders,5.553,3.0,0.7,-4.0722,-0.7333333333333333,discount
Standard Class,Consumer,United States,Houston,Texas,77095.0,Central,Office Supplies,Appliances,18.32,5.0,0.8,-46.716,-2.55,discount
Standard Class,Consumer,United States,Houston,Texas,77095.0,Central,Office Supplies,Binders,1.188,1.0,0.8,-1.9602,-1.6500000000000001,discount
First Class,Consumer,United States,Pensacola,Florida,32503.0,South,Office Supplies,Binders,2.214,3.0,0.7,-1.476,-0.6666666666666666,discount
Standard Class,Consumer,United States,Gresham,Oregon,97030.0,West,Office Supplies,Binders,26.352,8.0,0.7,-18.4464,-0.7000000000000001,discount
Second Class,Consumer,United States,Fairfield,Ohio,45014.0,East,Office Supplies,Binders,11.808,8.0,0.7,-8.6592,-0.7333333333333334,discount
Standard Class,Consumer,United States,Johnson City,Tennessee,37604.0,South,Office Supplies,Binders,5.97,5.0,0.7,-4.577,-0.7666666666666667,discount
Standard Class,Consumer,United States,Johnson City,Tennessee,37604.0,South,Office Supplies,Binders,2.508,2.0,0.7,-1.8392,-0.7333333333333333,discount
Standard Class,Consumer,United States,Chicago,Illinois,60653.0,Central,Office Supplies,Binders,2.296,2.0,0.8,-3.9032,-1.7000000000000002,discount
Standard Class,Consumer,United States,Aurora,Colorado,80013.0,West,Office Supplies,Binders,1.08,2.0,0.7,-0.792,-0.7333333333333333,discount
Standard Class,Consumer,United States,Carrollton,Texas,75007.0,Central,Office Supplies,Binders,2.512,2.0,0.8,-4.396,-1.75,discount
Second Class,Consumer,United States,Fort Lauderdale,Florida,33311.0,South,Office Supplies,Binders,7.764,4.0,0.7,-5.176,-0.6666666666666666,discount
Second Class,Corporate,United States,Chicago,Illinois,60610.0,Central,Office Supplies,Appliances,4.356,2.0,0.8,-11.7612,-2.7,discount
Standard Class,Home Office,United States,Colorado Springs,Colorado,80906.0,West,Office Supplies,Binders,3.108,2.0,0.7,-2.1756,-0.7000000000000001,discount
Standard Class,Corporate,United States,Chicago,Illinois,60653.0,Central,Office Supplies,Binders,498.975,5.0,0.8,-2929.4845,-1.55,discount
Standard Class,Corporate,United States,Raleigh,North Carolina,27604.0,South,Office Supplies,Binders,13.092,4.0,0.7,-10.0372,-0.7666666666666666,discount
Standard Class,Corporate,United States,Philadelphia,Pennsylvania,19134.0,East,Office Supplies,Binders,9.522,1.0,0.7,-6.9828,-0.7333333333333333,discount
Standard Class,Corporate,United States,Philadelphia,Pennsylvania,19134.0,East,Office Supplies,Binders,4.923,3.0,0.7,-3.9384,-0.8,discount
First Class,Corporate,United States,Phoenix,Arizona,85023.0,West,Furniture,Bookcases,209.979,7.0,0.7,-356.9643,-1.6999999999999997,discount
Standard Class,Home Office,United States,Cleveland,Ohio,44105.0,East,Office Supplies,Binders,33.93,3.0,0.7,-22.62,-0.6666666666666667,discount
Standard Class,Consumer,United States,Chicago,Illinois,60610.0,Central,Office Supplies,Binders,8.134,7.0,0.8,-13.8278,-1.7,discount
Standard Class,Consumer,United States,Philadelphia,Pennsylvania,19140.0,East,Office Supplies,Binders,99.846,9.0,0.7,-83.205,-0.8333333333333333,discount
Standard Class,Home Office,United States,Dallas,Texas,75081.0,Central,Office Supplies,Binders,5.792,2.0,0.8,-9.5568,-1.6500000000000001,discount
Standard Class,Corporate,United States,Philadelphia,Pennsylvania,19120.0,East,Office Supplies,Binders,2.556,3.0,0.7,-1.7892,-0.7,discount
Standard Class,Consumer,United States,Chicago,Illinois,60610.0,Central,Office Supplies,Appliances,14.016,4.0,0.8,-31.536,-2.25,discount
Standard Class,Consumer,United States,Chicago,Illinois,60610.0,Central,Furniture,Furnishings,10.776,3.0,0.6,-4.8492,-0.45,discount
Standard Class,Consumer,United States,Chicago,Illinois,60610.0,Central,Office Supplies,Binders,4.6,2.0,0.8,-8.05,-1.7500000000000002,discount
Same Day,Consumer,United States,Chicago,Illinois,60610.0,Central,Furniture,Furnishings,17.496,9.0,0.6,-7.4358,-0.42500000000000004,discount
Second Class,Home Office,United States,Chicago,Illinois,60653.0,Central,Furniture,Furnishings,14.224,2.0,0.6,-10.3124,-0.725,discount
Standard Class,Consumer,United States,Waco,Texas,76706.0,Central,Office Supplies,Binders,2.072,2.0,0.8,-3.5224,-1.7,discount
Standard Class,Corporate,United States,Carrollton,Texas,75007.0,Central,Office Supplies,Binders,3.318,3.0,0.8,-5.6406,-1.7,discount
Standard Class,Consumer,United States,Frankfort,Illinois,60423.0,Central,Office Supplies,Appliances,20.768,8.0,0.8,-52.9584,-2.55,discount
First Class,Home Office,United States,Houston,Texas,77036.0,Central,Office Supplies,Binders,2.92,2.0,0.8,-4.818,-1.65,discount
First Class,Home Office,United States,Miami,Florida,33142.0,South,Office Supplies,Binders,3.744,4.0,0.7,-2.6208,-0.7,discount
First Class,Consumer,United States,Louisville,Colorado,80027.0,West,Office Supplies,Binders,9.552,8.0,0.7,-7.3232,-0.7666666666666667,discount
First Class,Consumer,United States,Louisville,Colorado,80027.0,West,Furniture,Bookcases,89.991,3.0,0.7,-152.9847,-1.7,discount
First Class,Home Office,United States,Garland,Texas,75043.0,Central,Furniture,Furnishings,8.544,2.0,0.6,-7.476,-0.875,discount
First Class,Consumer,United States,Houston,Texas,77095.0,Central,Office Supplies,Binders,498.975,6.0,0.8,-2287.782,-1.5,discount
First Class,Home Office,United States,Knoxville,Tennessee,37918.0,South,Office Supplies,Binders,27.36,3.0,0.7,-21.888,-0.8,discount
First Class,Home Office,United States,Knoxville,Tennessee,37918.0,South,Office Supplies,Binders,34.236,4.0,0.7,-26.2476,-0.7666666666666667,discount
Standard Class,Corporate,United States,Lancaster,Ohio,43130.0,East,Office Supplies,Binders,2.907,3.0,0.7,-2.0349,-0.7,discount
Standard Class,Consumer,United States,Chicago,Illinois,60653.0,Central,Office Supplies,Appliances,73.176,6.0,0.8,-197.5752,-2.6999999999999997,discount
Standard Class,Home Office,United States,Lakewood,Ohio,44107.0,East,Office Supplies,Binders,6.216,4.0,0.7,-4.9728,-0.8,discount
First Class,Corporate,United States,Palm Coast,Florida,32137.0,South,Office Supplies,Binders,9.81,5.0,0.7,-6.867,-0.7,discount
First Class,Consumer,United States,Scottsdale,Arizona,85254.0,West,Office Supplies,Binders,32.34,9.5,0.7,-23.716,-0.7333333333333333,discount
First Class,Consumer,United States,Scottsdale,Arizona,85254.0,West,Furniture,Bookcases,181.47,5.0,0.7,-320.597,-1.7666666666666666,discount
Standard Class,Consumer,United States,Parker,Colorado,80134.0,West,Furniture,Bookcases,102.018,7.0,0.7,-183.6324,-1.7999999999999998,discount
Standard Class,Corporate,United States,Miami,Florida,33180.0,South,Office Supplies,Binders,1.869,1.0,0.7,-1.3083,-0.7000000000000001,discount
Standard Class,Home Office,United States,San Antonio,Texas,78207.0,Central,Office Supplies,Binders,3.592,4.0,0.8,-6.286,-1.7499999999999998,discount
Standard Class,Corporate,United States,Philadelphia,Pennsylvania,19140.0,East,Office Supplies,Binders,7.656,4.0,0.7,-6.1248,-0.7999999999999999,discount
Standard Class,Consumer,United States,Chicago,Illinois,60653.0,Central,Office Supplies,Binders,1.592,2.0,0.8,-2.6268,-1.6499999999999997,discount
Standard Class,Corporate,United States,Tucson,Arizona,85705.0,West,Office Supplies,Binders,10.44,6.0,0.7,-7.656,-0.7333333333333334,discount
Standard Class,Corporate,United States,Tucson,Arizona,85705.0,West,Office Supplies,Binders,5.214,2.0,0.7,-4.1712,-0.7999999999999999,discount
Standard Class,Corporate,United States,Columbus,Ohio,43229.0,East,Office Supplies,Binders,29.94,4.0,0.7,-23.952,-0.8,discount
Standard Class,Consumer,United States,Cleveland,Ohio,44105.0,East,Office Supplies,Binders,59.913,7.0,0.7,-45.9333,-0.7666666666666667,discount
First Class,Home Office,United States,Salem,Oregon,97301.0,West,Office Supplies,Binders,45.24,4.0,0.7,-30.16,-0.6666666666666666,discount
Same Day,Corporate,United States,Newark,Ohio,43055.0,East,Office Supplies,Binders,11.088,7.0,0.7,-8.1312,-0.7333333333333334,discount
Standard Class,Consumer,United States,Chicago,Illinois,60610.0,Central,Furniture,Furnishings,38.976,3.0,0.6,-50.6688,-1.3,discount
Standard Class,Home Office,United States,Chicago,Illinois,60623.0,Central,Office Supplies,Binders,27.396,9.0,0.8,-42.4638,-1.5499999999999998,discount
Standard Class,Home Office,United States,Chicago,Illinois,60623.0,Central,Office Supplies,Binders,13.456,1.0,0.8,-23.548,-1.75,discount
Standard Class,Consumer,United States,Fort Worth,Texas,76106.0,Central,Office Supplies,Appliances,3.16,4.0,0.8,-8.532,-2.6999999999999997,discount
Standard Class,Consumer,United States,Springfield,Oregon,97477.0,West,Furniture,Bookcases,217.764,6.0,0.7,-384.7164,-1.7666666666666666,discount
Standard Class,Consumer,United States,Springfield,Oregon,97477.0,West,Office Supplies,Binders,22.638,7.0,0.7,-16.6012,-0.7333333333333332,discount
Second Class,Corporate,United States,Jacksonville,Florida,32216.0,South,Office Supplies,Binders,4.419,3.0,0.7,-3.0933,-0.7000000000000001,discount
Standard Class,Consumer,United States,Miami,Florida,33178.0,South,Office Supplies,Binders,64.2,5.0,0.7,-42.8,-0.6666666666666666,discount
Standard Class,Consumer,United States,Miami,Florida,33178.0,South,Office Supplies,Binders,38.52,3.0,0.7,-26.964,-0.7,discount
Standard Class,Corporate,United States,Dallas,Texas,75220.0,Central,Office Supplies,Binders,1.362,1.0,0.8,-2.1792,-1.5999999999999996,discount
Standard Class,Corporate,United States,Dallas,Texas,75220.0,Central,Furniture,Furnishings,14.76,5.0,0.6,-11.439,-0.775,discount
Standard Class,Corporate,United States,Philadelphia,Pennsylvania,19143.0,East,Office Supplies,Binders,104.58,6.0,0.7,-80.178,-0.7666666666666666,discount
Standard Class,Corporate,United States,Phoenix,Arizona,85023.0,West,Office Supplies,Binders,5.214,2.0,0.7,-4.1712,-0.7999999999999999,discount
Standard Class,Consumer,United States,Miami,Florida,33142.0,South,Office Supplies,Binders,12.294,1.0,0.7,-8.6058,-0.7,discount
Standard Class,Consumer,United States,Carrollton,Texas,75007.0,Central,Office Supplies,Appliances,19.568,2.0,0.8,-52.8336,-2.6999999999999997,discount
Standard Class,Consumer,United States,Carrollton,Texas,75007.0,Central,Office Supplies,Binders,310.392,4.0,0.8,-512.1468,-1.65,discount
Standard Class,Corporate,United States,Miami,Florida,33142.0,South,Office Supplies,Binders,16.146,9.0,0.7,-12.9168,-0.7999999999999999,discount
Standard Class,Corporate,United States,Miami,Florida,33142.0,South,Office Supplies,Binders,498.975,5.0,0.7,-1031.5385,-0.7666666666666668,discount
Second Class,Home Office,United States,Lancaster,Ohio,43130.0,East,Office Supplies,Binders,12.201,7.0,0.7,-9.7608,-0.7999999999999999,discount
First Class,Consumer,United States,Edinburg,Texas,78539.0,Central,Office Supplies,Binders,2.068,1.0,0.8,-3.4122,-1.65,discount
Same Day,Consumer,United States,Lubbock,Texas,79424.0,Central,Furniture,Furnishings,25.16,5.0,0.6,-11.322,-0.44999999999999996,discount
Standard Class,Consumer,United States,Houston,Texas,77095.0,Central,Office Supplies,Binders,6.216,6.0,0.8,-9.6348,-1.55,discount
Standard Class,Consumer,United States,Houston,Texas,77095.0,Central,Office Supplies,Binders,4.488,6.0,0.8,-6.732,-1.5,discount
Second Class,Corporate,United States,Loveland,Colorado,80538.0,West,Office Supplies,Binders,1.188,2.0,0.7,-0.99,-0.8333333333333334,discount
Standard Class,Consumer,United States,Grand Prairie,Texas,75051.0,Central,Office Supplies,Appliances,19.432,2.0,0.8,-49.5516,-2.5500000000000003,discount
Standard Class,Consumer,United States,Chicago,Illinois,60653.0,Central,Office Supplies,Binders,1.908,3.0,0.8,-3.2436,-1.7,discount
Standard Class,Corporate,United States,Springfield,Oregon,97477.0,West,Furniture,Bookcases,72.588,2.0,0.7,-128.2388,-1.7666666666666668,discount
Standard Class,Home Office,United States,Mcallen,Texas,78501.0,Central,Office Supplies,Appliances,73.164,6.0,0.8,-186.5682,-2.55,discount
First Class,Corporate,United States,Lakeland,Florida,33801.0,South,Office Supplies,Binders,33.57,5.0,0.7,-25.737,-0.7666666666666666,discount
Standard Class,Consumer,United States,Houston,Texas,77095.0,Central,Office Supplies,Binders,6.33,5.0,0.8,-9.8115,-1.55,discount
Standard Class,Consumer,United States,Portland,Oregon,97206.0,West,Furniture,Bookcases,66.294,1.0,0.7,-103.8606,-1.5666666666666669,discount
Standard Class,Home Office,United States,Columbia,Tennessee,38401.0,South,Office Supplies,Binders,18.24,2.0,0.7,-14.592,-0.8,discount
First Class,Consumer,United States,Chicago,Illinois,60623.0,Central,Office Supplies,Appliances,2.394,1.0,0.8,-6.3441,-2.65,discount
Second Class,Home Office,United States,Tamarac,Florida,33319.0,South,Office Supplies,Binders,3.444,1.0,0.7,-2.5256,-0.7333333333333333,discount
First Class,Corporate,United States,Rockford,Illinois,61107.0,Central,Office Supplies,Binders,442.372,7.0,0.8,-729.9138,-1.6500000000000001,discount
Standard Class,Consumer,United States,Chicago,Illinois,60623.0,Central,Office Supplies,Binders,24.588,3.0,0.8,-38.1114,-1.55,discount
Standard Class,Consumer,United States,Dallas,Texas,75217.0,Central,Furniture,Furnishings,108.4,5.0,0.6,-105.69,-0.975,discount
Standard Class,Consumer,United States,Philadelphia,Pennsylvania,19120.0,East,Office Supplies,Binders,2.412,1.0,0.7,-2.01,-0.8333333333333333,discount
Standard Class,Corporate,United States,Grand Prairie,Texas,75051.0,Central,Furniture,Furnishings,38.08,5.0,0.6,-29.512,-0.775,discount
First Class,Consumer,United States,Austin,Texas,78745.0,Central,Office Supplies,Binders,32.784,4.0,0.8,-52.4544,-1.6,discount
First Class,Consumer,United States,Austin,Texas,78745.0,Central,Office Supplies,Binders,4.276,1.0,0.8,-6.6278,-1.55,discount
Second Class,Home Office,United States,Hollywood,Florida,33021.0,South,Office Supplies,Binders,11.52,5.0,0.7,-7.68,-0.6666666666666666,discount
Standard Class,Consumer,United States,Philadelphia,Pennsylvania,19120.0,East,Office Supplies,Binders,6.294,1.0,0.7,-4.196,-0.6666666666666666,discount
Standard Class,Consumer,United States,Jacksonville,North Carolina,28540.0,South,Office Supplies,Binders,14.301,7.0,0.7,-10.4874,-0.7333333333333333,discount
Second Class,Home Office,United States,Houston,Texas,77095.0,Central,Furniture,Furnishings,103.5,5.0,0.6,-77.625,-0.75,discount
Standard Class,Consumer,United States,Pembroke Pines,Florida,33024.0,South,Office Supplies,Binders,4.554,3.0,0.7,-3.4914,-0.7666666666666666,discount
Standard Class,Consumer,United States,Jacksonville,North Carolina,28540.0,South,Office Supplies,Binders,12.843,3.0,0.7,-9.8463,-0.7666666666666666,discount
Standard Class,Consumer,United States,Medina,Ohio,44256.0,East,Office Supplies,Binders,19.242,3.0,0.7,-13.4694,-0.7,discount
Standard Class,Home Office,United States,Philadelphia,Pennsylvania,19120.0,East,Office Supplies,Binders,5.715,5.0,0.7,-4.7625,-0.8333333333333334,discount
Standard Class,Home Office,United States,Philadelphia,Pennsylvania,19120.0,East,Office Supplies,Binders,9.42,5.0,0.7,-7.85,-0.8333333333333333,discount
Standard Class,Home Office,United States,El Paso,Texas,79907.0,Central,Office Supplies,Binders,4.428,3.0,0.8,-6.8634,-1.55,discount
Standard Class,Consumer,United States,Cleveland,Ohio,44105.0,East,Office Supplies,Binders,58.17,5.0,0.7,-46.536,-0.8,discount
Second Class,Home Office,United States,Chicago,Illinois,60653.0,Central,Office Supplies,Binders,8.682,1.0,0.8,-14.7594,-1.7,discount
First Class,Corporate,United States,Arlington,Texas,76017.0,Central,Office Supplies,Appliances,33.62,5.0,0.8,-90.774,-2.7,discount
Second Class,Consumer,United States,Waco,Texas,76706.0,Central,Office Supplies,Binders,243.992,4.0,0.8,-426.986,-1.75,discount
First Class,Corporate,United States,Columbus,Ohio,43229.0,East,Office Supplies,Binders,11.76,5.0,0.7,-7.84,-0.6666666666666666,discount
Standard Class,Consumer,United States,Jacksonville,Florida,32216.0,South,Office Supplies,Binders,1.365,1.0,0.7,-0.91,-0.6666666666666667,discount
Standard Class,Home Office,United States,Wilson,North Carolina,27893.0,South,Office Supplies,Binders,7.38,5.0,0.7,-5.412,-0.7333333333333333,discount
Same Day,Consumer,United States,Charlotte,North Carolina,28205.0,South,Office Supplies,Binders,68.541,9.5,0.7,-52.5481,-0.7666666666666667,discount
First Class,Corporate,United States,Arlington,Texas,76017.0,Central,Office Supplies,Binders,42.616,7.0,0.8,-68.1856,-1.5999999999999999,discount
First Class,Corporate,United States,Arlington,Texas,76017.0,Central,Furniture,Furnishings,21.184,2.0,0.6,-11.6512,-0.5499999999999999,discount
Standard Class,Consumer,United States,Bloomington,Illinois,61701.0,Central,Furniture,Furnishings,41.552,2.0,0.6,-19.7372,-0.47500000000000003,discount
Standard Class,Consumer,United States,Wilson,North Carolina,27893.0,South,Office Supplies,Binders,6.408,4.0,0.7,-4.9128,-0.7666666666666666,discount
Same Day,Consumer,United States,Skokie,Illinois,60076.0,Central,Furniture,Furnishings,266.352,6.0,0.6,-292.9872,-1.1,discount
Same Day,Consumer,United States,Skokie,Illinois,60076.0,Central,Furniture,Furnishings,56.328,3.0,0.6,-26.7558,-0.475,discount
First Class,Corporate,United States,Smyrna,Tennessee,37167.0,South,Office Supplies,Binders,6.129,3.0,0.7,-4.4946,-0.7333333333333334,discount
Standard Class,Consumer,United States,Chicago,Illinois,60653.0,Central,Furniture,Furnishings,14.56,5.0,0.6,-6.188,-0.425,discount
Standard Class,Corporate,United States,Phoenix,Arizona,85023.0,West,Office Supplies,Binders,13.005,3.0,0.7,-9.9705,-0.7666666666666666,discount
Standard Class,Corporate,United States,Chicago,Illinois,60610.0,Central,Furniture,Furnishings,34.504,2.0,0.6,-15.5268,-0.45,discount
Same Day,Consumer,United States,Houston,Texas,77041.0,Central,Furniture,Furnishings,20.104,2.0,0.6,-16.5858,-0.825,discount
Same Day,Consumer,United States,Houston,Texas,77041.0,Central,Office Supplies,Binders,3.798,1.0,0.8,-6.0768,-1.6,discount
Same Day,Consumer,United States,Houston,Texas,77041.0,Central,Furniture,Furnishings,7.88,5.0,0.6,-3.94,-0.5,discount
Standard Class,Corporate,United States,Phoenix,Arizona,85023.0,West,Technology,Machines,269.97,2.0,0.7,-386.957,-1.4333333333333331,discount
Standard Class,Corporate,United States,Houston,Texas,77095.0,Central,Furniture,Furnishings,22.38,3.0,0.6,-7.833,-0.35000000000000003,discount
First Class,Consumer,United States,Philadelphia,Pennsylvania,19140.0,East,Office Supplies,Binders,3.882,2.0,0.7,-2.588,-0.6666666666666666,discount
First Class,Consumer,United States,Philadelphia,Pennsylvania,19140.0,East,Technology,Machines,12.585,1.0,0.7,-18.0385,-1.4333333333333331,discount
First Class,Consumer,United States,Philadelphia,Pennsylvania,19140.0,East,Office Supplies,Binders,18.312,4.0,0.7,-12.208,-0.6666666666666666,discount
First Class,Consumer,United States,Philadelphia,Pennsylvania,19140.0,East,Technology,Machines,241.17,2.0,0.7,-168.819,-0.7,discount
Standard Class,Corporate,United States,Peoria,Illinois,61604.0,Central,Office Supplies,Binders,1.68,5.0,0.8,-2.688,-1.6,discount
Standard Class,Corporate,United States,Peoria,Illinois,61604.0,Central,Furniture,Furnishings,7.968,3.0,0.6,-2.3904,-0.3,discount
Standard Class,Corporate,United States,Peoria,Illinois,61604.0,Central,Furniture,Furnishings,2.96,2.0,0.6,-1.406,-0.475,discount
First Class,Home Office,United States,Troy,Ohio,45373.0,East,Office Supplies,Binders,14.832,3.0,0.7,-10.3824,-0.7,discount
Second Class,Consumer,United States,Beaumont,Texas,77705.0,Central,Office Supplies,Binders,10.78,5.0,0.8,-17.248,-1.6,discount
Same Day,Consumer,United States,Dallas,Texas,75217.0,Central,Furniture,Furnishings,131.376,6.0,0.6,-95.2476,-0.725,discount
Standard Class,Consumer,United States,Lakewood,Ohio,44107.0,East,Office Supplies,Binders,10.782,3.0,0.7,-7.9068,-0.7333333333333333,discount
Second Class,Consumer,United States,Naperville,Illinois,60540.0,Central,Office Supplies,Binders,7.656,6.0,0.8,-13.0152,-1.7000000000000002,discount
Standard Class,Corporate,United States,Chicago,Illinois,60653.0,Central,Office Supplies,Appliances,5.588,2.0,0.8,-15.0876,-2.7,discount
Second Class,Consumer,United States,Columbus,Ohio,43229.0,East,Office Supplies,Binders,2.502,3.0,0.7,-2.0016,-0.8,discount
Standard Class,Consumer,United States,Chicago,Illinois,60623.0,Central,Office Supplies,Binders,17.904,6.0,0.8,-31.332,-1.75,discount
Standard Class,Corporate,United States,Philadelphia,Pennsylvania,19143.0,East,Office Supplies,Binders,24.588,2.0,0.7,-18.0312,-0.7333333333333333,discount
First Class,Home Office,United States,Chicago,Illinois,60653.0,Central,Furniture,Furnishings,84.272,2.0,0.6,-75.8448,-0.9,discount
Standard Class,Consumer,United States,Phoenix,Arizona,85023.0,West,Office Supplies,Binders,18.18,4.0,0.7,-13.938,-0.7666666666666667,discount
First Class,Consumer,United States,Abilene,Texas,79605.0,Central,Office Supplies,Appliances,1.392,2.0,0.8,-3.7584,-2.7,discount
Second Class,Corporate,United States,Rockford,Illinois,61107.0,Central,Office Supplies,Binders,13.84,4.0,0.8,-22.144,-1.5999999999999999,discount
Standard Class,Corporate,United States,Chicago,Illinois,60623.0,Central,Furniture,Furnishings,8.544,2.0,0.6,-7.476,-0.875,discount
Standard Class,Corporate,United States,Springfield,Ohio,45503.0,East,Office Supplies,Binders,12.828,2.0,0.7,-8.9796,-0.7,discount
Standard Class,Corporate,United States,Dallas,Texas,75081.0,Central,Office Supplies,Binders,1.964,2.0,0.8,-3.2406,-1.6500000000000001,discount
Standard Class,Consumer,United States,Mcallen,Texas,78501.0,Central,Office Supplies,Binders,4.752,4.0,0.8,-8.316,-1.7500000000000002,discount
Standard Class,Consumer,United States,Charlotte,North Carolina,28205.0,South,Office Supplies,Binders,22.911,7.0,0.7,-17.5651,-0.7666666666666667,discount
Standard Class,Consumer,United States,Charlotte,North Carolina,28205.0,South,Office Supplies,Binders,17.22,5.0,0.7,-12.628,-0.7333333333333334,discount
First Class,Corporate,United States,Chester,Pennsylvania,19013.0,East,Office Supplies,Binders,8.595,5.0,0.7,-6.303,-0.7333333333333333,discount
First Class,Consumer,United States,Philadelphia,Pennsylvania,19140.0,East,Office Supplies,Binders,6.57,3.0,0.7,-5.037,-0.7666666666666666,discount
Standard Class,Corporate,United States,Smyrna,Tennessee,37167.0,South,Office Supplies,Binders,67.194,1.0,0.7,-51.5154,-0.7666666666666666,discount
Standard Class,Consumer,United States,Miami,Florida,33180.0,South,Office Supplies,Binders,7.23,5.0,0.7,-5.784,-0.7999999999999999,discount
Standard Class,Consumer,United States,Miami,Florida,33180.0,South,Office Supplies,Binders,62.88,4.0,0.7,-50.304,-0.8,discount
Standard Class,Home Office,United States,Philadelphia,Pennsylvania,19140.0,East,Office Supplies,Binders,12.294,1.0,0.7,-8.6058,-0.7,discount
Standard Class,Consumer,United States,Chicago,Illinois,60610.0,Central,Office Supplies,Appliances,53.088,7.0,0.8,-108.8304,-2.05,discount
Standard Class,Corporate,United States,Houston,Texas,77070.0,Central,Office Supplies,Appliances,87.168,8.0,0.8,-226.6368,-2.5999999999999996,discount
Standard Class,Corporate,United States,Philadelphia,Pennsylvania,19140.0,East,Office Supplies,Binders,2.202,2.0,0.7,-1.5414,-0.7000000000000001,discount
Standard Class,Corporate,United States,Philadelphia,Pennsylvania,19140.0,East,Office Supplies,Binders,9.396,3.0,0.7,-7.5168,-0.7999999999999999,discount
Standard Class,Home Office,United States,Houston,Texas,77095.0,Central,Furniture,Furnishings,16.784,2.0,0.6,-22.2388,-1.3250000000000002,discount
Standard Class,Home Office,United States,Houston,Texas,77095.0,Central,Office Supplies,Appliances,38.864,4.0,0.8,-99.1032,-2.5500000000000003,discount
Second Class,Consumer,United States,Hialeah,Florida,33012.0,South,Office Supplies,Binders,5.388,4.0,0.7,-4.49,-0.8333333333333334,discount
Standard Class,Home Office,United States,Saint Charles,Illinois,60174.0,Central,Furniture,Furnishings,8.736,3.0,0.6,-4.8048,-0.5499999999999999,discount
Standard Class,Consumer,United States,Philadelphia,Pennsylvania,19140.0,East,Office Supplies,Binders,274.491,3.0,0.7,-228.7425,-0.8333333333333334,discount
Same Day,Corporate,United States,Philadelphia,Pennsylvania,19143.0,East,Technology,Machines,341.991,3.0,0.7,-319.1916,-0.9333333333333333,discount
Same Day,Consumer,United States,Columbia,Tennessee,38401.0,South,Office Supplies,Binders,13.428,3.0,0.7,-11.19,-0.8333333333333333,discount
Standard Class,Corporate,United States,Greensboro,North Carolina,27405.0,South,Office Supplies,Binders,4.095,3.0,0.7,-2.73,-0.6666666666666667,discount
Standard Class,Home Office,United States,Yuma,Arizona,85364.0,West,Technology,Machines,498.975,5.0,0.7,-479.988,-0.7999999999999999,discount
Standard Class,Consumer,United States,Chicago,Illinois,60653.0,Central,Office Supplies,Binders,3.036,3.0,0.8,-5.0094,-1.6500000000000001,discount
First Class,Consumer,United States,Des Plaines,Illinois,60016.0,Central,Furniture,Furnishings,8.544,2.0,0.6,-7.476,-0.875,discount
First Class,Consumer,United States,Des Plaines,Illinois,60016.0,Central,Office Supplies,Binders,2.892,3.0,0.8,-4.9164,-1.7000000000000002,discount
Standard Class,Consumer,United States,Miami,Florida,33178.0,South,Office Supplies,Binders,1.872,2.0,0.7,-1.3104,-0.7,discount
Standard Class,Consumer,United States,Miami,Florida,33178.0,South,Office Supplies,Binders,11.214,2.0,0.7,-8.5974,-0.7666666666666667,discount
Standard Class,Corporate,United States,Hillsboro,Oregon,97123.0,West,Office Supplies,Binders,4.158,7.0,0.7,-3.465,-0.8333333333333333,discount
First Class,Corporate,United States,Chicago,Illinois,60623.0,Central,Furniture,Furnishings,22.752,6.0,0.6,-8.532,-0.375,discount
Standard Class,Corporate,United States,Lancaster,Pennsylvania,17602.0,East,Office Supplies,Binders,81.438,7.0,0.7,-65.1504,-0.8,discount
Standard Class,Consumer,United States,Houston,Texas,77095.0,Central,Office Supplies,Appliances,176.772,3.0,0.8,-459.6072,-2.6,discount
Standard Class,Corporate,United States,Philadelphia,Pennsylvania,19140.0,East,Office Supplies,Binders,6.888,2.0,0.7,-5.0512,-0.7333333333333333,discount
First Class,Corporate,United States,Miami,Florida,33180.0,South,Office Supplies,Binders,15.57,3.0,0.7,-11.937,-0.7666666666666666,discount
Second Class,Corporate,United States,Philadelphia,Pennsylvania,19134.0,East,Office Supplies,Binders,51.897,1.0,0.7,-41.5176,-0.8,discount
Second Class,Corporate,United States,Philadelphia,Pennsylvania,19134.0,East,Office Supplies,Binders,23.16,5.0,0.7,-15.44,-0.6666666666666666,discount
Second Class,Corporate,United States,Philadelphia,Pennsylvania,19134.0,East,Technology,Machines,449.1,3.0,0.7,-643.71,-1.4333333333333333,discount
Second Class,Consumer,United States,Houston,Texas,77070.0,Central,Furniture,Furnishings,32.712,2.0,0.6,-26.1696,-0.7999999999999999,discount
Standard Class,Consumer,United States,Phoenix,Arizona,85023.0,West,Office Supplies,Binders,9.345,5.0,0.7,-6.5415,-0.7,discount
Second Class,Home Office,United States,Chicago,Illinois,60610.0,Central,Furniture,Furnishings,22.2,1.0,0.6,-26.085,-1.175,discount
Second Class,Home Office,United States,Houston,Texas,77036.0,Central,Office Supplies,Binders,5.8,5.0,0.8,-10.15,-1.7500000000000002,discount
Standard Class,Corporate,United States,Philadelphia,Pennsylvania,19143.0,East,Office Supplies,Binders,3.576,4.0,0.7,-2.8608,-0.7999999999999999,discount
Standard Class,Consumer,United States,Houston,Texas,77070.0,Central,Office Supplies,Appliances,1.556,2.0,0.8,-4.2012,-2.6999999999999997,discount
Standard Class,Consumer,United States,Skokie,Illinois,60076.0,Central,Office Supplies,Binders,12.176,4.0,0.8,-18.8728,-1.55,discount
Standard Class,Consumer,United States,Lancaster,Ohio,43130.0,East,Office Supplies,Binders,8.952,2.0,0.7,-7.46,-0.8333333333333334,discount
Standard Class,Consumer,United States,Lancaster,Ohio,43130.0,East,Office Supplies,Binders,8.856,6.0,0.7,-6.4944,-0.7333333333333333,discount
Standard Class,Consumer,United States,Houston,Texas,77041.0,Central,Furniture,Furnishings,13.592,2.0,0.6,-14.2716,-1.0499999999999998,discount
Standard Class,Corporate,United States,Denver,Colorado,80219.0,West,Office Supplies,Binders,36.624,8.0,0.7,-24.416,-0.6666666666666666,discount
Standard Class,Corporate,United States,Denver,Colorado,80219.0,West,Furniture,Bookcases,242.352,8.0,0.7,-363.528,-1.5,discount
Standard Class,Corporate,United States,Huntsville,Texas,77340.0,Central,Office Supplies,Binders,11.98,5.0,0.8,-19.168,-1.5999999999999999,discount
Standard Class,Corporate,United States,Huntsville,Texas,77340.0,Central,Office Supplies,Binders,0.898,1.0,0.8,-1.5715,-1.7499999999999998,discount
First Class,Corporate,United States,Houston,Texas,77036.0,Central,Furniture,Furnishings,21.204,3.0,0.6,-11.6622,-0.55,discount
Standard Class,Consumer,United States,Springfield,Oregon,97477.0,West,Technology,Machines,29.925,5.0,0.7,-21.945,-0.7333333333333333,discount
Standard Class,Consumer,United States,Chicago,Illinois,60623.0,Central,Furniture,Furnishings,25.176,3.0,0.6,-33.3582,-1.325,discount
Standard Class,Consumer,United States,Chicago,Illinois,60623.0,Central,Furniture,Furnishings,5.584,2.0,0.6,-1.6752,-0.30000000000000004,discount
Standard Class,Corporate,United States,Orlando,Florida,32839.0,South,Office Supplies,Binders,6.642,9.0,0.7,-4.428,-0.6666666666666666,discount
First Class,Home Office,United States,Pueblo,Colorado,81001.0,West,Technology,Machines,498.975,6.0,0.7,-938.28,-1.3333333333333333,discount
First Class,Home Office,United States,Pueblo,Colorado,81001.0,West,Office Supplies,Binders,17.904,4.0,0.7,-14.92,-0.8333333333333334,discount
First Class,Home Office,United States,Pueblo,Colorado,81001.0,West,Office Supplies,Binders,11.976,4.0,0.7,-9.1816,-0.7666666666666666,discount
First Class,Home Office,United States,Lakewood,Ohio,44107.0,East,Office Supplies,Binders,76.776,4.0,0.7,-53.7432,-0.7000000000000001,discount
Standard Class,Consumer,United States,Huntsville,Texas,77340.0,Central,Furniture,Furnishings,76.728,3.0,0.6,-53.7096,-0.7000000000000001,discount
Standard Class,Consumer,United States,Huntsville,Texas,77340.0,Central,Office Supplies,Binders,10.43,7.0,0.8,-18.2525,-1.7500000000000002,discount
First Class,Home Office,United States,Houston,Texas,77036.0,Central,Office Supplies,Binders,5.232,4.0,0.8,-8.1096,-1.55,discount
Standard Class,Consumer,United States,Philadelphia,Pennsylvania,19120.0,East,Office Supplies,Binders,13.698,3.0,0.7,-9.5886,-0.7,discount
Standard Class,Corporate,United States,Colorado Springs,Colorado,80906.0,West,Office Supplies,Binders,1.938,2.0,0.7,-1.3566,-0.7000000000000001,discount
Standard Class,Consumer,United States,Lancaster,Ohio,43130.0,East,Office Supplies,Binders,456.588,2.0,0.7,-304.392,-0.6666666666666666,discount
Standard Class,Consumer,United States,Lancaster,Ohio,43130.0,East,Technology,Machines,498.975,5.0,0.7,-6599.978,-1.4666666666666668,discount
Standard Class,Consumer,United States,Chicago,Illinois,60623.0,Central,Office Supplies,Binders,8.568,3.0,0.8,-14.5656,-1.7,discount
First Class,Consumer,United States,Chicago,Illinois,60653.0,Central,Office Supplies,Binders,2.89,1.0,0.8,-4.7685,-1.6500000000000001,discount
First Class,Consumer,United States,Chicago,Illinois,60653.0,Central,Furniture,Furnishings,22.608,3.0,0.6,-10.1736,-0.45,discount
Same Day,Home Office,United States,Philadelphia,Pennsylvania,19120.0,East,Office Supplies,Binders,4.842,3.0,0.7,-3.3894,-0.7000000000000001,discount
Standard Class,Corporate,United States,Chicago,Illinois,60623.0,Central,Office Supplies,Binders,1.8,5.0,0.8,-2.88,-1.5999999999999999,discount
Standard Class,Home Office,United States,Franklin,Tennessee,37064.0,South,Office Supplies,Binders,3.204,2.0,0.7,-2.5632,-0.8,discount
Standard Class,Consumer,United States,Raleigh,North Carolina,27604.0,South,Office Supplies,Binders,30.828,7.0,0.7,-24.6624,-0.8,discount
Standard Class,Consumer,United States,Houston,Texas,77070.0,Central,Furniture,Furnishings,16.192,2.0,0.6,-6.8816,-0.425,discount
Standard Class,Corporate,United States,Chicago,Illinois,60653.0,Central,Office Supplies,Appliances,20.388,2.0,0.8,-53.0088,-2.5999999999999996,discount
Standard Class,Consumer,United States,Cuyahoga Falls,Ohio,44221.0,East,Office Supplies,Binders,18.528,4.0,0.7,-12.352,-0.6666666666666667,discount
Second Class,Consumer,United States,Mesa,Arizona,85204.0,West,Furniture,Bookcases,127.764,6.0,0.7,-191.646,-1.5,discount
Second Class,Home Office,United States,Aurora,Illinois,60505.0,Central,Furniture,Furnishings,242.176,4.0,0.6,-302.72,-1.2500000000000002,discount
Standard Class,Consumer,United States,Memphis,Tennessee,38109.0,South,Office Supplies,Binders,498.975,6.0,0.7,-1237.8462,-0.7666666666666666,discount
Standard Class,Home Office,United States,Dallas,Texas,75217.0,Central,Office Supplies,Binders,3.96,9.5,0.8,-6.93,-1.75,discount
Second Class,Consumer,United States,Saint Charles,Illinois,60174.0,Central,Furniture,Furnishings,30.344,2.0,0.6,-31.8612,-1.05,discount
Standard Class,Home Office,United States,Hollywood,Florida,33021.0,South,Office Supplies,Binders,15.57,3.0,0.7,-11.418,-0.7333333333333333,discount
Standard Class,Consumer,United States,Dallas,Texas,75081.0,Central,Office Supplies,Binders,39.582,9.0,0.8,-59.373,-1.5,discount
Standard Class,Consumer,United States,Dallas,Texas,75081.0,Central,Office Supplies,Binders,40.98,5.0,0.8,-65.568,-1.6,discount
Standard Class,Consumer,United States,Dallas,Texas,75081.0,Central,Office Supplies,Binders,3.168,3.0,0.8,-5.0688,-1.6,discount
Standard Class,Consumer,United States,El Paso,Texas,79907.0,Central,Furniture,Furnishings,63.552,6.0,0.6,-34.9536,-0.55,discount
Second Class,Corporate,United States,Miramar,Florida,33023.0,South,Office Supplies,Binders,20.232,8.0,0.7,-16.1856,-0.8,discount
First Class,Corporate,United States,Denver,Colorado,80219.0,West,Furniture,Bookcases,90.882,3.0,0.7,-190.8522,-2.1,discount
Standard Class,Corporate,United States,Philadelphia,Pennsylvania,19134.0,East,Office Supplies,Binders,2.724,2.0,0.7,-1.9068,-0.7,discount
Standard Class,Corporate,United States,Philadelphia,Pennsylvania,19134.0,East,Office Supplies,Binders,3.762,3.0,0.7,-2.7588,-0.7333333333333333,discount
First Class,Consumer,United States,Boca Raton,Florida,33433.0,South,Office Supplies,Binders,39.936,4.0,0.7,-26.624,-0.6666666666666666,discount
Second Class,Consumer,United States,Aurora,Colorado,80013.0,West,Office Supplies,Binders,4.896,3.0,0.7,-3.4272,-0.7000000000000001,discount
Second Class,Consumer,United States,Aurora,Colorado,80013.0,West,Furniture,Bookcases,145.764,6.0,0.7,-247.7988,-1.7,discount
Second Class,Consumer,United States,Aurora,Colorado,80013.0,West,Office Supplies,Binders,9.612,6.0,0.7,-7.3692,-0.7666666666666667,discount
Standard Class,Corporate,United States,Dallas,Texas,75217.0,Central,Office Supplies,Appliances,4.992,3.0,0.8,-12.9792,-2.6,discount
Standard Class,Corporate,United States,Dallas,Texas,75217.0,Central,Office Supplies,Binders,1.044,1.0,0.8,-1.827,-1.75,discount
Standard Class,Consumer,United States,Amarillo,Texas,79109.0,Central,Furniture,Furnishings,23.076,3.0,0.6,-10.9611,-0.475,discount
First Class,Consumer,United States,Houston,Texas,77041.0,Central,Office Supplies,Binders,0.984,2.0,0.8,-1.476,-1.5,discount
First Class,Consumer,United States,Houston,Texas,77041.0,Central,Furniture,Furnishings,75.384,9.0,0.6,-20.7306,-0.27499999999999997,discount
Second Class,Consumer,United States,Cuyahoga Falls,Ohio,44221.0,East,Office Supplies,Binders,2.214,3.0,0.7,-1.476,-0.6666666666666666,discount
Standard Class,Corporate,United States,Philadelphia,Pennsylvania,19140.0,East,Office Supplies,Binders,5.97,5.0,0.7,-4.577,-0.7666666666666667,discount
Standard Class,Corporate,United States,Philadelphia,Pennsylvania,19134.0,East,Office Supplies,Binders,2.655,1.0,0.7,-1.8585,-0.7000000000000001,discount
Standard Class,Consumer,United States,Huntsville,Texas,77340.0,Central,Furniture,Furnishings,141.42,5.0,0.6,-187.3815,-1.325,discount
Standard Class,Consumer,United States,Huntsville,Texas,77340.0,Central,Office Supplies,Binders,6.47,5.0,0.8,-9.705,-1.5,discount
Standard Class,Consumer,United States,Huntsville,Texas,77340.0,Central,Office Supplies,Binders,13.748,9.5,0.8,-22.6842,-1.6500000000000001,discount
Standard Class,Consumer,United States,Huntsville,Texas,77340.0,Central,Office Supplies,Appliances,15.224,2.0,0.8,-38.8212,-2.55,discount
Standard Class,Corporate,United States,Springfield,Oregon,97477.0,West,Office Supplies,Binders,14.301,7.0,0.7,-10.4874,-0.7333333333333333,discount
Second Class,Consumer,United States,San Angelo,Texas,76903.0,Central,Office Supplies,Appliances,11.648,4.0,0.8,-30.8672,-2.65,discount
Standard Class,Consumer,United States,Houston,Texas,77070.0,Central,Office Supplies,Binders,2.934,3.0,0.8,-4.9878,-1.7,discount
Standard Class,Consumer,United States,Chicago,Illinois,60610.0,Central,Furniture,Furnishings,64.96,5.0,0.6,-43.848,-0.675,discount
Standard Class,Corporate,United States,Dallas,Texas,75081.0,Central,Furniture,Furnishings,72.78,3.0,0.6,-70.9605,-0.975,discount
Standard Class,Corporate,United States,Chicago,Illinois,60653.0,Central,Furniture,Furnishings,22.608,3.0,0.6,-10.1736,-0.45,discount
Standard Class,Corporate,United States,Chicago,Illinois,60653.0,Central,Furniture,Furnishings,1.892,1.0,0.6,-0.9933,-0.525,discount
First Class,Consumer,United States,Durham,North Carolina,27707.0,South,Office Supplies,Binders,6.048,7.0,0.7,-4.2336,-0.7,discount
Standard Class,Consumer,United States,Chicago,Illinois,60610.0,Central,Office Supplies,Binders,10.43,5.0,0.8,-18.2525,-1.7500000000000002,discount
Standard Class,Consumer,United States,Nashville,Tennessee,37211.0,South,Office Supplies,Binders,498.975,6.0,0.7,-913.176,-0.6666666666666667,discount
Standard Class,Consumer,United States,Dallas,Texas,75220.0,Central,Furniture,Furnishings,44.46,5.0,0.6,-17.784,-0.39999999999999997,discount
Standard Class,Corporate,United States,Murfreesboro,Tennessee,37130.0,South,Office Supplies,Binders,6.336,4.0,0.7,-4.6464,-0.7333333333333333,discount
Standard Class,Corporate,United States,Murfreesboro,Tennessee,37130.0,South,Office Supplies,Binders,2.469,1.0,0.7,-1.8106,-0.7333333333333334,discount
Standard Class,Corporate,United States,Murfreesboro,Tennessee,37130.0,South,Office Supplies,Binders,3.264,2.0,0.7,-2.2848,-0.7000000000000001,discount
Standard Class,Consumer,United States,Dallas,Texas,75217.0,Central,Furniture,Furnishings,31.776,3.0,0.6,-19.0656,-0.6,discount
Standard Class,Consumer,United States,Dallas,Texas,75217.0,Central,Office Supplies,Binders,1.788,3.0,0.8,-3.0396,-1.7,discount
Same Day,Home Office,United States,Aurora,Illinois,60505.0,Central,Office Supplies,Appliances,70.97,5.0,0.8,-191.619,-2.7,discount
Second Class,Consumer,United States,Chicago,Illinois,60653.0,Central,Office Supplies,Binders,11.212,2.0,0.8,-16.818,-1.5000000000000002,discount
Second Class,Consumer,United States,Chicago,Illinois,60653.0,Central,Furniture,Furnishings,4.712,2.0,0.6,-1.8848,-0.4,discount
Second Class,Consumer,United States,Chicago,Illinois,60653.0,Central,Office Supplies,Appliances,180.98,5.0,0.8,-470.548,-2.6,discount
Standard Class,Consumer,United States,Jacksonville,North Carolina,28540.0,South,Office Supplies,Binders,13.092,4.0,0.7,-10.0372,-0.7666666666666666,discount
Standard Class,Home Office,United States,Tampa,Florida,33614.0,South,Office Supplies,Binders,3.762,3.0,0.7,-2.7588,-0.7333333333333333,discount
Standard Class,Home Office,United States,Tampa,Florida,33614.0,South,Office Supplies,Binders,34.86,2.0,0.7,-26.726,-0.7666666666666666,discount
Second Class,Home Office,United States,Saint Charles,Illinois,60174.0,Central,Furniture,Furnishings,51.756,3.0,0.6,-33.6414,-0.6499999999999999,discount
Standard Class,Consumer,United States,Troy,Ohio,45373.0,East,Office Supplies,Binders,10.332,3.0,0.7,-7.5768,-0.7333333333333333,discount
Standard Class,Consumer,United States,Houston,Texas,77095.0,Central,Office Supplies,Binders,15.624,2.0,0.8,-24.9984,-1.5999999999999999,discount
Second Class,Corporate,United States,Aurora,Illinois,60505.0,Central,Office Supplies,Binders,2.864,4.0,0.8,-4.5824,-1.6,discount
Second Class,Corporate,United States,Aurora,Illinois,60505.0,Central,Office Supplies,Binders,94.192,7.0,0.8,-164.836,-1.7500000000000002,discount
Standard Class,Corporate,United States,Philadelphia,Pennsylvania,19134.0,East,Office Supplies,Binders,26.388,4.0,0.7,-17.592,-0.6666666666666666,discount
Standard Class,Corporate,United States,Philadelphia,Pennsylvania,19134.0,East,Office Supplies,Binders,64.2,5.0,0.7,-44.94,-0.7,discount
Second Class,Consumer,United States,El Paso,Texas,79907.0,Central,Office Supplies,Appliances,5.432,2.0,0.8,-13.58,-2.5,discount
First Class,Consumer,United States,Fort Worth,Texas,76106.0,Central,Office Supplies,Binders,4.984,1.0,0.8,-8.4728,-1.7,discount
First Class,Home Office,United States,Houston,Texas,77095.0,Central,Office Supplies,Binders,7.68,5.0,0.8,-11.52,-1.5,discount
First Class,Corporate,United States,Cincinnati,Ohio,45231.0,East,Office Supplies,Binders,18.432,8.0,0.7,-12.288,-0.6666666666666667,discount
Second Class,Corporate,United States,Corpus Christi,Texas,78415.0,Central,Furniture,Furnishings,9.96,5.0,0.6,-6.723,-0.6749999999999999,discount
Second Class,Corporate,United States,Corpus Christi,Texas,78415.0,Central,Office Supplies,Binders,8.552,2.0,0.8,-13.6832,-1.6,discount
Standard Class,Home Office,United States,Philadelphia,Pennsylvania,19120.0,East,Office Supplies,Binders,2.043,1.0,0.7,-1.4982,-0.7333333333333333,discount
Standard Class,Corporate,United States,Houston,Texas,77070.0,Central,Furniture,Furnishings,127.88,5.0,0.6,-67.137,-0.525,discount
Second Class,Corporate,United States,Chicago,Illinois,60653.0,Central,Office Supplies,Binders,3.564,3.0,0.8,-6.237,-1.75,discount
Standard Class,Consumer,United States,Houston,Texas,77070.0,Central,Office Supplies,Binders,25.68,3.0,0.8,-39.804,-1.55,discount
Standard Class,Consumer,United States,Houston,Texas,77070.0,Central,Office Supplies,Binders,12.384,3.0,0.8,-19.8144,-1.5999999999999999,discount
Standard Class,Corporate,United States,York,Pennsylvania,17403.0,East,Office Supplies,Binders,37.896,4.0,0.7,-29.0536,-0.7666666666666666,discount
Standard Class,Consumer,United States,Lubbock,Texas,79424.0,Central,Office Supplies,Binders,6.08,1.0,0.8,-10.336,-1.7,discount
Standard Class,Home Office,United States,Dallas,Texas,75217.0,Central,Office Supplies,Binders,8.856,9.0,0.8,-14.1696,-1.6,discount
Standard Class,Corporate,United States,Houston,Texas,77041.0,Central,Furniture,Furnishings,73.784,2.0,0.6,-77.4732,-1.05,discount
Second Class,Consumer,United States,Frisco,Texas,75034.0,Central,Furniture,Furnishings,30.336,6.0,0.6,-17.4432,-0.5750000000000001,discount
Same Day,Consumer,United States,Columbus,Ohio,43229.0,East,Office Supplies,Binders,5.193,3.0,0.7,-3.462,-0.6666666666666667,discount
Standard Class,Home Office,United States,Philadelphia,Pennsylvania,19143.0,East,Office Supplies,Binders,18.312,4.0,0.7,-12.208,-0.6666666666666666,discount
Second Class,Corporate,United States,Houston,Texas,77041.0,Central,Furniture,Furnishings,2.328,2.0,0.6,-0.7566,-0.32500000000000007,discount
Standard Class,Home Office,United States,Sanford,Florida,32771.0,South,Office Supplies,Binders,4.842,3.0,0.7,-3.5508,-0.7333333333333334,discount
Second Class,Corporate,United States,San Marcos,Texas,78666.0,Central,Furniture,Furnishings,10.332,3.0,0.6,-5.9409,-0.575,discount
Standard Class,Consumer,United States,Philadelphia,Pennsylvania,19134.0,East,Office Supplies,Binders,11.088,7.0,0.7,-8.1312,-0.7333333333333334,discount
Second Class,Consumer,United States,Dallas,Texas,75217.0,Central,Furniture,Furnishings,30.56,5.0,0.6,-19.864,-0.65,discount
Standard Class,Consumer,United States,Miami,Florida,33178.0,South,Office Supplies,Binders,121.104,6.0,0.7,-100.92,-0.8333333333333334,discount
First Class,Consumer,United States,Bethlehem,Pennsylvania,18018.0,East,Office Supplies,Binders,498.975,6.0,0.7,-913.176,-0.6666666666666667,discount
Standard Class,Corporate,United States,Dallas,Texas,75217.0,Central,Office Supplies,Binders,498.975,5.0,0.8,-1141.47,-1.5,discount
Same Day,Consumer,United States,Peoria,Arizona,85345.0,West,Office Supplies,Binders,67.86,6.0,0.7,-45.24,-0.6666666666666667,discount
Standard Class,Corporate,United States,Jacksonville,North Carolina,28540.0,South,Office Supplies,Binders,39.879,7.0,0.7,-29.2446,-0.7333333333333333,discount
Standard Class,Consumer,United States,Charlotte,North Carolina,28205.0,South,Office Supplies,Binders,27.396,3.0,0.7,-20.0904,-0.7333333333333333,discount
Standard Class,Corporate,United States,Chicago,Illinois,60623.0,Central,Office Supplies,Binders,0.836,1.0,0.8,-1.3376,-1.5999999999999999,discount
Standard Class,Consumer,United States,Houston,Texas,77041.0,Central,Furniture,Furnishings,21.968,4.0,0.6,-15.9268,-0.725,discount
Standard Class,Consumer,United States,Decatur,Illinois,62521.0,Central,Furniture,Furnishings,7.692,1.0,0.6,-3.6537,-0.47500000000000003,discount
Second Class,Home Office,United States,Houston,Texas,77070.0,Central,Office Supplies,Binders,8.608,8.0,0.8,-13.3424,-1.5499999999999998,discount
Second Class,Corporate,United States,Elyria,Ohio,44035.0,East,Office Supplies,Binders,1.824,1.0,0.7,-1.3984,-0.7666666666666667,discount
Second Class,Home Office,United States,Houston,Texas,77070.0,Central,Office Supplies,Appliances,64.384,4.0,0.8,-160.96,-2.5,discount
Second Class,Home Office,United States,Houston,Texas,77070.0,Central,Furniture,Furnishings,6.984,2.0,0.6,-4.5396,-0.65,discount
Second Class,Home Office,United States,Houston,Texas,77070.0,Central,Office Supplies,Binders,1.524,2.0,0.8,-2.667,-1.7499999999999998,discount
Standard Class,Corporate,United States,Chattanooga,Tennessee,37421.0,South,Office Supplies,Binders,8.1,5.0,0.7,-5.94,-0.7333333333333334,discount
First Class,Consumer,United States,Toledo,Ohio,43615.0,East,Office Supplies,Binders,4.86,3.0,0.7,-3.564,-0.7333333333333333,discount
First Class,Consumer,United States,Toledo,Ohio,43615.0,East,Office Supplies,Binders,6.258,2.0,0.7,-5.215,-0.8333333333333333,discount
Standard Class,Corporate,United States,Fort Worth,Texas,76106.0,Central,Office Supplies,Binders,1.696,2.0,0.8,-2.544,-1.5,discount
Standard Class,Corporate,United States,Fort Worth,Texas,76106.0,Central,Office Supplies,Appliances,24.588,3.0,0.8,-67.617,-2.75,discount
Standard Class,Corporate,United States,Fort Worth,Texas,76106.0,Central,Office Supplies,Binders,7.98,5.0,0.8,-13.167,-1.65,discount
Standard Class,Consumer,United States,Philadelphia,Pennsylvania,19134.0,East,Office Supplies,Binders,33.282,3.0,0.7,-27.735,-0.8333333333333334,discount
Standard Class,Consumer,United States,Orlando,Florida,32839.0,South,Office Supplies,Binders,4.086,2.0,0.7,-2.9964,-0.7333333333333333,discount
Standard Class,Consumer,United States,Columbus,Ohio,43229.0,East,Office Supplies,Binders,7.236,3.0,0.7,-6.03,-0.8333333333333334,discount
First Class,Corporate,United States,Raleigh,North Carolina,27604.0,South,Office Supplies,Binders,2.892,2.0,0.7,-2.3136,-0.8,discount
Same Day,Consumer,United States,Columbus,Ohio,43229.0,East,Technology,Machines,101.994,2.0,0.7,-71.3958,-0.7,discount
Same Day,Consumer,United States,Columbus,Ohio,43229.0,East,Office Supplies,Binders,18.264,2.0,0.7,-13.3936,-0.7333333333333333,discount
Second Class,Consumer,United States,Houston,Texas,77095.0,Central,Office Supplies,Binders,21.99,5.0,0.8,-32.985,-1.5,discount
Standard Class,Consumer,United States,Irving,Texas,75061.0,Central,Office Supplies,Appliances,58.924,1.0,0.8,-153.2024,-2.6,discount
Standard Class,Corporate,United States,Columbus,Ohio,43229.0,East,Office Supplies,Binders,6.528,4.0,0.7,-4.5696,-0.7000000000000001,discount
Standard Class,Corporate,United States,Columbus,Ohio,43229.0,East,Office Supplies,Binders,2.862,3.0,0.7,-2.2896,-0.8,discount
Standard Class,Corporate,United States,Columbus,Ohio,43229.0,East,Office Supplies,Binders,20.856,8.0,0.7,-16.6848,-0.7999999999999999,discount
Standard Class,Consumer,United States,Decatur,Illinois,62521.0,Central,Furniture,Furnishings,32.064,3.0,0.6,-12.8256,-0.39999999999999997,discount
Standard Class,Consumer,United States,Chattanooga,Tennessee,37421.0,South,Office Supplies,Binders,3.564,2.0,0.7,-2.97,-0.8333333333333334,discount
Standard Class,Corporate,United States,Austin,Texas,78745.0,Central,Office Supplies,Binders,13.184,4.0,0.8,-20.4352,-1.55,discount
Standard Class,Corporate,United States,Austin,Texas,78745.0,Central,Office Supplies,Appliances,48.784,4.0,0.8,-131.7168,-2.7,discount
Standard Class,Corporate,United States,Austin,Texas,78745.0,Central,Office Supplies,Binders,18.528,6.0,0.8,-27.792,-1.5000000000000002,discount
Standard Class,Consumer,United States,Hickory,North Carolina,28601.0,South,Office Supplies,Binders,4.572,4.0,0.7,-3.81,-0.8333333333333334,discount
Standard Class,Consumer,United States,Rockford,Illinois,61107.0,Central,Office Supplies,Binders,1.728,3.0,0.8,-2.6784,-1.55,discount
First Class,Consumer,United States,Portland,Oregon,97206.0,West,Office Supplies,Binders,4.158,7.0,0.7,-3.465,-0.8333333333333333,discount
First Class,Consumer,United States,Portland,Oregon,97206.0,West,Technology,Machines,179.991,3.0,0.7,-251.9874,-1.4,discount
Standard Class,Consumer,United States,Houston,Texas,77070.0,Central,Office Supplies,Appliances,67.84,5.0,0.8,-179.776,-2.65,discount
Standard Class,Consumer,United States,Houston,Texas,77070.0,Central,Office Supplies,Binders,1.248,2.0,0.8,-1.9344,-1.5499999999999998,discount
First Class,Corporate,United States,Dallas,Texas,75220.0,Central,Office Supplies,Binders,6.104,2.0,0.8,-9.156,-1.5,discount
Second Class,Consumer,United States,Dallas,Texas,75220.0,Central,Office Supplies,Binders,1.72,1.0,0.8,-2.838,-1.6500000000000001,discount
Second Class,Consumer,United States,Romeoville,Illinois,60441.0,Central,Office Supplies,Binders,8.952,2.0,0.8,-14.7708,-1.65,discount
Standard Class,Consumer,United States,Chicago,Illinois,60623.0,Central,Office Supplies,Appliances,2.334,3.0,0.8,-6.3018,-2.6999999999999997,discount
Standard Class,Consumer,United States,Chicago,Illinois,60623.0,Central,Office Supplies,Binders,1.728,4.0,0.8,-2.7648,-1.6,discount
Standard Class,Consumer,United States,Chicago,Illinois,60623.0,Central,Furniture,Furnishings,159.04,5.0,0.6,-194.824,-1.225,discount
Standard Class,Consumer,United States,Jacksonville,North Carolina,28540.0,South,Office Supplies,Binders,95.97,5.0,0.7,-73.577,-0.7666666666666666,discount
Same Day,Consumer,United States,Phoenix,Arizona,85023.0,West,Office Supplies,Binders,8.226,3.0,0.7,-6.0324,-0.7333333333333333,discount
Standard Class,Corporate,United States,Toledo,Ohio,43615.0,East,Office Supplies,Binders,166.92,9.5,0.7,-116.844,-0.7000000000000001,discount
Standard Class,Consumer,United States,Quincy,Illinois,62301.0,Central,Office Supplies,Binders,2.992,4.0,0.8,-4.488,-1.5000000000000002,discount
Standard Class,Consumer,United States,Chicago,Illinois,60653.0,Central,Office Supplies,Binders,2.946,3.0,0.8,-4.8609,-1.65,discount
First Class,Consumer,United States,Lakewood,Ohio,44107.0,East,Office Supplies,Binders,7.218,3.0,0.7,-5.5338,-0.7666666666666667,discount
Standard Class,Corporate,United States,Houston,Texas,77041.0,Central,Office Supplies,Appliances,93.032,2.0,0.8,-251.1864,-2.7,discount
Standard Class,Consumer,United States,Houston,Texas,77041.0,Central,Furniture,Furnishings,64.96,5.0,0.6,-84.448,-1.3,discount
Standard Class,Consumer,United States,Houston,Texas,77041.0,Central,Office Supplies,Binders,32.06,9.5,0.8,-51.296,-1.5999999999999999,discount
Second Class,Consumer,United States,Philadelphia,Pennsylvania,19120.0,East,Office Supplies,Binders,78.759,9.0,0.7,-57.7566,-0.7333333333333333,discount
Second Class,Home Office,United States,Houston,Texas,77070.0,Central,Furniture,Furnishings,9.552,3.0,0.6,-3.8208,-0.4,discount
Second Class,Home Office,United States,Houston,Texas,77070.0,Central,Furniture,Furnishings,5.344,4.0,0.6,-2.1376,-0.39999999999999997,discount
First Class,Corporate,United States,Redmond,Oregon,97756.0,West,Office Supplies,Binders,88.074,7.0,0.7,-58.716,-0.6666666666666667,discount
Standard Class,Consumer,United States,Saint Petersburg,Florida,33710.0,South,Office Supplies,Binders,18.336,2.0,0.7,-12.224,-0.6666666666666667,discount
Standard Class,Consumer,United States,Naperville,Illinois,60540.0,Central,Office Supplies,Binders,2.808,3.0,0.8,-4.4928,-1.6,discount
Standard Class,Home Office,United States,Hendersonville,Tennessee,37075.0,South,Office Supplies,Binders,4.338,3.0,0.7,-3.0366,-0.7,discount
Standard Class,Home Office,United States,Hendersonville,Tennessee,37075.0,South,Office Supplies,Binders,11.88,5.0,0.7,-7.92,-0.6666666666666666,discount
Standard Class,Consumer,United States,Chicago,Illinois,60610.0,Central,Office Supplies,Appliances,143.128,2.0,0.8,-393.602,-2.75,discount
Standard Class,Corporate,United States,Nashville,Tennessee,37211.0,South,Office Supplies,Binders,31.086,3.0,0.7,-20.724,-0.6666666666666667,discount
Standard Class,Home Office,United States,Allentown,Pennsylvania,18103.0,East,Office Supplies,Binders,99.588,2.0,0.7,-82.99,-0.8333333333333334,discount
Standard Class,Corporate,United States,San Antonio,Texas,78207.0,Central,Office Supplies,Binders,29.372,7.0,0.8,-46.9952,-1.5999999999999999,discount
Standard Class,Corporate,United States,Odessa,Texas,79762.0,Central,Office Supplies,Appliances,13.762,1.0,0.8,-24.7716,-1.7999999999999998,discount
Same Day,Home Office,United States,Bryan,Texas,77803.0,Central,Office Supplies,Binders,7.536,6.0,0.8,-13.188,-1.7500000000000002,discount
Same Day,Home Office,United States,Bryan,Texas,77803.0,Central,Office Supplies,Binders,1.408,2.0,0.8,-2.3232,-1.6500000000000001,discount
Same Day,Home Office,United States,Bryan,Texas,77803.0,Central,Office Supplies,Binders,4.144,4.0,0.8,-6.4232,-1.5499999999999998,discount
Standard Class,Consumer,United States,Phoenix,Arizona,85023.0,West,Office Supplies,Binders,498.975,6.0,0.7,-694.2936,-0.7333333333333333,discount
Standard Class,Corporate,United States,Tallahassee,Florida,32303.0,South,Office Supplies,Binders,5.607,3.0,0.7,-3.9249,-0.7,discount
Standard Class,Corporate,United States,Memphis,Tennessee,38109.0,South,Office Supplies,Binders,11.673,3.0,0.7,-7.782,-0.6666666666666666,discount
Standard Class,Consumer,United States,Philadelphia,Pennsylvania,19140.0,East,Office Supplies,Binders,8.001,7.0,0.7,-5.6007,-0.7000000000000001,discount
Standard Class,Home Office,United States,Dallas,Texas,75081.0,Central,Office Supplies,Binders,6.888,3.0,0.8,-11.0208,-1.5999999999999999,discount
Same Day,Corporate,United States,Waco,Texas,76706.0,Central,Office Supplies,Binders,0.556,1.0,0.8,-0.9452,-1.7,discount
Second Class,Corporate,United States,Mcallen,Texas,78501.0,Central,Office Supplies,Binders,4.312,2.0,0.8,-6.8992,-1.6,discount
Second Class,Corporate,United States,Mcallen,Texas,78501.0,Central,Office Supplies,Binders,1.476,1.0,0.8,-2.2878,-1.5499999999999998,discount
Standard Class,Consumer,United States,Houston,Texas,77041.0,Central,Furniture,Furnishings,11.376,3.0,0.6,-5.688,-0.5,discount
Standard Class,Consumer,United States,Houston,Texas,77041.0,Central,Furniture,Furnishings,66.112,4.0,0.6,-84.2928,-1.2750000000000001,discount
First Class,Home Office,United States,Troy,Ohio,45373.0,East,Office Supplies,Binders,5.715,5.0,0.7,-4.7625,-0.8333333333333334,discount
First Class,Consumer,United States,Philadelphia,Pennsylvania,19143.0,East,Office Supplies,Binders,3.273,1.0,0.7,-2.5093,-0.7666666666666666,discount
First Class,Corporate,United States,Houston,Texas,77041.0,Central,Office Supplies,Binders,6.816,2.0,0.8,-11.5872,-1.7,discount
Second Class,Corporate,United States,Houston,Texas,77041.0,Central,Office Supplies,Appliances,15.224,2.0,0.8,-38.8212,-2.55,discount
Second Class,Corporate,United States,Houston,Texas,77041.0,Central,Office Supplies,Appliances,21.984,6.0,0.8,-56.0592,-2.55,discount
Same Day,Consumer,United States,Philadelphia,Pennsylvania,19143.0,East,Office Supplies,Binders,2.946,2.0,0.7,-2.0622,-0.6999999999999998,discount
Standard Class,Corporate,United States,Greensboro,North Carolina,27405.0,South,Office Supplies,Binders,12.06,5.0,0.7,-10.05,-0.8333333333333334,discount
Second Class,Corporate,United States,Chicago,Illinois,60653.0,Central,Furniture,Furnishings,51.56,2.0,0.6,-61.872,-1.2,discount
Standard Class,Consumer,United States,Oswego,Illinois,60543.0,Central,Office Supplies,Binders,3.828,3.0,0.8,-6.5076,-1.7000000000000002,discount
Standard Class,Consumer,United States,Oswego,Illinois,60543.0,Central,Office Supplies,Binders,304.99,5.0,0.8,-533.7325,-1.7499999999999998,discount
First Class,Corporate,United States,Chicago,Illinois,60623.0,Central,Office Supplies,Binders,9.264,3.0,0.8,-13.896,-1.5000000000000002,discount
Second Class,Consumer,United States,Chicago,Illinois,60610.0,Central,Furniture,Furnishings,8.856,3.0,0.6,-6.8634,-0.775,discount
Standard Class,Corporate,United States,Houston,Texas,77095.0,Central,Office Supplies,Binders,6.23,5.0,0.8,-9.6565,-1.5499999999999998,discount
Second Class,Corporate,United States,Philadelphia,Pennsylvania,19134.0,East,Office Supplies,Binders,4.626,2.0,0.7,-3.855,-0.8333333333333333,discount
Second Class,Consumer,United States,Houston,Texas,77095.0,Central,Furniture,Furnishings,5.312,2.0,0.6,-1.5936,-0.3,discount
First Class,Consumer,United States,Newark,Ohio,43055.0,East,Technology,Machines,224.937,3.0,0.7,-164.9538,-0.7333333333333333,discount
Same Day,Consumer,United States,Tampa,Florida,33614.0,South,Office Supplies,Binders,12.645,5.0,0.7,-10.116,-0.8,discount
Same Day,Consumer,United States,Columbus,Ohio,43229.0,East,Office Supplies,Binders,6.732,6.0,0.7,-4.488,-0.6666666666666667,discount
Standard Class,Home Office,United States,Chicago,Illinois,60610.0,Central,Office Supplies,Binders,104.58,9.0,0.8,-172.557,-1.65,discount
Standard Class,Home Office,United States,Pasadena,Texas,77506.0,Central,Furniture,Furnishings,24.7,5.0,0.6,-9.88,-0.4,discount
Standard Class,Home Office,United States,Pasadena,Texas,77506.0,Central,Furniture,Furnishings,302.72,5.0,0.6,-378.4,-1.2499999999999998,discount
First Class,Consumer,United States,Dallas,Texas,75220.0,Central,Office Supplies,Appliances,21.392,2.0,0.8,-54.5496,-2.55,discount
Standard Class,Consumer,United States,Newark,Ohio,43055.0,East,Office Supplies,Binders,3.438,2.0,0.7,-2.5212,-0.7333333333333333,discount
Standard Class,Consumer,United States,Glendale,Arizona,85301.0,West,Office Supplies,Binders,72.588,2.0,0.7,-48.392,-0.6666666666666667,discount
Standard Class,Home Office,United States,Tucson,Arizona,85705.0,West,Office Supplies,Binders,4.938,2.0,0.7,-3.6212,-0.7333333333333334,discount
Standard Class,Home Office,United States,Arlington,Texas,76017.0,Central,Office Supplies,Binders,11.646,9.0,0.8,-17.469,-1.5,discount
Standard Class,Consumer,United States,Philadelphia,Pennsylvania,19143.0,East,Office Supplies,Binders,13.194,2.0,0.7,-8.796,-0.6666666666666666,discount
Standard Class,Consumer,United States,Chicago,Illinois,60653.0,Central,Furniture,Furnishings,10.984,2.0,0.6,-7.9634,-0.725,discount
Standard Class,Consumer,United States,San Antonio,Texas,78207.0,Central,Office Supplies,Binders,498.975,8.0,0.8,-3701.8928,-1.7000000000000002,discount
Standard Class,Consumer,United States,San Antonio,Texas,78207.0,Central,Furniture,Furnishings,17.496,3.0,0.6,-10.0602,-0.5750000000000001,discount
Standard Class,Consumer,United States,San Antonio,Texas,78207.0,Central,Office Supplies,Binders,16.784,4.0,0.8,-26.8544,-1.6,discount
Standard Class,Consumer,United States,San Antonio,Texas,78207.0,Central,Office Supplies,Binders,8.88,5.0,0.8,-13.32,-1.5,discount
Standard Class,Consumer,United States,San Antonio,Texas,78207.0,Central,Office Supplies,Appliances,4.836,2.0,0.8,-12.09,-2.5,discount
Second Class,Consumer,United States,Houston,Texas,77070.0,Central,Office Supplies,Binders,18.24,3.0,0.8,-31.008,-1.7000000000000002,discount
Standard Class,Corporate,United States,Chicago,Illinois,60610.0,Central,Office Supplies,Binders,3.798,3.0,0.8,-5.8869,-1.5499999999999998,discount
Standard Class,Home Office,United States,Fort Lauderdale,Florida,33311.0,South,Office Supplies,Binders,28.752,8.0,0.7,-21.0848,-0.7333333333333334,discount
Standard Class,Consumer,United States,Chicago,Illinois,60623.0,Central,Office Supplies,Binders,2.112,2.0,0.8,-3.3792,-1.5999999999999999,discount
Standard Class,Corporate,United States,Saint Petersburg,Florida,33710.0,South,Office Supplies,Binders,18.264,2.0,0.7,-13.3936,-0.7333333333333333,discount
Second Class,Consumer,United States,Beaumont,Texas,77705.0,Central,Furniture,Furnishings,8.624,7.0,0.6,-2.5872,-0.3,discount
First Class,Consumer,United States,La Porte,Texas,77571.0,Central,Furniture,Furnishings,14.0,4.0,0.6,-6.3,-0.45,discount
First Class,Consumer,United States,La Porte,Texas,77571.0,Central,Office Supplies,Binders,16.392,2.0,0.8,-26.2272,-1.6,discount
First Class,Consumer,United States,Decatur,Illinois,62521.0,Central,Furniture,Furnishings,61.544,7.0,0.6,-40.0036,-0.65,discount
First Class,Corporate,United States,Mason,Ohio,45040.0,East,Office Supplies,Binders,3.132,2.0,0.7,-2.61,-0.8333333333333333,discount
First Class,Corporate,United States,Mason,Ohio,45040.0,East,Office Supplies,Binders,22.428,3.0,0.7,-17.9424,-0.7999999999999999,discount
First Class,Home Office,United States,Cleveland,Ohio,44105.0,East,Office Supplies,Binders,8.7,5.0,0.7,-6.38,-0.7333333333333334,discount
Standard Class,Consumer,United States,Carrollton,Texas,75007.0,Central,Furniture,Furnishings,25.128,3.0,0.6,-6.9102,-0.27499999999999997,discount
Standard Class,Corporate,United States,Bryan,Texas,77803.0,Central,Office Supplies,Binders,22.386,7.0,0.8,-35.8176,-1.6,discount
Standard Class,Home Office,United States,Akron,Ohio,44312.0,East,Office Supplies,Binders,5.742,3.0,0.7,-4.5936,-0.8,discount
Second Class,Consumer,United States,Henderson,Kentucky,42420.0,South,Furniture,Chairs,498.975,3.0,0.0,219.582,0.3,profit
Standard Class,Consumer,United States,Fort Lauderdale,Florida,33311.0,South,Furniture,Tables,498.975,5.0,0.45,-383.031,-0.4,profit
Standard Class,Consumer,United States,Los Angeles,California,90032.0,West,Technology,Phones,498.975,6.0,0.2,90.7152,0.09999999999999999,profit
Standard Class,Consumer,United States,Los Angeles,California,90032.0,West,Furniture,Tables,498.975,9.0,0.2,85.3092,0.05,profit
Standard Class,Consumer,United States,Seattle,Washington,98103.0,West,Office Supplies,Binders,407.976,3.0,0.2,132.5922,0.32499999999999996,profit
Standard Class,Home Office,United States,Fort Worth,Texas,76106.0,Central,Office Supplies,Appliances,68.81,5.0,0.5,-123.858,-1.8,profit
Standard Class,Consumer,United States,Orem,Utah,84057.0,West,Furniture,Tables,498.975,3.0,0.0,240.2649,0.22999999999999998,profit
Standard Class,Consumer,United States,Philadelphia,Pennsylvania,19140.0,East,Furniture,Bookcases,498.975,7.0,0.5,-1665.0522,-0.54,profit
First Class,Corporate,United States,Richardson,Texas,75080.0,Central,Technology,Phones,498.975,7.0,0.2,123.4737,0.11249999999999999,profit
First Class,Corporate,United States,Richardson,Texas,75080.0,Central,Furniture,Furnishings,190.92,5.0,0.5,-147.963,-0.775,profit
Standard Class,Home Office,United States,Houston,Texas,77041.0,Central,Furniture,Bookcases,498.975,3.0,0.32,-46.9764,-0.08823529411764706,profit
Standard Class,Corporate,United States,New York City,New York,10024.0,East,Technology,Phones,498.975,5.0,0.0,298.6855,0.29,profit
Standard Class,Corporate,United States,Gilbert,Arizona,85234.0,West,Office Supplies,Art,498.975,8.0,0.2,111.3024,0.10000000000000002,profit
Standard Class,Consumer,United States,Memphis,Tennessee,38109.0,South,Furniture,Chairs,498.975,8.0,0.2,-114.3912,-0.13749999999999998,profit
First Class,Home Office,United States,Chicago,Illinois,60623.0,Central,Office Supplies,Storage,230.376,3.0,0.2,-48.9549,-0.2125,profit
Standard Class,Consumer,United States,Seattle,Washington,98103.0,West,Furniture,Tables,498.975,3.0,0.0,165.3813,0.21000000000000002,profit
Standard Class,Corporate,United States,Bristol,Tennessee,37620.0,South,Office Supplies,Binders,157.794,1.0,0.5,-115.7156,-0.7333333333333333,profit
Standard Class,Consumer,United States,Bloomington,Illinois,61701.0,Central,Furniture,Tables,498.975,6.0,0.5,-407.682,-0.66,profit
Standard Class,Consumer,United States,Independence,Missouri,64055.0,Central,Office Supplies,Appliances,498.975,3.0,0.0,218.2518,0.26,profit
Standard Class,Corporate,United States,Franklin,Wisconsin,53132.0,Central,Technology,Phones,384.45,9.5,0.0,103.8015,0.27,profit
Standard Class,Corporate,United States,Franklin,Wisconsin,53132.0,Central,Furniture,Chairs,498.975,8.0,0.0,585.552,0.30000000000000004,profit
Standard Class,Corporate,United States,Franklin,Wisconsin,53132.0,Central,Office Supplies,Binders,171.55,5.0,0.0,80.6285,0.47,profit
Standard Class,Consumer,United States,Edmond,Oklahoma,73034.0,Central,Technology,Phones,498.975,7.0,0.0,236.2325,0.25,profit
Standard Class,Consumer,United States,San Antonio,Texas,78207.0,Central,Technology,Machines,498.975,8.0,0.4,-1359.992,-0.16666666666666666,profit
Standard Class,Consumer,United States,San Antonio,Texas,78207.0,Central,Office Supplies,Storage,275.928,3.0,0.2,-58.6347,-0.21250000000000002,profit
Standard Class,Consumer,United States,San Antonio,Texas,78207.0,Central,Office Supplies,Appliances,177.98,5.0,0.5,-453.849,-2.5500000000000003,profit
Standard Class,Corporate,United States,Chicago,Illinois,60623.0,Central,Office Supplies,Appliances,52.448,2.0,0.5,-131.12,-2.5,profit
Second Class,Consumer,United States,Houston,Texas,77036.0,Central,Office Supplies,Appliances,97.264,4.0,0.5,-243.16,-2.5,profit
Second Class,Corporate,United States,Decatur,Illinois,62521.0,Central,Technology,Accessories,408.744,7.0,0.2,76.6395,0.18749999999999997,profit
Second Class,Home Office,United States,Monroe,Louisiana,71203.0,South,Technology,Phones,498.975,4.0,0.0,131.0296,0.26,profit
First Class,Home Office,United States,New York City,New York,10035.0,East,Furniture,Bookcases,498.975,4.0,0.2,112.392,0.125,profit
First Class,Consumer,United States,Denver,Colorado,80219.0,West,Furniture,Tables,218.75,2.0,0.5,-161.875,-0.74,profit
Second Class,Consumer,United States,Dallas,Texas,75220.0,Central,Office Supplies,Appliances,66.284,2.0,0.5,-178.9668,-2.6999999999999997,profit
Standard Class,Corporate,United States,Medina,Ohio,44256.0,East,Furniture,Bookcases,452.45,5.0,0.5,-244.323,-0.54,profit
Standard Class,Corporate,United States,Medina,Ohio,44256.0,East,Technology,Machines,498.975,9.0,0.5,-950.4,-0.7999999999999999,profit
First Class,Consumer,United States,Dublin,Ohio,43017.0,East,Technology,Machines,479.988,4.0,0.5,-383.9904,-0.8,profit
Standard Class,Corporate,United States,Detroit,Michigan,48227.0,Central,Furniture,Tables,498.975,5.0,0.0,136.939,0.21999999999999997,profit
Standard Class,Home Office,United States,Tampa,Florida,33614.0,South,Furniture,Tables,233.86,2.0,0.45,-102.048,-0.43636363636363634,profit
Standard Class,Home Office,United States,Tampa,Florida,33614.0,South,Furniture,Tables,498.975,3.0,0.45,-248.2458,-0.39999999999999997,profit
Second Class,Consumer,United States,Chicago,Illinois,60610.0,Central,Furniture,Furnishings,419.68,5.0,0.5,-356.728,-0.85,profit
Second Class,Consumer,United States,Chicago,Illinois,60610.0,Central,Furniture,Tables,177.225,5.0,0.5,-120.513,-0.68,profit
Second Class,Home Office,United States,Lakeville,Minnesota,55044.0,Central,Furniture,Chairs,498.975,7.0,0.0,580.5394,0.29000000000000004,profit
Second Class,Home Office,United States,Lakeville,Minnesota,55044.0,Central,Office Supplies,Appliances,498.975,5.0,0.0,496.0725,0.33,profit
Standard Class,Consumer,United States,San Diego,California,92037.0,West,Technology,Accessories,498.975,9.5,0.0,636.0003,0.19000000000000003,profit
First Class,Consumer,United States,New York City,New York,10024.0,East,Office Supplies,Envelopes,361.92,4.0,0.0,162.864,0.45,profit
Second Class,Corporate,United States,Houston,Texas,77036.0,Central,Technology,Machines,498.975,3.0,0.4,-509.997,-0.16666666666666669,profit
Second Class,Corporate,United States,Houston,Texas,77036.0,Central,Technology,Machines,498.975,7.0,0.4,-251.9958,-0.09999999999999999,profit
Second Class,Corporate,United States,San Francisco,California,94110.0,West,Office Supplies,Storage,498.975,4.0,0.0,210.4936,0.29,profit
First Class,Consumer,United States,San Francisco,California,94109.0,West,Technology,Accessories,209.93,7.0,0.0,92.3692,0.44,profit
Second Class,Consumer,United States,Houston,Texas,77070.0,Central,Technology,Phones,498.975,7.0,0.2,376.11,0.33749999999999997,profit
Second Class,Corporate,United States,Tamarac,Florida,33319.0,South,Office Supplies,Binders,254.058,7.0,0.5,-169.372,-0.6666666666666667,profit
Second Class,Corporate,United States,Tamarac,Florida,33319.0,South,Office Supplies,Supplies,498.975,5.0,0.2,-204.3145,-0.2125,profit
Second Class,Home Office,United States,Columbus,Ohio,43229.0,East,Furniture,Bookcases,86.97,3.0,0.5,-48.7032,-0.56,profit
First Class,Corporate,United States,Colorado Springs,Colorado,80906.0,West,Furniture,Furnishings,300.416,8.0,0.2,78.8592,0.2625,profit
First Class,Corporate,United States,Colorado Springs,Colorado,80906.0,West,Office Supplies,Binders,78.6,5.0,0.5,-62.88,-0.8,profit
Standard Class,Consumer,United States,Chicago,Illinois,60623.0,Central,Furniture,Tables,219.075,3.0,0.5,-131.445,-0.6,profit
Standard Class,Home Office,United States,Lakewood,New Jersey,8701.0,East,Office Supplies,Art,289.2,6.0,0.0,83.868,0.29,profit
Standard Class,Home Office,United States,New York City,New York,10024.0,East,Technology,Machines,498.975,2.0,0.0,1995.99,0.5,profit
Standard Class,Home Office,United States,New York City,New York,10024.0,East,Technology,Phones,275.94,6.0,0.0,80.0226,0.29,profit
Standard Class,Home Office,United States,New York City,New York,10024.0,East,Technology,Accessories,360.0,4.0,0.0,129.6,0.36,profit
Standard Class,Corporate,United States,Hesperia,California,92345.0,West,Office Supplies,Binders,251.52,6.0,0.2,81.744,0.325,profit
First Class,Consumer,United States,Philadelphia,Pennsylvania,19143.0,East,Technology,Phones,290.898,3.0,0.4,-67.8762,-0.2333333333333333,profit
First Class,Consumer,United States,Philadelphia,Pennsylvania,19143.0,East,Furniture,Chairs,498.975,4.0,0.3,-258.5016,-0.32857142857142857,profit
Second Class,Consumer,United States,Los Angeles,California,90045.0,West,Technology,Copiers,498.975,2.0,0.2,335.9944,0.35,profit
Second Class,Corporate,United States,Philadelphia,Pennsylvania,19140.0,East,Office Supplies,Binders,498.975,9.5,0.5,-407.976,-0.7999999999999999,profit
First Class,Home Office,United States,New York City,New York,10009.0,East,Office Supplies,Binders,498.975,4.0,0.2,1415.4296,0.325,profit
First Class,Corporate,United States,Columbus,Georgia,31907.0,South,Office Supplies,Appliances,498.975,8.0,0.0,168.4384,0.26,profit
Standard Class,Consumer,United States,New York City,New York,10009.0,East,Furniture,Chairs,488.646,3.0,0.1,86.8704,0.17777777777777778,profit
Same Day,Corporate,United States,Manchester,Connecticut,6040.0,East,Furniture,Bookcases,498.975,4.0,0.0,271.4192,0.25999999999999995,profit
Standard Class,Consumer,United States,Tucson,Arizona,85705.0,West,Technology,Accessories,498.975,8.0,0.2,179.1888,0.175,profit
Standard Class,Corporate,United States,Franklin,Massachusetts,2038.0,East,Furniture,Tables,498.975,7.0,0.3,-297.6848,-0.2,profit
Standard Class,Consumer,United States,Pembroke Pines,Florida,33024.0,South,Furniture,Tables,375.4575,3.0,0.45,-157.0095,-0.4181818181818182,profit
Standard Class,Corporate,United States,Philadelphia,Pennsylvania,19140.0,East,Technology,Machines,482.34,4.0,0.5,-337.638,-0.7,profit
Second Class,Consumer,United States,Des Moines,Washington,98198.0,West,Technology,Copiers,498.975,3.0,0.0,701.9883,0.38999999999999996,profit
Second Class,Consumer,United States,Houston,Texas,77036.0,Central,Furniture,Bookcases,498.975,4.0,0.32,-317.1528,-0.1323529411764706,profit
Standard Class,Consumer,United States,San Francisco,California,94110.0,West,Technology,Copiers,498.975,3.0,0.2,434.9913,0.3625,profit
Standard Class,Consumer,United States,San Francisco,California,94110.0,West,Furniture,Tables,498.975,7.0,0.2,-112.9527,-0.11249999999999999,profit
Second Class,Consumer,United States,Jackson,Mississippi,39212.0,South,Furniture,Chairs,498.975,4.0,0.0,225.264,0.26,profit
Second Class,Corporate,United States,Canton,Michigan,48187.0,Central,Office Supplies,Binders,287.92,8.0,0.0,138.2016,0.48000000000000004,profit
Standard Class,Home Office,United States,Gastonia,North Carolina,28052.0,South,Office Supplies,Binders,189.588,2.0,0.5,-145.3508,-0.7666666666666666,profit
Standard Class,Home Office,United States,Gastonia,North Carolina,28052.0,South,Technology,Accessories,408.744,7.0,0.2,76.6395,0.18749999999999997,profit
First Class,Consumer,United States,Lowell,Massachusetts,1852.0,East,Office Supplies,Storage,498.975,5.0,0.0,207.147,0.29,profit
Second Class,Home Office,United States,Chicago,Illinois,60623.0,Central,Office Supplies,Paper,313.488,7.0,0.2,113.6394,0.3625,profit
Second Class,Consumer,United States,Auburn,New York,13021.0,East,Office Supplies,Art,263.88,6.0,0.0,71.2476,0.27,profit
Standard Class,Corporate,United States,Akron,Ohio,44312.0,East,Furniture,Tables,284.364,2.0,0.4,-75.8304,-0.26666666666666666,profit
Standard Class,Consumer,United States,Decatur,Illinois,62521.0,Central,Furniture,Chairs,498.975,3.0,0.3,-96.1146,-0.12857142857142856,profit
Standard Class,Consumer,United States,Seattle,Washington,98115.0,West,Technology,Accessories,498.975,9.0,0.0,377.9622,0.42,profit
Standard Class,Home Office,United States,Phoenix,Arizona,85023.0,West,Furniture,Tables,498.975,6.0,0.5,-814.4832,-0.6399999999999999,profit
Standard Class,Home Office,United States,Park Ridge,Illinois,60068.0,Central,Furniture,Furnishings,254.744,7.0,0.5,-312.0614,-1.2249999999999999,profit
Second Class,Consumer,United States,San Francisco,California,94110.0,West,Technology,Phones,498.975,4.0,0.2,87.996,0.125,profit
Standard Class,Corporate,United States,New York City,New York,10024.0,East,Office Supplies,Storage,498.975,5.0,0.0,84.51,0.12000000000000001,profit
First Class,Consumer,United States,Chicago,Illinois,60610.0,Central,Technology,Phones,498.975,6.0,0.2,341.994,0.125,profit
Second Class,Consumer,United States,Memphis,Tennessee,38109.0,South,Furniture,Tables,189.882,3.0,0.4,-94.941,-0.5,profit
Standard Class,Consumer,United States,Costa Mesa,California,92627.0,West,Furniture,Furnishings,255.76,4.0,0.0,81.8432,0.32,profit
Standard Class,Consumer,United States,Atlanta,Georgia,30318.0,South,Office Supplies,Binders,498.975,5.0,0.0,3177.475,0.5,profit
Standard Class,Home Office,United States,Great Falls,Montana,59405.0,West,Technology,Copiers,498.975,5.0,0.0,1379.977,0.4600000000000001,profit
Standard Class,Consumer,United States,Philadelphia,Pennsylvania,19134.0,East,Office Supplies,Supplies,498.975,1.0,0.2,-149.9058,-0.22499999999999998,profit
Second Class,Consumer,United States,Montgomery,Alabama,36116.0,South,Technology,Phones,498.975,5.0,0.0,274.386,0.28,profit
Second Class,Consumer,United States,Chicago,Illinois,60653.0,Central,Office Supplies,Binders,42.616,7.0,0.5,-68.1856,-1.5999999999999999,profit
Standard Class,Consumer,United States,Henderson,Kentucky,42420.0,South,Furniture,Chairs,283.92,4.0,0.0,70.98,0.25,profit
First Class,Consumer,United States,Green Bay,Wisconsin,54302.0,Central,Technology,Accessories,468.9,6.0,0.0,206.316,0.44,profit
Standard Class,Consumer,United States,Springfield,Ohio,45503.0,East,Office Supplies,Storage,498.975,9.0,0.2,-145.5246,-0.225,profit
Standard Class,Consumer,United States,Fort Worth,Texas,76106.0,Central,Furniture,Furnishings,66.112,4.0,0.5,-84.2928,-1.2750000000000001,profit
Second Class,Corporate,United States,Anaheim,California,92804.0,West,Office Supplies,Storage,498.975,2.0,0.0,310.9872,0.24,profit
Standard Class,Consumer,United States,Los Angeles,California,90045.0,West,Furniture,Tables,498.975,4.0,0.2,-217.048,-0.1625,profit
Second Class,Consumer,United States,Long Beach,California,90805.0,West,Office Supplies,Paper,160.72,9.5,0.0,78.7528,0.48999999999999994,profit
Standard Class,Consumer,United States,Richmond,Kentucky,40475.0,South,Office Supplies,Labels,294.93,3.0,0.0,144.5157,0.49000000000000005,profit
Standard Class,Consumer,United States,San Diego,California,92024.0,West,Technology,Copiers,498.975,3.0,0.2,434.9913,0.3625,profit
Standard Class,Consumer,United States,San Diego,California,92024.0,West,Furniture,Furnishings,327.76,8.0,0.0,91.7728,0.28,profit
Standard Class,Consumer,United States,Philadelphia,Pennsylvania,19120.0,East,Technology,Phones,494.376,4.0,0.4,-115.3544,-0.23333333333333334,profit
Second Class,Corporate,United States,Philadelphia,Pennsylvania,19143.0,East,Technology,Phones,498.975,9.0,0.4,-157.9383,-0.21666666666666665,profit
Standard Class,Corporate,United States,Dearborn,Michigan,48126.0,Central,Furniture,Chairs,301.96,2.0,0.0,87.5684,0.29000000000000004,profit
Standard Class,Corporate,United States,Dearborn,Michigan,48126.0,Central,Office Supplies,Appliances,498.975,5.0,0.1,178.901,0.32222222222222224,profit
Standard Class,Corporate,United States,Dearborn,Michigan,48126.0,Central,Office Supplies,Storage,498.975,4.0,0.0,130.87,0.25,profit
Second Class,Consumer,United States,Aurora,Colorado,80013.0,West,Office Supplies,Storage,243.384,3.0,0.2,-51.7191,-0.2125,profit
Second Class,Consumer,United States,Miami,Florida,33180.0,South,Office Supplies,Labels,235.944,3.0,0.2,85.5297,0.36250000000000004,profit
Standard Class,Home Office,United States,Vallejo,California,94591.0,West,Furniture,Furnishings,498.975,5.0,0.0,272.792,0.25999999999999995,profit
Second Class,Consumer,United States,Mission Viejo,California,92691.0,West,Office Supplies,Storage,330.4,2.0,0.0,85.904,0.26,profit
Standard Class,Home Office,United States,New York City,New York,10024.0,East,Office Supplies,Paper,379.4,9.5,0.0,178.318,0.4700000000000001,profit
Same Day,Home Office,United States,Aurora,Illinois,60505.0,Central,Furniture,Chairs,498.975,2.0,0.3,-50.098,-0.07142857142857142,profit
Standard Class,Consumer,United States,Arlington,Texas,76017.0,Central,Office Supplies,Storage,498.975,7.0,0.2,124.929,0.125,profit
Standard Class,Consumer,United States,Arlington,Texas,76017.0,Central,Office Supplies,Storage,498.975,9.5,0.2,-135.765,-0.18749999999999997,profit
Standard Class,Consumer,United States,Arlington,Texas,76017.0,Central,Furniture,Tables,498.975,5.0,0.3,-118.1295,-0.12857142857142856,profit
Standard Class,Home Office,United States,Chicago,Illinois,60653.0,Central,Furniture,Tables,108.925,1.0,0.5,-71.8905,-0.66,profit
Standard Class,Consumer,United States,Tyler,Texas,75701.0,Central,Furniture,Furnishings,82.524,3.0,0.5,-41.262,-0.5,profit
Standard Class,Consumer,United States,Tyler,Texas,75701.0,Central,Office Supplies,Binders,182.994,3.0,0.5,-320.2395,-1.7500000000000002,profit
Same Day,Corporate,United States,Burlington,North Carolina,27217.0,South,Technology,Machines,498.975,4.0,0.5,-3839.9904,-0.48000000000000004,profit
First Class,Consumer,United States,Jackson,Mississippi,39212.0,South,Technology,Accessories,479.97,3.0,0.0,163.1898,0.33999999999999997,profit
Second Class,Consumer,United States,Waynesboro,Virginia,22980.0,South,Technology,Phones,284.82,1.0,0.0,74.0532,0.26,profit
First Class,Consumer,United States,New York City,New York,10035.0,East,Furniture,Bookcases,498.975,5.0,0.2,-110.49,-0.125,profit
Standard Class,Corporate,United States,Mount Vernon,New York,10550.0,East,Office Supplies,Appliances,281.34,6.0,0.0,109.7226,0.39,profit
Standard Class,Corporate,United States,Mount Vernon,New York,10550.0,East,Technology,Phones,307.98,2.0,0.0,89.3142,0.29,profit
Standard Class,Corporate,United States,Mount Vernon,New York,10550.0,East,Technology,Accessories,299.97,3.0,0.0,113.9886,0.38,profit
Standard Class,Home Office,United States,Los Angeles,California,90045.0,West,Office Supplies,Paper,146.82,3.0,0.0,73.41,0.5,profit
Standard Class,Corporate,United States,Detroit,Michigan,48205.0,Central,Furniture,Tables,498.975,3.0,0.0,231.4116,0.13999999999999999,profit
Standard Class,Corporate,United States,Detroit,Michigan,48205.0,Central,Office Supplies,Storage,296.37,3.0,0.0,80.0199,0.27,profit
First Class,Consumer,United States,Oceanside,New York,11572.0,East,Office Supplies,Paper,182.72,8.0,0.0,84.0512,0.45999999999999996,profit
First Class,Consumer,United States,Oceanside,New York,11572.0,East,Furniture,Tables,400.032,2.0,0.4,-153.3456,-0.3833333333333333,profit
First Class,Consumer,United States,Oceanside,New York,11572.0,East,Furniture,Chairs,498.975,3.0,0.1,102.4998,0.18888888888888888,profit
Standard Class,Home Office,United States,Seattle,Washington,98115.0,West,Technology,Accessories,179.97,3.0,0.0,86.3856,0.48,profit
Standard Class,Home Office,United States,Naperville,Illinois,60540.0,Central,Office Supplies,Storage,272.736,3.0,0.2,-64.7748,-0.23750000000000002,profit
First Class,Corporate,United States,San Francisco,California,94110.0,West,Technology,Copiers,498.975,3.0,0.2,374.9925,0.3125,profit
Standard Class,Corporate,United States,Jacksonville,Florida,32216.0,South,Furniture,Tables,383.438,4.0,0.45,-167.3184,-0.43636363636363634,profit
Second Class,Corporate,United States,Bossier City,Louisiana,71111.0,South,Technology,Accessories,498.975,6.0,0.0,258.696,0.4,profit
Standard Class,Consumer,United States,Arlington,Virginia,22204.0,South,Furniture,Chairs,498.975,2.0,0.0,179.7488,0.27999999999999997,profit
Standard Class,Corporate,United States,Columbia,South Carolina,29203.0,South,Office Supplies,Envelopes,186.69,3.0,0.0,87.7443,0.47,profit
Standard Class,Consumer,United States,Richmond,Virginia,23223.0,South,Furniture,Chairs,332.94,3.0,0.0,79.9056,0.24000000000000002,profit
Same Day,Consumer,United States,Asheville,North Carolina,28806.0,South,Technology,Phones,498.975,5.0,0.2,85.2475,0.0625,profit
Second Class,Corporate,United States,New York City,New York,10024.0,East,Office Supplies,Appliances,355.32,9.0,0.0,99.4896,0.27999999999999997,profit
Standard Class,Consumer,United States,Denver,Colorado,80219.0,West,Technology,Phones,498.975,4.0,0.2,247.996,0.125,profit
First Class,Consumer,United States,Edmonds,Washington,98026.0,West,Furniture,Tables,498.975,5.0,0.0,311.652,0.24,profit
Same Day,Consumer,United States,Santa Ana,California,92704.0,West,Technology,Accessories,498.975,7.0,0.0,601.9699,0.43,profit
Standard Class,Consumer,United States,Philadelphia,Pennsylvania,19140.0,East,Office Supplies,Paper,335.52,4.0,0.2,117.432,0.35000000000000003,profit
Standard Class,Consumer,United States,Belleville,New Jersey,7109.0,East,Technology,Accessories,239.97,3.0,0.0,71.991,0.3,profit
Second Class,Consumer,United States,Florence,Kentucky,41042.0,South,Furniture,Chairs,301.96,2.0,0.0,90.588,0.3,profit
Standard Class,Corporate,United States,Tampa,Florida,33614.0,South,Technology,Machines,265.475,1.0,0.5,-111.4995,-0.41999999999999993,profit
Second Class,Consumer,United States,Tyler,Texas,75701.0,Central,Office Supplies,Binders,51.184,4.0,0.5,-79.3352,-1.55,profit
Standard Class,Consumer,United States,Louisville,Kentucky,40214.0,South,Furniture,Chairs,287.94,3.0,0.0,77.7438,0.26999999999999996,profit
First Class,Home Office,United States,Philadelphia,Pennsylvania,19143.0,East,Office Supplies,Binders,498.975,5.0,0.5,-760.98,-0.6666666666666666,profit
First Class,Home Office,United States,Philadelphia,Pennsylvania,19143.0,East,Technology,Phones,280.782,3.0,0.4,-46.797,-0.16666666666666666,profit
Second Class,Home Office,United States,New York City,New York,10024.0,East,Furniture,Chairs,498.975,5.0,0.1,262.39,0.21111111111111108,profit
First Class,Home Office,United States,Detroit,Michigan,48227.0,Central,Technology,Phones,498.975,8.0,0.0,135.98,0.25,profit
Standard Class,Home Office,United States,Jackson,Michigan,49201.0,Central,Technology,Phones,498.975,4.0,0.0,323.946,0.27,profit
Standard Class,Home Office,United States,Jackson,Michigan,49201.0,Central,Technology,Accessories,498.975,7.0,0.0,829.3754,0.43,profit
Standard Class,Home Office,United States,Jackson,Michigan,49201.0,Central,Office Supplies,Storage,352.38,2.0,0.0,81.0474,0.22999999999999998,profit
Standard Class,Corporate,United States,San Antonio,Texas,78207.0,Central,Furniture,Chairs,498.975,4.0,0.3,-56.996,-0.07142857142857144,profit
Standard Class,Consumer,United States,New York City,New York,10009.0,East,Office Supplies,Appliances,406.6,5.0,0.0,113.848,0.27999999999999997,profit
Standard Class,Corporate,United States,New York City,New York,10011.0,East,Office Supplies,Binders,498.975,2.0,0.2,294.5488,0.35000000000000003,profit
Standard Class,Consumer,United States,Seattle,Washington,98105.0,West,Office Supplies,Storage,498.975,3.0,0.0,140.5482,0.26,profit
First Class,Consumer,United States,Mesa,Arizona,85204.0,West,Furniture,Tables,393.165,3.0,0.5,-204.4458,-0.5199999999999999,profit
Standard Class,Home Office,United States,Philadelphia,Pennsylvania,19120.0,East,Furniture,Furnishings,498.975,6.0,0.2,75.5424,0.075,profit
Standard Class,Home Office,United States,Philadelphia,Pennsylvania,19120.0,East,Furniture,Tables,498.975,9.5,0.4,-619.596,-0.3,profit
First Class,Home Office,United States,New York City,New York,10011.0,East,Office Supplies,Paper,191.6,4.0,0.0,91.968,0.48000000000000004,profit
First Class,Corporate,United States,Detroit,Michigan,48205.0,Central,Technology,Machines,498.975,2.0,0.1,679.996,0.2222222222222222,profit
Standard Class,Consumer,United States,New York City,New York,10035.0,East,Furniture,Chairs,498.975,6.0,0.1,93.2232,0.15555555555555556,profit
Second Class,Consumer,United States,Louisville,Colorado,80027.0,West,Furniture,Chairs,498.975,5.0,0.2,75.49,0.125,profit
Standard Class,Corporate,United States,Auburn,New York,13021.0,East,Furniture,Furnishings,498.975,5.0,0.0,72.807,0.14,profit
Second Class,Home Office,United States,Jacksonville,Florida,32216.0,South,Furniture,Chairs,498.975,5.0,0.2,131.2785,0.1125,profit
Standard Class,Corporate,United States,Virginia Beach,Virginia,23464.0,South,Office Supplies,Binders,498.975,7.0,0.0,1276.4871,0.47000000000000003,profit
Standard Class,Corporate,United States,Virginia Beach,Virginia,23464.0,South,Technology,Phones,498.975,3.0,0.0,173.0316,0.27999999999999997,profit
Same Day,Consumer,United States,New York City,New York,10024.0,East,Technology,Accessories,498.975,7.0,0.0,762.1845,0.32999999999999996,profit
Same Day,Consumer,United States,New York City,New York,10024.0,East,Furniture,Tables,498.975,7.0,0.4,-290.8752,-0.2666666666666667,profit
Standard Class,Consumer,United States,Murrieta,California,92563.0,West,Office Supplies,Storage,484.65,3.0,0.0,92.0835,0.19,profit
Second Class,Consumer,United States,Seattle,Washington,98103.0,West,Furniture,Tables,498.975,9.5,0.0,356.0414,0.22000000000000003,profit
Standard Class,Corporate,United States,New York City,New York,10011.0,East,Office Supplies,Storage,498.975,5.0,0.0,156.429,0.26,profit
Standard Class,Consumer,United States,Washington,District of Columbia,20016.0,East,Furniture,Chairs,498.975,3.0,0.0,316.8825,0.25,profit
Standard Class,Consumer,United States,Washington,District of Columbia,20016.0,East,Technology,Machines,498.975,8.0,0.0,648.5624,0.47,profit
Standard Class,Corporate,United States,Hackensack,New Jersey,7601.0,East,Office Supplies,Paper,177.2,5.0,0.0,83.284,0.4700000000000001,profit
Standard Class,Corporate,United States,Hackensack,New Jersey,7601.0,East,Furniture,Chairs,498.975,3.0,0.0,213.735,0.25,profit
Standard Class,Home Office,United States,Saint Peters,Missouri,63376.0,Central,Furniture,Tables,498.975,4.0,0.0,146.4036,0.21000000000000002,profit
Second Class,Consumer,United States,New York City,New York,10035.0,East,Furniture,Bookcases,498.975,3.0,0.2,90.294,0.125,profit
First Class,Corporate,United States,Chicago,Illinois,60610.0,Central,Office Supplies,Appliances,58.464,9.0,0.5,-146.16,-2.5,profit
Standard Class,Consumer,United States,Miami,Florida,33142.0,South,Technology,Phones,498.975,5.0,0.2,85.2475,0.0625,profit
Second Class,Consumer,United States,San Francisco,California,94109.0,West,Technology,Phones,498.975,9.5,0.2,125.2692,0.1125,profit
Standard Class,Corporate,United States,Toledo,Ohio,43615.0,East,Office Supplies,Binders,55.47,5.0,0.5,-46.225,-0.8333333333333334,profit
Standard Class,Corporate,United States,Detroit,Michigan,48227.0,Central,Furniture,Chairs,498.975,9.0,0.0,121.7601,0.10999999999999999,profit
Standard Class,Consumer,United States,Yonkers,New York,10701.0,East,Furniture,Tables,498.975,8.0,0.4,-264.9208,-0.31666666666666665,profit
Standard Class,Consumer,United States,Yonkers,New York,10701.0,East,Office Supplies,Storage,362.92,2.0,0.0,105.2468,0.29,profit
Standard Class,Consumer,United States,Yonkers,New York,10701.0,East,Technology,Machines,498.975,7.0,0.0,2400.9657,0.49,profit
Standard Class,Home Office,United States,Clinton,Maryland,20735.0,East,Office Supplies,Appliances,355.96,2.0,0.0,103.2284,0.29,profit
Standard Class,Consumer,United States,Roswell,Georgia,30076.0,South,Office Supplies,Paper,279.9,5.0,0.0,137.151,0.4900000000000001,profit
Standard Class,Consumer,United States,Roswell,Georgia,30076.0,South,Technology,Accessories,498.975,5.0,0.0,111.591,0.17999999999999997,profit
Standard Class,Consumer,United States,Jonesboro,Arkansas,72401.0,South,Technology,Phones,498.975,7.0,0.0,181.9818,0.26,profit
Standard Class,Consumer,United States,Jonesboro,Arkansas,72401.0,South,Furniture,Chairs,498.975,3.0,0.0,224.2674,0.21,profit
Standard Class,Consumer,United States,Springfield,Virginia,22153.0,South,Furniture,Tables,343.92,4.0,0.0,75.6624,0.22,profit
Second Class,Corporate,United States,La Porte,Indiana,46350.0,Central,Office Supplies,Envelopes,287.52,8.0,0.0,129.384,0.44999999999999996,profit
Standard Class,Consumer,United States,Los Angeles,California,90045.0,West,Technology,Machines,498.975,2.0,0.2,223.054,0.32499999999999996,profit
Same Day,Consumer,United States,Lansing,Michigan,48911.0,Central,Office Supplies,Appliances,498.975,2.0,0.1,107.346,0.16666666666666666,profit
Same Day,Consumer,United States,Lansing,Michigan,48911.0,Central,Technology,Copiers,498.975,2.0,0.0,209.993,0.35,profit
First Class,Home Office,United States,Harrisonburg,Virginia,22801.0,South,Furniture,Tables,498.975,7.0,0.0,493.7856,0.22,profit
First Class,Home Office,United States,Harrisonburg,Virginia,22801.0,South,Furniture,Tables,455.1,2.0,0.0,100.122,0.22,profit
Standard Class,Consumer,United States,Minneapolis,Minnesota,55407.0,Central,Office Supplies,Appliances,362.94,3.0,0.0,90.735,0.25,profit
Standard Class,Consumer,United States,Lakewood,New Jersey,8701.0,East,Technology,Phones,498.975,7.0,0.0,357.1911,0.27,profit
Second Class,Home Office,United States,Los Angeles,California,90036.0,West,Furniture,Chairs,498.975,3.0,0.2,89.2224,0.09999999999999999,profit
Second Class,Home Office,United States,Los Angeles,California,90036.0,West,Office Supplies,Paper,223.92,4.0,0.0,109.7208,0.49,profit
Standard Class,Consumer,United States,Houston,Texas,77041.0,Central,Office Supplies,Binders,498.975,4.0,0.5,-1850.9464,-1.7000000000000002,profit
Standard Class,Corporate,United States,Philadelphia,Pennsylvania,19134.0,East,Furniture,Chairs,141.372,2.0,0.3,-48.4704,-0.3428571428571428,profit
Standard Class,Corporate,United States,Philadelphia,Pennsylvania,19134.0,East,Technology,Phones,498.975,7.0,0.4,-386.3916,-0.19999999999999998,profit
Standard Class,Consumer,United States,New York City,New York,10009.0,East,Office Supplies,Binders,398.352,3.0,0.2,124.485,0.3125,profit
Second Class,Consumer,United States,Fresno,California,93727.0,West,Furniture,Tables,498.975,6.0,0.2,95.586,0.125,profit
Second Class,Consumer,United States,Fresno,California,93727.0,West,Furniture,Tables,498.975,9.5,0.2,135.4068,0.0375,profit
Standard Class,Consumer,United States,New York City,New York,10009.0,East,Furniture,Chairs,498.975,9.0,0.1,139.5702,0.1222222222222222,profit
Standard Class,Consumer,United States,New York City,New York,10009.0,East,Office Supplies,Appliances,498.975,9.5,0.0,511.368,0.3,profit
Standard Class,Consumer,United States,Milwaukee,Wisconsin,53209.0,Central,Technology,Phones,498.975,4.0,0.0,285.9896,0.26,profit
Second Class,Home Office,United States,Charlotte,North Carolina,28205.0,South,Office Supplies,Storage,498.975,3.0,0.2,-47.2542,-0.0875,profit
Second Class,Home Office,United States,Charlotte,North Carolina,28205.0,South,Technology,Accessories,255.68,8.0,0.2,76.704,0.3,profit
Standard Class,Consumer,United States,Jacksonville,Florida,32216.0,South,Technology,Phones,498.975,3.0,0.2,107.985,0.125,profit
Standard Class,Corporate,United States,Chicago,Illinois,60623.0,Central,Office Supplies,Appliances,48.792,3.0,0.5,-126.8592,-2.6,profit
Standard Class,Corporate,United States,Chicago,Illinois,60623.0,Central,Office Supplies,Binders,44.848,8.0,0.5,-67.272,-1.5000000000000002,profit
Same Day,Consumer,United States,Fort Worth,Texas,76106.0,Central,Furniture,Chairs,388.43,5.0,0.3,-88.784,-0.2285714285714286,profit
First Class,Consumer,United States,Cedar Rapids,Iowa,52402.0,Central,Technology,Phones,278.4,3.0,0.0,80.736,0.29000000000000004,profit
First Class,Consumer,United States,Jacksonville,Florida,32216.0,South,Office Supplies,Paper,251.64,3.0,0.2,88.074,0.35000000000000003,profit
Standard Class,Consumer,United States,Pueblo,Colorado,81001.0,West,Office Supplies,Appliances,498.975,9.5,0.2,84.5728,0.1,profit
Second Class,Consumer,United States,Springfield,Virginia,22153.0,South,Furniture,Furnishings,498.975,6.0,0.0,166.1004,0.29000000000000004,profit
Second Class,Consumer,United States,Springfield,Virginia,22153.0,South,Furniture,Furnishings,286.38,3.0,0.0,83.0502,0.29000000000000004,profit
Standard Class,Consumer,United States,Columbus,Georgia,31907.0,South,Technology,Phones,287.97,3.0,0.0,77.7519,0.27,profit
Standard Class,Corporate,United States,Deltona,Florida,32725.0,South,Technology,Phones,498.975,2.0,0.2,71.99,0.125,profit
Second Class,Consumer,United States,New York City,New York,10011.0,East,Technology,Phones,498.975,3.0,0.0,176.1708,0.26,profit
Second Class,Consumer,United States,Evanston,Illinois,60201.0,Central,Furniture,Chairs,258.279,3.0,0.3,-70.1043,-0.2714285714285714,profit
Same Day,Consumer,United States,Houston,Texas,77036.0,Central,Office Supplies,Storage,220.776,3.0,0.2,-44.1552,-0.19999999999999998,profit
Standard Class,Corporate,United States,Philadelphia,Pennsylvania,19120.0,East,Technology,Phones,309.576,4.0,0.4,-56.7556,-0.18333333333333332,profit
First Class,Corporate,United States,Tucson,Arizona,85705.0,West,Technology,Machines,95.994,2.0,0.5,-63.996,-0.6666666666666667,profit
First Class,Corporate,United States,Tucson,Arizona,85705.0,West,Furniture,Chairs,498.975,4.0,0.2,-146.1096,-0.1625,profit
Standard Class,Consumer,United States,Colorado Springs,Colorado,80906.0,West,Furniture,Bookcases,498.975,7.0,0.5,-786.744,-1.3333333333333335,profit
Standard Class,Consumer,United States,Provo,Utah,84604.0,West,Furniture,Tables,498.975,5.0,0.0,118.6575,0.13,profit
Second Class,Consumer,United States,Pleasant Grove,Utah,84062.0,West,Office Supplies,Appliances,498.975,3.0,0.0,305.13,0.27999999999999997,profit
Second Class,Consumer,United States,Pleasant Grove,Utah,84062.0,West,Office Supplies,Paper,447.84,8.0,0.0,219.4416,0.49,profit
Standard Class,Home Office,United States,Aurora,Illinois,60505.0,Central,Furniture,Furnishings,83.952,3.0,0.5,-90.2484,-1.0750000000000002,profit
Same Day,Home Office,United States,Smyrna,Georgia,30080.0,South,Office Supplies,Paper,348.84,9.0,0.0,170.9316,0.49000000000000005,profit
Same Day,Home Office,United States,Smyrna,Georgia,30080.0,South,Office Supplies,Envelopes,167.96,2.0,0.0,78.9412,0.47,profit
Same Day,Home Office,United States,Smyrna,Georgia,30080.0,South,Technology,Phones,484.83,3.0,0.0,126.0558,0.26,profit
Same Day,Home Office,United States,Smyrna,Georgia,30080.0,South,Office Supplies,Paper,342.37,7.0,0.0,160.9139,0.47000000000000003,profit
Standard Class,Corporate,United States,Aurora,Illinois,60505.0,Central,Furniture,Tables,498.975,5.0,0.5,-430.617,-0.66,profit
Standard Class,Corporate,United States,Aurora,Illinois,60505.0,Central,Furniture,Tables,66.645,3.0,0.5,-42.6528,-0.64,profit
Standard Class,Home Office,United States,Salem,Virginia,24153.0,South,Office Supplies,Envelopes,251.79,3.0,0.0,118.3413,0.47000000000000003,profit
Standard Class,Home Office,United States,Columbus,Ohio,43229.0,East,Furniture,Tables,205.176,2.0,0.4,-58.1332,-0.2833333333333334,profit
Standard Class,Home Office,United States,Columbus,Ohio,43229.0,East,Office Supplies,Paper,419.4,5.0,0.2,146.79,0.35,profit
Standard Class,Consumer,United States,Phoenix,Arizona,85023.0,West,Furniture,Tables,393.165,3.0,0.5,-204.4458,-0.5199999999999999,profit
Standard Class,Corporate,United States,New York City,New York,10035.0,East,Furniture,Chairs,408.006,2.0,0.1,72.5344,0.1777777777777778,profit
Standard Class,Consumer,United States,New York City,New York,10024.0,East,Office Supplies,Binders,334.768,7.0,0.2,108.7996,0.325,profit
First Class,Corporate,United States,Houston,Texas,77041.0,Central,Technology,Phones,498.975,7.0,0.2,118.293,0.125,profit
Standard Class,Corporate,United States,Mesa,Arizona,85204.0,West,Office Supplies,Binders,72.588,2.0,0.5,-48.392,-0.6666666666666667,profit
Standard Class,Corporate,United States,Mesa,Arizona,85204.0,West,Office Supplies,Binders,77.031,9.0,0.5,-59.0571,-0.7666666666666666,profit
Standard Class,Corporate,United States,Mesa,Arizona,85204.0,West,Office Supplies,Storage,363.648,4.0,0.2,-86.3664,-0.2375,profit
Second Class,Corporate,United States,Salinas,California,93905.0,West,Office Supplies,Labels,427.42,9.5,0.0,196.6132,0.46,profit
Standard Class,Consumer,United States,Columbus,Ohio,43229.0,East,Technology,Phones,220.752,8.0,0.4,-40.4712,-0.18333333333333335,profit
Second Class,Consumer,United States,Florence,Alabama,35630.0,South,Office Supplies,Binders,152.76,6.0,0.0,74.8524,0.49000000000000005,profit
Second Class,Consumer,United States,Florence,Alabama,35630.0,South,Furniture,Chairs,498.975,9.5,0.0,163.7874,0.09,profit
Same Day,Consumer,United States,Amarillo,Texas,79109.0,Central,Furniture,Chairs,498.975,5.0,0.3,-350.49,-0.14285714285714288,profit
Standard Class,Consumer,United States,Chicago,Illinois,60623.0,Central,Technology,Phones,498.975,9.0,0.2,148.4946,0.075,profit
First Class,Home Office,United States,Chicago,Illinois,60653.0,Central,Furniture,Chairs,470.302,7.0,0.3,-87.3418,-0.18571428571428572,profit
First Class,Corporate,United States,Mobile,Alabama,36608.0,South,Technology,Machines,498.975,8.0,0.0,1459.2,0.48000000000000004,profit
Standard Class,Corporate,United States,Detroit,Michigan,48234.0,Central,Furniture,Chairs,498.975,3.0,0.0,226.9644,0.26,profit
Standard Class,Home Office,United States,Los Angeles,California,90008.0,West,Technology,Phones,498.975,7.0,0.2,106.1242,0.08750000000000001,profit
Standard Class,Corporate,United States,New York City,New York,10035.0,East,Furniture,Chairs,498.975,6.0,0.1,173.7408,0.17777777777777778,profit
Standard Class,Consumer,United States,Austin,Texas,78745.0,Central,Office Supplies,Storage,498.975,3.0,0.2,-47.2542,-0.0875,profit
Standard Class,Home Office,United States,Los Angeles,California,90004.0,West,Furniture,Tables,498.975,6.0,0.2,-175.8708,-0.17500000000000002,profit
Standard Class,Consumer,United States,Columbus,Georgia,31907.0,South,Technology,Machines,396.0,4.0,0.0,190.08,0.48000000000000004,profit
Standard Class,Corporate,United States,Pomona,California,91767.0,West,Office Supplies,Art,385.6,8.0,0.0,111.824,0.29,profit
Second Class,Consumer,United States,North Las Vegas,Nevada,89031.0,West,Furniture,Tables,498.975,4.0,0.0,116.872,0.07,profit
Standard Class,Consumer,United States,Tucson,Arizona,85705.0,West,Office Supplies,Storage,247.104,6.0,0.2,-58.6872,-0.2375,profit
Second Class,Consumer,United States,Everett,Massachusetts,2149.0,East,Furniture,Bookcases,498.975,3.0,0.0,203.5644,0.26,profit
Second Class,Consumer,United States,Everett,Massachusetts,2149.0,East,Office Supplies,Binders,242.48,7.0,0.0,116.3904,0.48000000000000004,profit
Second Class,Corporate,United States,Watertown,New York,13601.0,East,Furniture,Bookcases,498.975,7.0,0.2,196.686,0.125,profit
Standard Class,Corporate,United States,San Antonio,Texas,78207.0,Central,Office Supplies,Paper,335.52,4.0,0.2,117.432,0.35000000000000003,profit
Standard Class,Corporate,United States,San Antonio,Texas,78207.0,Central,Office Supplies,Binders,23.912,2.0,0.5,-40.6504,-1.7,profit
First Class,Consumer,United States,New York City,New York,10011.0,East,Technology,Copiers,498.975,1.0,0.2,174.9975,0.3125,profit
Same Day,Consumer,United States,New York City,New York,10011.0,East,Furniture,Tables,498.975,5.0,0.4,-295.9785,-0.2833333333333333,profit
First Class,Consumer,United States,Los Angeles,California,90004.0,West,Furniture,Chairs,498.975,5.0,0.2,-67.941,-0.11250000000000002,profit
First Class,Consumer,United States,New York City,New York,10024.0,East,Technology,Phones,307.98,2.0,0.0,89.3142,0.29,profit
First Class,Consumer,United States,New York City,New York,10024.0,East,Furniture,Tables,382.806,9.0,0.4,-153.1224,-0.4,profit
First Class,Consumer,United States,New York City,New York,10024.0,East,Office Supplies,Binders,498.975,2.0,0.2,456.588,0.375,profit
First Class,Consumer,United States,New York City,New York,10024.0,East,Technology,Phones,498.975,5.0,0.0,274.386,0.28,profit
First Class,Corporate,United States,New York City,New York,10011.0,East,Furniture,Furnishings,498.975,9.5,0.0,175.136,0.32,profit
Standard Class,Corporate,United States,Oakland,California,94601.0,West,Office Supplies,Storage,498.975,7.0,0.0,290.0058,0.29000000000000004,profit
Standard Class,Consumer,United States,Kent,Washington,98031.0,West,Furniture,Furnishings,198.46,2.0,0.0,99.23,0.5,profit
Standard Class,Consumer,United States,Kent,Washington,98031.0,West,Office Supplies,Labels,498.975,8.0,0.0,385.3752,0.49,profit
Standard Class,Consumer,United States,Los Angeles,California,90049.0,West,Technology,Phones,498.975,5.0,0.2,84.495,0.125,profit
Standard Class,Consumer,United States,Los Angeles,California,90049.0,West,Technology,Accessories,498.975,3.0,0.0,556.974,0.44000000000000006,profit
Standard Class,Home Office,United States,New York City,New York,10011.0,East,Office Supplies,Appliances,498.975,5.0,0.0,141.2775,0.27,profit
Standard Class,Consumer,United States,Lafayette,Louisiana,70506.0,South,Furniture,Chairs,498.975,6.0,0.0,155.25,0.3,profit
Same Day,Consumer,United States,Cleveland,Ohio,44105.0,East,Office Supplies,Storage,498.975,3.0,0.2,88.0299,0.0875,profit
Standard Class,Consumer,United States,Tigard,Oregon,97224.0,West,Office Supplies,Storage,498.975,5.0,0.2,-167.27,-0.25,profit
Standard Class,Consumer,United States,Tigard,Oregon,97224.0,West,Technology,Phones,438.336,4.0,0.2,-87.6672,-0.19999999999999998,profit
First Class,Corporate,United States,Seattle,Washington,98115.0,West,Office Supplies,Storage,498.975,3.0,0.0,349.3392,0.27999999999999997,profit
First Class,Corporate,United States,Seattle,Washington,98115.0,West,Technology,Copiers,498.975,7.0,0.0,1480.4671,0.47000000000000003,profit
First Class,Corporate,United States,Seattle,Washington,98115.0,West,Office Supplies,Paper,209.7,2.0,0.0,100.656,0.48000000000000004,profit
Second Class,Consumer,United States,Philadelphia,Pennsylvania,19143.0,East,Office Supplies,Binders,121.104,6.0,0.5,-100.92,-0.8333333333333334,profit
Standard Class,Corporate,United States,Philadelphia,Pennsylvania,19143.0,East,Technology,Phones,498.975,5.0,0.4,-158.102,-0.23333333333333334,profit
Standard Class,Consumer,United States,New York City,New York,10011.0,East,Furniture,Tables,498.975,4.0,0.4,-373.3048,-0.36666666666666664,profit
First Class,Consumer,United States,Suffolk,Virginia,23434.0,South,Office Supplies,Labels,196.62,2.0,0.0,96.3438,0.49,profit
Standard Class,Corporate,United States,Philadelphia,Pennsylvania,19134.0,East,Technology,Machines,399.54,4.0,0.5,-559.356,-1.4,profit
Standard Class,Consumer,United States,Philadelphia,Pennsylvania,19143.0,East,Furniture,Tables,498.975,6.0,0.4,-227.4912,-0.26666666666666666,profit
Second Class,Consumer,United States,Seattle,Washington,98115.0,West,Furniture,Tables,498.975,6.0,0.0,113.4936,0.22,profit
Second Class,Consumer,United States,New York City,New York,10035.0,East,Furniture,Chairs,498.975,9.0,0.1,321.84,0.16666666666666666,profit
Standard Class,Consumer,United States,San Francisco,California,94122.0,West,Office Supplies,Appliances,498.975,9.5,0.0,510.636,0.30000000000000004,profit
Second Class,Consumer,United States,Chicago,Illinois,60610.0,Central,Furniture,Tables,498.975,7.0,0.5,-566.5625,-0.74,profit
Standard Class,Consumer,United States,Chicago,Illinois,60623.0,Central,Furniture,Bookcases,359.058,3.0,0.3,-71.8116,-0.2,profit
Second Class,Corporate,United States,Dublin,Ohio,43017.0,East,Furniture,Tables,498.975,5.0,0.4,-69.89,-0.06666666666666668,profit
Standard Class,Consumer,United States,Philadelphia,Pennsylvania,19140.0,East,Technology,Accessories,442.4,7.0,0.2,-55.3,-0.125,profit
First Class,Corporate,United States,San Francisco,California,94122.0,West,Office Supplies,Storage,498.975,9.0,0.0,151.0974,0.26999999999999996,profit
Second Class,Home Office,United States,Fort Worth,Texas,76106.0,Central,Office Supplies,Paper,360.712,9.5,0.2,130.7581,0.36250000000000004,profit
Second Class,Home Office,United States,Fort Worth,Texas,76106.0,Central,Technology,Phones,498.975,6.0,0.2,150.36,0.08750000000000001,profit
First Class,Home Office,United States,Houston,Texas,77095.0,Central,Office Supplies,Binders,41.568,6.0,0.5,-66.5088,-1.5999999999999999,profit
Standard Class,Corporate,United States,Baltimore,Maryland,21215.0,East,Office Supplies,Storage,497.61,9.0,0.0,129.3786,0.26,profit
Standard Class,Consumer,United States,Los Angeles,California,90004.0,West,Office Supplies,Paper,368.91,9.0,0.0,180.7659,0.48999999999999994,profit
Standard Class,Corporate,United States,Milwaukee,Wisconsin,53209.0,Central,Office Supplies,Paper,219.84,4.0,0.0,107.7216,0.49,profit
Standard Class,Corporate,United States,Kenosha,Wisconsin,53142.0,Central,Technology,Phones,498.975,2.0,0.0,195.9944,0.28,profit
First Class,Consumer,United States,Madison,Wisconsin,53711.0,Central,Furniture,Chairs,498.975,8.0,0.0,673.8816,0.24,profit
First Class,Home Office,United States,New York City,New York,10024.0,East,Technology,Phones,347.97,3.0,0.0,100.9113,0.29,profit
Standard Class,Consumer,United States,San Jose,California,95123.0,West,Furniture,Furnishings,215.65,5.0,0.0,73.321,0.33999999999999997,profit
Second Class,Consumer,United States,Philadelphia,Pennsylvania,19134.0,East,Office Supplies,Supplies,498.975,7.0,0.2,-1049.3406,-0.225,profit
First Class,Corporate,United States,Los Angeles,California,90049.0,West,Technology,Phones,498.975,7.0,0.2,257.5944,0.1,profit
First Class,Corporate,United States,Los Angeles,California,90049.0,West,Technology,Accessories,254.24,7.0,0.0,76.272,0.3,profit
Second Class,Consumer,United States,Harrisonburg,Virginia,22801.0,South,Furniture,Tables,498.975,7.0,0.0,245.021,0.16999999999999998,profit
Standard Class,Consumer,United States,Chicago,Illinois,60623.0,Central,Office Supplies,Appliances,75.6,2.0,0.5,-166.32,-2.2,profit
Standard Class,Corporate,United States,Chicago,Illinois,60623.0,Central,Office Supplies,Appliances,92.064,6.0,0.5,-225.5568,-2.45,profit
Second Class,Home Office,United States,Raleigh,North Carolina,27604.0,South,Technology,Phones,498.975,3.0,0.2,126.8973,0.11249999999999999,profit
Standard Class,Consumer,United States,Cleveland,Ohio,44105.0,East,Technology,Phones,498.975,2.0,0.4,-168.9558,-0.21666666666666667,profit
Same Day,Home Office,United States,Muskogee,Oklahoma,74403.0,Central,Technology,Phones,498.975,8.0,0.0,374.3792,0.26,profit
Standard Class,Corporate,United States,Austin,Texas,78745.0,Central,Technology,Machines,498.975,3.0,0.4,-263.9967,-0.18333333333333332,profit
Second Class,Corporate,United States,Roswell,Georgia,30076.0,South,Office Supplies,Appliances,498.975,7.0,0.0,361.2994,0.29000000000000004,profit
Second Class,Consumer,United States,South Bend,Indiana,46614.0,Central,Technology,Accessories,498.975,5.0,0.0,124.68,0.15,profit
Second Class,Corporate,United States,Houston,Texas,77041.0,Central,Office Supplies,Binders,34.24,4.0,0.5,-53.072,-1.55,profit
Standard Class,Corporate,United States,Aurora,Colorado,80013.0,West,Furniture,Tables,498.975,5.0,0.5,-465.568,-0.6399999999999999,profit
Same Day,Corporate,United States,Newark,Ohio,43055.0,East,Technology,Phones,370.782,3.0,0.4,-92.6955,-0.25,profit
Standard Class,Consumer,United States,Los Angeles,California,90049.0,West,Furniture,Chairs,393.568,4.0,0.2,-44.2764,-0.11250000000000002,profit
Standard Class,Corporate,United States,Jacksonville,Florida,32216.0,South,Office Supplies,Binders,68.742,9.0,0.5,-48.1194,-0.7,profit
Standard Class,Home Office,United States,Philadelphia,Pennsylvania,19143.0,East,Office Supplies,Paper,217.056,7.0,0.2,78.6828,0.3625,profit
First Class,Home Office,United States,Hialeah,Florida,33012.0,South,Office Supplies,Binders,398.352,8.0,0.5,-331.96,-0.8333333333333334,profit
First Class,Consumer,United States,Fairfield,Ohio,45014.0,East,Furniture,Tables,409.59,3.0,0.4,-122.877,-0.3,profit
Standard Class,Consumer,United States,Missoula,Montana,59801.0,West,Office Supplies,Binders,487.984,2.0,0.2,152.495,0.3125,profit
First Class,Consumer,United States,Minneapolis,Minnesota,55407.0,Central,Office Supplies,Binders,498.975,2.0,0.0,843.1706,0.47000000000000003,profit
Second Class,Consumer,United States,Miami,Florida,33178.0,South,Office Supplies,Binders,498.975,4.0,0.5,-336.784,-0.6666666666666666,profit
Second Class,Consumer,United States,Miami,Florida,33178.0,South,Furniture,Tables,174.0585,3.0,0.45,-110.7645,-0.6363636363636364,profit
Second Class,Corporate,United States,Houston,Texas,77041.0,Central,Office Supplies,Paper,273.896,7.0,0.2,92.4399,0.33749999999999997,profit
Second Class,Home Office,United States,Detroit,Michigan,48227.0,Central,Technology,Phones,299.9,2.0,0.0,74.975,0.25,profit
First Class,Corporate,United States,Watertown,New York,13601.0,East,Office Supplies,Binders,498.975,5.0,0.2,302.373,0.3375,profit
First Class,Corporate,United States,Watertown,New York,13601.0,East,Furniture,Chairs,462.564,2.0,0.1,97.6524,0.2111111111111111,profit
Second Class,Corporate,United States,Arlington,Texas,76017.0,Central,Technology,Phones,498.975,9.0,0.2,107.955,0.125,profit
Standard Class,Corporate,United States,San Francisco,California,94109.0,West,Office Supplies,Paper,244.55,5.0,0.0,114.9385,0.47,profit
Standard Class,Consumer,United States,Broomfield,Colorado,80020.0,West,Furniture,Chairs,498.975,3.0,0.2,74.574,0.1125,profit
Standard Class,Corporate,United States,New York City,New York,10009.0,East,Furniture,Tables,254.526,1.0,0.4,-93.3262,-0.36666666666666664,profit
Standard Class,Corporate,United States,New York City,New York,10009.0,East,Furniture,Chairs,498.975,5.0,0.1,213.735,0.16666666666666666,profit
Standard Class,Consumer,United States,Paterson,New Jersey,7501.0,East,Technology,Phones,281.97,3.0,0.0,78.9516,0.27999999999999997,profit
Standard Class,Consumer,United States,Paterson,New Jersey,7501.0,East,Office Supplies,Paper,166.44,3.0,0.0,79.8912,0.48,profit
Standard Class,Consumer,United States,Tulsa,Oklahoma,74133.0,Central,Technology,Accessories,291.96,4.0,0.0,102.186,0.35000000000000003,profit
Standard Class,Home Office,United States,Chicago,Illinois,60623.0,Central,Technology,Accessories,408.744,7.0,0.2,76.6395,0.18749999999999997,profit
Second Class,Corporate,United States,Montgomery,Alabama,36116.0,South,Technology,Phones,498.975,5.0,0.0,362.687,0.26,profit
Second Class,Corporate,United States,Montgomery,Alabama,36116.0,South,Furniture,Chairs,498.975,6.0,0.0,70.9644,0.13,profit
Same Day,Consumer,United States,Glendale,Arizona,85301.0,West,Furniture,Chairs,498.975,4.0,0.2,105.0228,0.11250000000000002,profit
Standard Class,Consumer,United States,Oklahoma City,Oklahoma,73120.0,Central,Technology,Phones,479.96,4.0,0.0,134.3888,0.28,profit
Second Class,Corporate,United States,Brentwood,California,94513.0,West,Office Supplies,Appliances,320.88,6.0,0.0,93.0552,0.29,profit
First Class,Consumer,United States,Columbus,Ohio,43229.0,East,Technology,Copiers,498.975,4.0,0.4,191.9968,0.13333333333333333,profit
Standard Class,Consumer,United States,Springfield,Missouri,65807.0,Central,Furniture,Tables,498.975,7.0,0.0,215.1198,0.20999999999999996,profit
Second Class,Consumer,United States,Houston,Texas,77036.0,Central,Office Supplies,Appliances,294.62,5.0,0.5,-766.012,-2.5999999999999996,profit
Second Class,Consumer,United States,Louisville,Kentucky,40214.0,South,Furniture,Chairs,304.45,5.0,0.0,76.1125,0.25,profit
Standard Class,Consumer,United States,Auburn,Alabama,36830.0,South,Furniture,Chairs,350.98,1.0,0.0,84.2352,0.24,profit
Standard Class,Consumer,United States,Auburn,Alabama,36830.0,South,Office Supplies,Storage,498.975,4.0,0.0,117.0104,0.13,profit
First Class,Home Office,United States,Providence,Rhode Island,2908.0,East,Office Supplies,Storage,498.975,9.0,0.0,481.869,0.3,profit
First Class,Home Office,United States,Providence,Rhode Island,2908.0,East,Furniture,Chairs,498.975,4.0,0.0,244.2496,0.27999999999999997,profit
Second Class,Consumer,United States,Fresno,California,93727.0,West,Office Supplies,Binders,239.12,5.0,0.2,77.714,0.325,profit
Standard Class,Corporate,United States,Perth Amboy,New Jersey,8861.0,East,Technology,Phones,498.975,3.0,0.0,280.59,0.47,profit
First Class,Consumer,United States,Philadelphia,Pennsylvania,19134.0,East,Furniture,Chairs,341.488,8.0,0.3,-73.176,-0.2142857142857143,profit
First Class,Consumer,United States,Detroit,Michigan,48227.0,Central,Furniture,Chairs,498.975,7.0,0.0,412.5394,0.26,profit
Standard Class,Consumer,United States,Pomona,California,91767.0,West,Furniture,Tables,498.975,3.0,0.2,-97.7394,-0.1375,profit
Standard Class,Consumer,United States,Ontario,California,91761.0,West,Furniture,Chairs,283.92,5.0,0.2,-46.137,-0.1625,profit
Standard Class,Consumer,United States,Wilmington,Delaware,19805.0,East,Furniture,Tables,310.443,3.0,0.3,-48.7839,-0.15714285714285717,profit
Standard Class,Home Office,United States,Moorhead,Minnesota,56560.0,Central,Furniture,Chairs,479.9,5.0,0.0,81.583,0.17,profit
Standard Class,Home Office,United States,Jackson,Mississippi,39212.0,South,Office Supplies,Binders,498.975,8.0,0.0,240.5648,0.47000000000000003,profit
Standard Class,Consumer,United States,Portland,Oregon,97206.0,West,Technology,Accessories,279.944,7.0,0.2,80.4839,0.2875,profit
Second Class,Corporate,United States,New York City,New York,10009.0,East,Office Supplies,Paper,221.92,4.0,0.0,106.5216,0.48000000000000004,profit
Same Day,Consumer,United States,Redlands,California,92374.0,West,Office Supplies,Binders,398.352,3.0,0.2,124.485,0.3125,profit
Same Day,Consumer,United States,Redlands,California,92374.0,West,Technology,Phones,498.975,4.0,0.2,145.782,0.11250000000000002,profit
Standard Class,Consumer,United States,Stockton,California,95207.0,West,Office Supplies,Paper,159.88,7.0,0.0,73.5448,0.45999999999999996,profit
First Class,Corporate,United States,Seattle,Washington,98105.0,West,Office Supplies,Binders,498.975,5.0,0.2,302.373,0.3375,profit
Standard Class,Consumer,United States,Philadelphia,Pennsylvania,19134.0,East,Office Supplies,Binders,152.991,3.0,0.5,-122.3928,-0.7999999999999999,profit
Same Day,Consumer,United States,New York City,New York,10009.0,East,Office Supplies,Paper,146.82,3.0,0.0,73.41,0.5,profit
Standard Class,Corporate,United States,Long Beach,New York,11561.0,East,Furniture,Tables,498.975,3.0,0.4,-347.1174,-0.35,profit
Standard Class,Corporate,United States,York,Pennsylvania,17403.0,East,Office Supplies,Storage,254.352,6.0,0.2,-50.8704,-0.19999999999999998,profit
Standard Class,Consumer,United States,College Station,Texas,77840.0,Central,Furniture,Chairs,233.058,3.0,0.3,-53.2704,-0.2285714285714286,profit
Standard Class,Home Office,United States,Manteca,California,95336.0,West,Office Supplies,Paper,314.55,3.0,0.0,150.984,0.48000000000000004,profit
Standard Class,Consumer,United States,Laredo,Texas,78041.0,Central,Furniture,Furnishings,139.92,5.0,0.5,-150.414,-1.075,profit
Standard Class,Consumer,United States,New York City,New York,10009.0,East,Technology,Machines,498.975,5.0,0.0,1159.9855,0.29000000000000004,profit
Standard Class,Consumer,United States,Columbus,Indiana,47201.0,Central,Technology,Phones,498.975,9.0,0.0,378.1674,0.26,profit
Standard Class,Consumer,United States,Little Rock,Arkansas,72209.0,South,Technology,Phones,498.975,7.0,0.0,229.3018,0.26,profit
Standard Class,Home Office,United States,Seattle,Washington,98103.0,West,Furniture,Furnishings,191.82,3.0,0.0,74.8098,0.39,profit
Standard Class,Home Office,United States,Aurora,Illinois,60505.0,Central,Office Supplies,Binders,29.932,7.0,0.5,-46.3946,-1.55,profit
Second Class,Consumer,United States,Fairfield,Connecticut,6824.0,East,Technology,Phones,498.975,7.0,0.0,233.2204,0.28,profit
Standard Class,Corporate,United States,San Francisco,California,94110.0,West,Technology,Phones,498.975,4.0,0.2,100.24,0.08750000000000001,profit
Same Day,Consumer,United States,Marion,Ohio,43302.0,East,Technology,Phones,485.94,2.0,0.4,-89.089,-0.18333333333333332,profit
Second Class,Consumer,United States,Littleton,Colorado,80122.0,West,Furniture,Bookcases,72.294,1.0,0.5,-98.8018,-1.3666666666666667,profit
Standard Class,Consumer,United States,New York City,New York,10024.0,East,Furniture,Tables,330.588,1.0,0.4,-115.7058,-0.35,profit
Standard Class,Consumer,United States,San Francisco,California,94122.0,West,Office Supplies,Binders,498.975,2.0,0.2,252.588,0.375,profit
Standard Class,Home Office,United States,Chicago,Illinois,60610.0,Central,Furniture,Furnishings,44.4,2.0,0.5,-52.17,-1.175,profit
Second Class,Consumer,United States,Los Angeles,California,90049.0,West,Office Supplies,Binders,498.975,1.0,0.2,381.297,0.375,profit
Standard Class,Consumer,United States,Philadelphia,Pennsylvania,19134.0,East,Technology,Phones,494.982,3.0,0.4,-115.4958,-0.23333333333333334,profit
Second Class,Consumer,United States,Los Angeles,California,90004.0,West,Office Supplies,Appliances,498.975,6.0,0.0,157.0176,0.2899999999999999,profit
Standard Class,Corporate,United States,Bangor,Maine,4401.0,East,Technology,Phones,437.85,3.0,0.0,131.355,0.29999999999999993,profit
First Class,Consumer,United States,San Francisco,California,94122.0,West,Furniture,Chairs,498.975,7.0,0.2,90.972,0.075,profit
First Class,Consumer,United States,Arlington,Virginia,22204.0,South,Furniture,Bookcases,359.97,3.0,0.0,79.1934,0.21999999999999997,profit
Second Class,Consumer,United States,Atlanta,Georgia,30318.0,South,Technology,Accessories,498.975,2.0,0.0,114.9954,0.23,profit
Standard Class,Consumer,United States,San Francisco,California,94122.0,West,Furniture,Furnishings,435.26,7.0,0.0,95.7572,0.22,profit
Standard Class,Consumer,United States,San Francisco,California,94122.0,West,Technology,Copiers,498.975,2.0,0.2,377.9946,0.3375,profit
First Class,Corporate,United States,Seattle,Washington,98115.0,West,Furniture,Tables,498.975,2.0,0.0,80.3682,0.09,profit
Standard Class,Corporate,United States,Columbus,Georgia,31907.0,South,Technology,Phones,287.97,3.0,0.0,77.7519,0.27,profit
Standard Class,Corporate,United States,Columbus,Georgia,31907.0,South,Furniture,Furnishings,498.975,6.0,0.0,297.69,0.5,profit
Standard Class,Consumer,United States,New York City,New York,10011.0,East,Furniture,Furnishings,259.7,5.0,0.0,106.477,0.41000000000000003,profit
Standard Class,Consumer,United States,New York City,New York,10011.0,East,Technology,Accessories,498.975,7.0,0.0,601.9699,0.43,profit
Standard Class,Consumer,United States,New York City,New York,10011.0,East,Technology,Phones,498.975,4.0,0.0,125.99,0.25,profit
Second Class,Home Office,United States,Roswell,Georgia,30076.0,South,Furniture,Chairs,498.975,4.0,0.0,188.2192,0.26,profit
Standard Class,Consumer,United States,New York City,New York,10009.0,East,Technology,Accessories,390.75,5.0,0.0,171.93,0.44,profit
First Class,Home Office,United States,Peoria,Arizona,85345.0,West,Office Supplies,Storage,215.592,3.0,0.2,-48.5082,-0.225,profit
Standard Class,Corporate,United States,Sioux Falls,South Dakota,57103.0,Central,Office Supplies,Appliances,416.32,2.0,0.0,112.4064,0.27,profit
Standard Class,Corporate,United States,Sioux Falls,South Dakota,57103.0,Central,Technology,Accessories,389.97,3.0,0.0,132.5898,0.33999999999999997,profit
Second Class,Corporate,United States,Henderson,Kentucky,42420.0,South,Office Supplies,Binders,364.8,9.5,0.0,167.808,0.45999999999999996,profit
Standard Class,Corporate,United States,Philadelphia,Pennsylvania,19140.0,East,Furniture,Furnishings,498.975,4.0,0.2,-68.392,-0.125,profit
Standard Class,Consumer,United States,Lafayette,Indiana,47905.0,Central,Office Supplies,Paper,277.4,5.0,0.0,133.152,0.48,profit
Same Day,Consumer,United States,Fairfield,Connecticut,6824.0,East,Office Supplies,Appliances,426.79,7.0,0.0,123.7691,0.29,profit
Standard Class,Home Office,United States,Milwaukee,Wisconsin,53209.0,Central,Office Supplies,Appliances,490.32,9.0,0.0,137.2896,0.28,profit
First Class,Corporate,United States,San Francisco,California,94122.0,West,Furniture,Bookcases,498.975,7.0,0.15,200.9546,0.12941176470588237,profit
First Class,Corporate,United States,San Francisco,California,94122.0,West,Technology,Machines,239.976,3.0,0.2,80.9919,0.3375,profit
Standard Class,Corporate,United States,New York City,New York,10024.0,East,Furniture,Tables,498.975,7.0,0.4,-447.5947,-0.2833333333333333,profit
Standard Class,Corporate,United States,New York City,New York,10024.0,East,Furniture,Tables,498.975,4.0,0.4,-553.6476,-0.5166666666666667,profit
Standard Class,Corporate,United States,New York City,New York,10024.0,East,Furniture,Tables,498.975,3.0,0.4,-122.7816,-0.19999999999999998,profit
Standard Class,Corporate,United States,New York City,New York,10024.0,East,Office Supplies,Paper,155.04,4.0,0.0,75.9696,0.49000000000000005,profit
Second Class,Corporate,United States,Warwick,Rhode Island,2886.0,East,Technology,Accessories,252.0,4.0,0.0,93.24,0.37,profit
Second Class,Consumer,United States,Columbus,Ohio,43229.0,East,Office Supplies,Binders,76.776,4.0,0.5,-58.8616,-0.7666666666666667,profit
Standard Class,Consumer,United States,New York City,New York,10009.0,East,Technology,Accessories,498.975,9.0,0.0,97.1946,0.05999999999999999,profit
Standard Class,Corporate,United States,Huntsville,Texas,77340.0,Central,Furniture,Bookcases,498.975,7.0,0.32,-225.0976,-0.23529411764705882,profit
Standard Class,Consumer,United States,Los Angeles,California,90045.0,West,Technology,Accessories,498.975,9.0,0.0,200.8638,0.18,profit
Standard Class,Consumer,United States,San Francisco,California,94122.0,West,Technology,Phones,359.976,3.0,0.2,130.4913,0.3625,profit
First Class,Home Office,United States,San Francisco,California,94122.0,West,Furniture,Furnishings,211.84,8.0,0.0,76.2624,0.36,profit
Standard Class,Corporate,United States,Albuquerque,New Mexico,87105.0,West,Technology,Accessories,498.975,5.0,0.0,95.2,0.16,profit
Standard Class,Corporate,United States,Sparks,Nevada,89431.0,West,Technology,Machines,498.975,9.5,0.2,179.73,0.075,profit
Standard Class,Home Office,United States,Elmhurst,Illinois,60126.0,Central,Office Supplies,Storage,230.376,3.0,0.2,-48.9549,-0.2125,profit
Standard Class,Consumer,United States,Fairfield,Ohio,45014.0,East,Furniture,Tables,273.06,2.0,0.4,-104.673,-0.38333333333333336,profit
First Class,Corporate,United States,Springfield,Virginia,22153.0,South,Office Supplies,Appliances,498.975,3.0,0.0,322.1829,0.39,profit
Standard Class,Consumer,United States,Farmington,New Mexico,87401.0,West,Furniture,Furnishings,498.975,9.0,0.0,114.6285,0.21,profit
Second Class,Consumer,United States,Louisville,Colorado,80027.0,West,Furniture,Tables,145.98,2.0,0.5,-99.2664,-0.68,profit
Standard Class,Consumer,United States,Passaic,New Jersey,7055.0,East,Technology,Phones,345.0,5.0,0.0,86.25,0.25,profit
Standard Class,Consumer,United States,Passaic,New Jersey,7055.0,East,Office Supplies,Appliances,498.975,4.0,0.0,172.3384,0.26,profit
Standard Class,Consumer,United States,Passaic,New Jersey,7055.0,East,Technology,Phones,257.98,2.0,0.0,74.8142,0.29,profit
Standard Class,Consumer,United States,Newport News,Virginia,23602.0,South,Office Supplies,Storage,498.975,4.0,0.0,165.7176,0.29,profit
Standard Class,Consumer,United States,Fayetteville,North Carolina,28314.0,South,Furniture,Bookcases,451.136,4.0,0.2,-67.6704,-0.15,profit
First Class,Consumer,United States,Los Angeles,California,90032.0,West,Office Supplies,Appliances,498.975,4.0,0.0,429.5772,0.39,profit
Second Class,Corporate,United States,Los Angeles,California,90036.0,West,Furniture,Tables,498.975,3.0,0.2,-99.1764,-0.075,profit
Standard Class,Home Office,United States,Seattle,Washington,98105.0,West,Furniture,Tables,498.975,5.0,0.0,250.305,0.22,profit
Second Class,Consumer,United States,New York City,New York,10024.0,East,Technology,Phones,498.975,4.0,0.0,303.3408,0.48,profit
Standard Class,Consumer,United States,Jamestown,New York,14701.0,East,Technology,Phones,498.975,7.0,0.0,1228.1787,0.26999999999999996,profit
Second Class,Consumer,United States,San Francisco,California,94122.0,West,Office Supplies,Supplies,498.975,5.0,0.0,327.506,0.04,profit
Same Day,Consumer,United States,Houston,Texas,77070.0,Central,Office Supplies,Appliances,32.784,4.0,0.5,-85.2384,-2.6,profit
Standard Class,Consumer,United States,Houston,Texas,77095.0,Central,Office Supplies,Envelopes,498.975,9.0,0.2,204.0714,0.3375,profit
Standard Class,Home Office,United States,Oklahoma City,Oklahoma,73120.0,Central,Office Supplies,Appliances,498.975,3.0,0.0,251.8911,0.29,profit
Standard Class,Corporate,United States,Little Rock,Arkansas,72209.0,South,Technology,Accessories,339.96,4.0,0.0,122.3856,0.36,profit
Second Class,Corporate,United States,Philadelphia,Pennsylvania,19120.0,East,Office Supplies,Storage,498.975,6.0,0.2,-337.806,-0.18749999999999997,profit
Second Class,Consumer,United States,Cleveland,Ohio,44105.0,East,Furniture,Chairs,181.986,2.0,0.3,-54.5958,-0.3,profit
Second Class,Consumer,United States,Cleveland,Ohio,44105.0,East,Technology,Phones,431.976,4.0,0.4,-100.7944,-0.23333333333333334,profit
Same Day,Corporate,United States,San Francisco,California,94122.0,West,Furniture,Chairs,498.975,6.0,0.2,-219.1644,-0.1625,profit
Same Day,Corporate,United States,San Francisco,California,94122.0,West,Furniture,Chairs,498.975,3.0,0.2,78.7671,0.11249999999999999,profit
Standard Class,Consumer,United States,Phoenix,Arizona,85023.0,West,Technology,Phones,498.975,5.0,0.2,211.4955,0.11249999999999999,profit
Standard Class,Consumer,United States,Phoenix,Arizona,85023.0,West,Office Supplies,Paper,313.024,8.0,0.2,105.6456,0.3375,profit
Standard Class,Consumer,United States,Henderson,Kentucky,42420.0,South,Furniture,Furnishings,498.975,6.0,0.0,213.6888,0.26,profit
Standard Class,Consumer,United States,Orem,Utah,84057.0,West,Furniture,Bookcases,498.975,7.0,0.0,140.686,0.1,profit
Second Class,Consumer,United States,Bellingham,Washington,98226.0,West,Furniture,Tables,498.975,9.0,0.0,239.9058,0.09,profit
Standard Class,Corporate,United States,New York City,New York,10011.0,East,Office Supplies,Storage,478.08,8.0,0.0,133.8624,0.28,profit
Standard Class,Corporate,United States,Columbus,Georgia,31907.0,South,Office Supplies,Binders,319.9,5.0,0.0,156.751,0.49000000000000005,profit
Standard Class,Corporate,United States,Columbus,Georgia,31907.0,South,Office Supplies,Appliances,498.975,3.0,0.0,290.3016,0.43,profit
Standard Class,Consumer,United States,Wheeling,Illinois,60090.0,Central,Furniture,Tables,498.975,3.0,0.5,-300.735,-0.5,profit
Second Class,Corporate,United States,Summerville,South Carolina,29483.0,South,Office Supplies,Binders,327.84,8.0,0.0,157.3632,0.48000000000000004,profit
Standard Class,Corporate,United States,Columbus,Indiana,47201.0,Central,Office Supplies,Envelopes,180.96,2.0,0.0,81.432,0.45,profit
Standard Class,Corporate,United States,Columbus,Indiana,47201.0,Central,Office Supplies,Binders,498.975,3.0,0.0,411.7365,0.44999999999999996,profit
Standard Class,Corporate,United States,Columbus,Indiana,47201.0,Central,Technology,Phones,498.975,3.0,0.0,158.7519,0.27,profit
Standard Class,Corporate,United States,Columbus,Indiana,47201.0,Central,Office Supplies,Storage,498.975,2.0,0.0,95.4612,0.18,profit
Same Day,Consumer,United States,New York City,New York,10035.0,East,Technology,Machines,498.975,3.0,0.0,364.4595,0.27,profit
Standard Class,Corporate,United States,Arlington,Texas,76017.0,Central,Furniture,Tables,498.975,5.0,0.3,-121.8735,-0.10000000000000002,profit
First Class,Home Office,United States,New York City,New York,10024.0,East,Technology,Copiers,498.975,4.0,0.2,3919.9888,0.35,profit
First Class,Home Office,United States,New York City,New York,10024.0,East,Technology,Phones,498.975,8.0,0.0,647.892,0.27,profit
First Class,Corporate,United States,Springfield,Ohio,45503.0,East,Technology,Machines,498.975,7.0,0.5,-935.9595,-1.4333333333333333,profit
Standard Class,Consumer,United States,New York City,New York,10035.0,East,Furniture,Chairs,498.975,4.0,0.1,143.04,0.16666666666666666,profit
Second Class,Consumer,United States,Tulsa,Oklahoma,74133.0,Central,Furniture,Furnishings,498.975,6.0,0.0,213.6888,0.26,profit
Second Class,Corporate,United States,Provo,Utah,84604.0,West,Office Supplies,Paper,164.88,3.0,0.0,80.7912,0.49000000000000005,profit
Second Class,Corporate,United States,Provo,Utah,84604.0,West,Furniture,Bookcases,498.975,3.0,0.0,77.5764,0.060000000000000005,profit
Standard Class,Corporate,United States,Gilbert,Arizona,85234.0,West,Furniture,Chairs,498.975,4.0,0.2,99.432,0.1125,profit
Standard Class,Corporate,United States,New York City,New York,10035.0,East,Technology,Phones,498.975,9.5,0.0,494.9725,0.25,profit
First Class,Consumer,United States,Memphis,Tennessee,38109.0,South,Furniture,Tables,370.62,3.0,0.4,-142.071,-0.3833333333333333,profit
Second Class,Corporate,United States,Lowell,Massachusetts,1852.0,East,Office Supplies,Paper,166.44,3.0,0.0,79.8912,0.48,profit
Second Class,Corporate,United States,Lowell,Massachusetts,1852.0,East,Furniture,Chairs,498.975,6.0,0.0,212.1876,0.27,profit
Second Class,Corporate,United States,Lowell,Massachusetts,1852.0,East,Office Supplies,Storage,498.975,5.0,0.0,238.653,0.18,profit
Same Day,Consumer,United States,San Diego,California,92024.0,West,Office Supplies,Paper,166.44,3.0,0.0,79.8912,0.48,profit
Standard Class,Home Office,United States,Jackson,Michigan,49201.0,Central,Technology,Accessories,498.975,5.0,0.0,111.591,0.17999999999999997,profit
Standard Class,Home Office,United States,Jackson,Michigan,49201.0,Central,Technology,Machines,350.973,3.0,0.1,152.0883,0.43333333333333335,profit
Standard Class,Consumer,United States,Los Angeles,California,90004.0,West,Office Supplies,Binders,312.552,9.0,0.2,101.5794,0.325,profit
Standard Class,Home Office,United States,Jacksonville,Florida,32216.0,South,Technology,Machines,498.975,6.0,0.5,-1811.0784,-0.08,profit
Standard Class,Home Office,United States,Carlsbad,New Mexico,88220.0,West,Office Supplies,Paper,192.16,4.0,0.0,92.2368,0.48000000000000004,profit
Standard Class,Consumer,United States,Los Angeles,California,90049.0,West,Furniture,Furnishings,227.36,7.0,0.0,81.8496,0.35999999999999993,profit
Standard Class,Consumer,United States,Los Angeles,California,90049.0,West,Technology,Machines,498.975,3.0,0.2,215.9973,0.11249999999999999,profit
Standard Class,Consumer,United States,New York City,New York,10024.0,East,Technology,Phones,377.97,3.0,0.0,109.6113,0.29,profit
Standard Class,Consumer,United States,Philadelphia,Pennsylvania,19120.0,East,Technology,Phones,359.97,5.0,0.4,-71.994,-0.19999999999999998,profit
Standard Class,Consumer,United States,Philadelphia,Pennsylvania,19120.0,East,Furniture,Tables,350.352,4.0,0.4,-140.1408,-0.4000000000000001,profit
First Class,Consumer,United States,Toledo,Ohio,43615.0,East,Technology,Phones,498.975,7.0,0.4,94.4937,0.15000000000000002,profit
Standard Class,Consumer,United States,Seattle,Washington,98105.0,West,Technology,Accessories,498.975,4.0,0.0,343.9828,0.43,profit
Standard Class,Consumer,United States,Newark,Delaware,19711.0,East,Technology,Phones,377.97,3.0,0.0,94.4925,0.25,profit
Second Class,Corporate,United States,San Francisco,California,94122.0,West,Furniture,Furnishings,257.64,6.0,0.0,100.4796,0.39,profit
Standard Class,Consumer,United States,Franklin,Massachusetts,2038.0,East,Furniture,Tables,498.975,3.0,0.3,-130.0104,-0.18571428571428572,profit
Standard Class,Consumer,United States,Seattle,Washington,98115.0,West,Furniture,Chairs,498.975,3.0,0.2,73.194,0.125,profit
Second Class,Consumer,United States,Vacaville,California,95687.0,West,Office Supplies,Storage,423.28,9.5,0.0,110.0528,0.26,profit
Standard Class,Consumer,United States,San Francisco,California,94122.0,West,Technology,Accessories,323.37,3.0,0.0,129.348,0.4,profit
Standard Class,Consumer,United States,San Francisco,California,94122.0,West,Office Supplies,Appliances,498.975,5.0,0.0,419.8185,0.29,profit
Second Class,Consumer,United States,New York City,New York,10035.0,East,Technology,Accessories,239.97,3.0,0.0,71.991,0.3,profit
Standard Class,Home Office,United States,Columbus,Georgia,31907.0,South,Office Supplies,Storage,481.32,4.0,0.0,125.1432,0.26,profit
First Class,Consumer,United States,Philadelphia,Pennsylvania,19134.0,East,Office Supplies,Appliances,498.975,8.0,0.2,312.676,0.16249999999999998,profit
Standard Class,Consumer,United States,Dallas,Texas,75220.0,Central,Office Supplies,Appliances,32.192,2.0,0.5,-80.48,-2.5,profit
Standard Class,Consumer,United States,Detroit,Michigan,48234.0,Central,Technology,Phones,257.98,2.0,0.0,74.8142,0.29,profit
Standard Class,Corporate,United States,Redondo Beach,California,90278.0,West,Technology,Phones,498.975,9.5,0.2,94.0702,0.08750000000000001,profit
First Class,Corporate,United States,Miami,Florida,33180.0,South,Technology,Phones,498.975,5.0,0.2,78.396,0.09999999999999999,profit
Second Class,Home Office,United States,Milwaukee,Wisconsin,53209.0,Central,Office Supplies,Paper,179.82,9.0,0.0,84.5154,0.47000000000000003,profit
Second Class,Home Office,United States,Milwaukee,Wisconsin,53209.0,Central,Furniture,Furnishings,185.58,6.0,0.0,76.0878,0.41,profit
Second Class,Home Office,United States,Milwaukee,Wisconsin,53209.0,Central,Technology,Accessories,498.975,4.0,0.0,229.9908,0.23,profit
Second Class,Home Office,United States,Milwaukee,Wisconsin,53209.0,Central,Furniture,Tables,498.975,3.0,0.0,111.1035,0.17,profit
Standard Class,Home Office,United States,Franklin,Massachusetts,2038.0,East,Office Supplies,Storage,498.975,6.0,0.0,315.7404,0.29000000000000004,profit
Standard Class,Home Office,United States,Houston,Texas,77041.0,Central,Furniture,Bookcases,300.5328,2.0,0.32,-97.2312,-0.3235294117647059,profit
Standard Class,Consumer,United States,Portland,Oregon,97206.0,West,Office Supplies,Storage,443.92,5.0,0.2,-94.333,-0.2125,profit
Standard Class,Home Office,United States,Chesapeake,Virginia,23320.0,South,Furniture,Chairs,498.975,4.0,0.0,284.98,0.25,profit
Second Class,Consumer,United States,Fayetteville,North Carolina,28314.0,South,Office Supplies,Paper,229.544,7.0,0.2,83.2097,0.3625,profit
Standard Class,Home Office,United States,Chicago,Illinois,60653.0,Central,Office Supplies,Binders,498.975,3.0,0.5,-1143.891,-1.5,profit
Standard Class,Corporate,United States,Roswell,Georgia,30076.0,South,Office Supplies,Binders,498.975,3.0,0.0,1264.7559,0.4700000000000001,profit
First Class,Corporate,United States,San Diego,California,92037.0,West,Furniture,Chairs,498.975,4.0,0.2,100.196,0.0625,profit
Standard Class,Consumer,United States,Atlanta,Georgia,30318.0,South,Technology,Phones,377.97,3.0,0.0,98.2722,0.25999999999999995,profit
Standard Class,Consumer,United States,Atlanta,Georgia,30318.0,South,Furniture,Bookcases,498.975,9.0,0.0,374.6286,0.23,profit
Standard Class,Consumer,United States,Atlanta,Georgia,30318.0,South,Office Supplies,Paper,286.93,7.0,0.0,140.5957,0.49,profit
Second Class,Consumer,United States,San Diego,California,92037.0,West,Furniture,Chairs,498.975,7.0,0.2,76.0116,0.075,profit
Standard Class,Home Office,United States,Westfield,New Jersey,7090.0,East,Technology,Accessories,254.97,3.0,0.0,91.7892,0.36,profit
Standard Class,Corporate,United States,Charlotte,North Carolina,28205.0,South,Technology,Copiers,498.975,4.0,0.2,119.996,0.125,profit
Standard Class,Home Office,United States,Columbus,Georgia,31907.0,South,Office Supplies,Paper,184.66,7.0,0.0,84.9436,0.46,profit
Standard Class,Home Office,United States,Seattle,Washington,98115.0,West,Office Supplies,Storage,310.12,2.0,0.0,80.6312,0.26,profit
Second Class,Consumer,United States,Noblesville,Indiana,46060.0,Central,Technology,Phones,263.96,4.0,0.0,71.2692,0.27,profit
Standard Class,Home Office,United States,Burlington,North Carolina,27217.0,South,Office Supplies,Binders,498.975,4.0,0.5,-1306.5504,-0.8,profit
Standard Class,Consumer,United States,Seattle,Washington,98105.0,West,Office Supplies,Paper,248.08,7.0,0.0,116.5976,0.47,profit
Standard Class,Consumer,United States,Seattle,Washington,98105.0,West,Office Supplies,Paper,189.7,5.0,0.0,89.159,0.4700000000000001,profit
Standard Class,Corporate,United States,Milwaukee,Wisconsin,53209.0,Central,Furniture,Chairs,498.975,7.0,0.0,427.4368,0.28,profit
Standard Class,Consumer,United States,Los Angeles,California,90049.0,West,Office Supplies,Storage,305.01,9.0,0.0,76.2525,0.25,profit
Second Class,Consumer,United States,Fayetteville,North Carolina,28314.0,South,Office Supplies,Storage,259.136,4.0,0.2,-51.8272,-0.19999999999999998,profit
Second Class,Consumer,United States,Mount Pleasant,South Carolina,29464.0,South,Furniture,Chairs,498.975,6.0,0.0,87.3504,0.15999999999999998,profit
Second Class,Consumer,United States,Springfield,Oregon,97477.0,West,Furniture,Tables,275.49,1.0,0.5,-170.8038,-0.62,profit
Standard Class,Home Office,United States,Columbus,Georgia,31907.0,South,Office Supplies,Storage,498.975,9.0,0.0,152.118,0.11999999999999998,profit
Standard Class,Consumer,United States,Detroit,Michigan,48227.0,Central,Office Supplies,Binders,498.975,4.0,0.0,421.0824,0.47000000000000003,profit
Standard Class,Consumer,United States,Philadelphia,Pennsylvania,19120.0,East,Technology,Machines,206.991,3.0,0.5,-172.4925,-0.8333333333333333,profit
First Class,Consumer,United States,New York City,New York,10009.0,East,Office Supplies,Appliances,498.975,5.0,0.0,253.372,0.28,profit
First Class,Consumer,United States,Murray,Kentucky,42071.0,South,Furniture,Furnishings,191.82,3.0,0.0,74.8098,0.39,profit
Standard Class,Home Office,United States,Louisville,Colorado,80027.0,West,Technology,Machines,498.975,5.0,0.5,-3399.98,-1.3333333333333333,profit
Standard Class,Home Office,United States,New York City,New York,10035.0,East,Furniture,Tables,344.22,2.0,0.4,-103.266,-0.3,profit
Standard Class,Home Office,United States,Pharr,Texas,78577.0,Central,Office Supplies,Storage,498.975,8.0,0.2,-172.7328,-0.2375,profit
Standard Class,Consumer,United States,Chesapeake,Virginia,23320.0,South,Furniture,Chairs,498.975,5.0,0.0,80.784,0.16000000000000003,profit
Same Day,Home Office,United States,Long Beach,California,90805.0,West,Furniture,Chairs,498.975,8.0,0.2,256.784,0.125,profit
Second Class,Consumer,United States,Troy,Ohio,45373.0,East,Technology,Phones,498.975,5.0,0.4,-255.7425,-0.25,profit
First Class,Home Office,United States,Columbus,Georgia,31907.0,South,Technology,Accessories,360.0,4.0,0.0,129.6,0.36,profit
Second Class,Home Office,United States,Detroit,Michigan,48227.0,Central,Technology,Phones,498.975,2.0,0.0,134.654,0.26,profit
Standard Class,Corporate,United States,Chicago,Illinois,60623.0,Central,Technology,Copiers,498.975,5.0,0.2,874.9875,0.3125,profit
Second Class,Home Office,United States,Albuquerque,New Mexico,87105.0,West,Technology,Accessories,214.95,5.0,0.0,88.1295,0.41,profit
Second Class,Home Office,United States,Albuquerque,New Mexico,87105.0,West,Office Supplies,Paper,288.24,6.0,0.0,138.3552,0.48,profit
Same Day,Home Office,United States,Toledo,Ohio,43615.0,East,Office Supplies,Appliances,498.975,4.0,0.2,82.992,0.125,profit
Standard Class,Corporate,United States,Newark,Delaware,19711.0,East,Office Supplies,Storage,498.975,7.0,0.0,792.2691,0.27,profit
Standard Class,Home Office,United States,Dallas,Texas,75217.0,Central,Furniture,Chairs,498.975,2.0,0.3,-140.196,-0.14285714285714285,profit
Standard Class,Home Office,United States,Louisville,Kentucky,40214.0,South,Technology,Phones,498.975,3.0,0.0,134.9925,0.25,profit
Standard Class,Consumer,United States,Houston,Texas,77070.0,Central,Office Supplies,Binders,252.784,4.0,0.5,-417.0936,-1.65,profit
Second Class,Home Office,United States,Henderson,Kentucky,42420.0,South,Technology,Phones,498.975,7.0,0.0,188.1404,0.28,profit
Standard Class,Consumer,United States,Newark,Delaware,19711.0,East,Office Supplies,Binders,447.86,7.0,0.0,219.4514,0.49,profit
Standard Class,Consumer,United States,Newark,Delaware,19711.0,East,Technology,Phones,479.95,5.0,0.0,129.5865,0.27,profit
Standard Class,Consumer,United States,Newark,Delaware,19711.0,East,Office Supplies,Paper,166.44,3.0,0.0,79.8912,0.48,profit
Standard Class,Corporate,United States,Fort Worth,Texas,76106.0,Central,Furniture,Bookcases,220.2656,4.0,0.32,-42.1096,-0.19117647058823528,profit
Standard Class,Consumer,United States,Seattle,Washington,98105.0,West,Furniture,Chairs,498.975,6.0,0.2,-39.9528,-0.07500000000000001,profit
First Class,Corporate,United States,Lakeland,Florida,33801.0,South,Furniture,Chairs,498.975,5.0,0.2,-182.637,-0.16249999999999998,profit
First Class,Corporate,United States,Lakeland,Florida,33801.0,South,Office Supplies,Binders,78.6,5.0,0.5,-62.88,-0.8,profit
Standard Class,Consumer,United States,Philadelphia,Pennsylvania,19134.0,East,Technology,Phones,258.528,2.0,0.4,-47.3968,-0.18333333333333332,profit
Standard Class,Home Office,United States,Dallas,Texas,75081.0,Central,Office Supplies,Binders,30.56,5.0,0.5,-45.84,-1.5000000000000002,profit
First Class,Consumer,United States,New York City,New York,10035.0,East,Office Supplies,Appliances,206.43,3.0,0.0,90.8292,0.44,profit
Same Day,Corporate,United States,San Antonio,Texas,78207.0,Central,Office Supplies,Binders,210.392,2.0,0.5,-336.6272,-1.6,profit
Second Class,Corporate,United States,Seattle,Washington,98105.0,West,Furniture,Chairs,498.975,4.0,0.2,108.3528,0.1125,profit
First Class,Consumer,United States,Newark,Ohio,43055.0,East,Technology,Accessories,498.975,6.0,0.2,607.608,0.3,profit
First Class,Consumer,United States,Newark,Ohio,43055.0,East,Technology,Machines,498.975,2.0,0.5,-2639.9912,-1.4666666666666668,profit
Standard Class,Corporate,United States,Maple Grove,Minnesota,55369.0,Central,Office Supplies,Binders,498.975,2.0,0.0,331.191,0.44999999999999996,profit
Standard Class,Corporate,United States,New York City,New York,10009.0,East,Furniture,Tables,284.364,2.0,0.4,-75.8304,-0.26666666666666666,profit
Standard Class,Consumer,United States,Fort Collins,Colorado,80525.0,West,Furniture,Bookcases,180.588,2.0,0.5,-240.784,-1.3333333333333333,profit
Second Class,Corporate,United States,Columbia,Maryland,21044.0,East,Technology,Accessories,498.975,3.0,0.0,355.4466,0.43,profit
Second Class,Corporate,United States,Columbia,Maryland,21044.0,East,Office Supplies,Storage,498.975,9.0,0.0,473.6106,0.29,profit
Second Class,Corporate,United States,Columbia,Maryland,21044.0,East,Office Supplies,Storage,498.975,3.0,0.0,157.8702,0.29000000000000004,profit
First Class,Corporate,United States,Houston,Texas,77041.0,Central,Office Supplies,Binders,26.046,3.0,0.5,-44.2782,-1.7,profit
Standard Class,Corporate,United States,Fresno,California,93727.0,West,Technology,Accessories,349.95,5.0,0.0,118.983,0.34,profit
Standard Class,Corporate,United States,Fresno,California,93727.0,West,Technology,Phones,377.928,9.0,0.2,141.723,0.37500000000000006,profit
Standard Class,Corporate,United States,New York City,New York,10024.0,East,Office Supplies,Binders,498.975,3.0,0.2,314.2719,0.3375,profit
Standard Class,Corporate,United States,New York City,New York,10024.0,East,Technology,Phones,430.88,2.0,0.0,124.9552,0.29000000000000004,profit
First Class,Corporate,United States,Tempe,Arizona,85281.0,West,Technology,Phones,318.4,2.0,0.2,107.46,0.3375,profit
Standard Class,Consumer,United States,Houston,Texas,77095.0,Central,Office Supplies,Binders,26.046,3.0,0.5,-44.2782,-1.7,profit
Standard Class,Corporate,United States,Houston,Texas,77095.0,Central,Furniture,Chairs,318.43,5.0,0.3,-77.333,-0.24285714285714285,profit
First Class,Corporate,United States,San Francisco,California,94109.0,West,Office Supplies,Paper,498.975,7.0,0.0,352.296,0.48,profit
First Class,Corporate,United States,San Francisco,California,94109.0,West,Office Supplies,Appliances,241.44,3.0,0.0,72.432,0.3,profit
Standard Class,Home Office,United States,Los Angeles,California,90032.0,West,Technology,Copiers,498.975,6.0,0.2,1049.985,0.31249999999999994,profit
Second Class,Corporate,United States,Alexandria,Virginia,22304.0,South,Office Supplies,Supplies,498.975,5.0,0.0,83.281,0.02,profit
Standard Class,Consumer,United States,Fairfield,Ohio,45014.0,East,Office Supplies,Binders,63.924,7.0,0.5,-46.8776,-0.7333333333333334,profit
First Class,Consumer,United States,Dallas,Texas,75081.0,Central,Office Supplies,Binders,30.96,8.0,0.5,-52.632,-1.7,profit
First Class,Home Office,United States,New York City,New York,10035.0,East,Technology,Machines,498.975,9.5,0.0,767.2005,0.45,profit
Same Day,Corporate,United States,San Francisco,California,94122.0,West,Technology,Machines,498.975,3.0,0.2,215.9973,0.11249999999999999,profit
Standard Class,Consumer,United States,Philadelphia,Pennsylvania,19140.0,East,Office Supplies,Binders,50.997,1.0,0.5,-40.7976,-0.8,profit
Standard Class,Consumer,United States,Philadelphia,Pennsylvania,19140.0,East,Technology,Phones,498.975,6.0,0.4,-107.9928,-0.19999999999999998,profit
Standard Class,Consumer,United States,New York City,New York,10035.0,East,Office Supplies,Binders,232.4,5.0,0.2,78.435,0.3375,profit
Second Class,Corporate,United States,Round Rock,Texas,78664.0,Central,Furniture,Furnishings,341.96,5.0,0.5,-427.45,-1.25,profit
Standard Class,Consumer,United States,Columbia,Tennessee,38401.0,South,Furniture,Chairs,498.975,3.0,0.2,74.574,0.1125,profit
Standard Class,Consumer,United States,Houston,Texas,77095.0,Central,Office Supplies,Binders,498.975,5.0,0.5,-1480.0335,-1.65,profit
Standard Class,Consumer,United States,Houston,Texas,77095.0,Central,Office Supplies,Paper,262.336,8.0,0.2,95.0968,0.3625,profit
Standard Class,Corporate,United States,Bristol,Connecticut,6010.0,East,Technology,Phones,359.98,2.0,0.0,93.5948,0.26,profit
Same Day,Consumer,United States,Norman,Oklahoma,73071.0,Central,Technology,Accessories,498.975,5.0,0.0,244.6155,0.19,profit
Second Class,Consumer,United States,New York City,New York,10035.0,East,Technology,Phones,498.975,5.0,0.0,539.925,0.3,profit
Standard Class,Home Office,United States,Seattle,Washington,98103.0,West,Technology,Phones,219.168,2.0,0.2,-43.8336,-0.19999999999999998,profit
Standard Class,Home Office,United States,Indianapolis,Indiana,46203.0,Central,Office Supplies,Binders,169.99,1.0,0.0,78.1954,0.46,profit
Standard Class,Corporate,United States,Richmond,Kentucky,40475.0,South,Office Supplies,Paper,498.975,6.0,0.0,301.968,0.48000000000000004,profit
Standard Class,Consumer,United States,Houston,Texas,77095.0,Central,Furniture,Furnishings,65.424,4.0,0.5,-52.3392,-0.7999999999999999,profit
Standard Class,Corporate,United States,San Francisco,California,94122.0,West,Office Supplies,Binders,271.984,2.0,0.2,88.3948,0.325,profit
Standard Class,Consumer,United States,Los Angeles,California,90004.0,West,Office Supplies,Appliances,262.24,2.0,0.0,78.672,0.3,profit
Standard Class,Consumer,United States,Los Angeles,California,90004.0,West,Office Supplies,Paper,182.72,8.0,0.0,84.0512,0.45999999999999996,profit
Standard Class,Home Office,United States,Dubuque,Iowa,52001.0,Central,Furniture,Chairs,498.975,9.5,0.0,394.268,0.27999999999999997,profit
Second Class,Home Office,United States,Lancaster,Ohio,43130.0,East,Furniture,Tables,215.148,2.0,0.4,-103.9882,-0.4833333333333334,profit
Same Day,Consumer,United States,Dallas,Texas,75217.0,Central,Furniture,Tables,251.006,2.0,0.3,-68.1302,-0.27142857142857146,profit
Standard Class,Corporate,United States,New York City,New York,10011.0,East,Office Supplies,Appliances,498.975,7.0,0.0,626.185,0.25,profit
First Class,Consumer,United States,Philadelphia,Pennsylvania,19143.0,East,Office Supplies,Binders,498.975,2.0,0.5,-412.6154,-0.7666666666666667,profit
Second Class,Consumer,United States,Perth Amboy,New Jersey,8861.0,East,Office Supplies,Art,286.79,7.0,0.0,74.5654,0.25999999999999995,profit
Standard Class,Corporate,United States,Revere,Massachusetts,2151.0,East,Furniture,Bookcases,361.96,2.0,0.0,83.2508,0.23,profit
Standard Class,Corporate,United States,Revere,Massachusetts,2151.0,East,Office Supplies,Paper,278.82,9.0,0.0,125.469,0.45,profit
Standard Class,Corporate,United States,San Francisco,California,94110.0,West,Furniture,Tables,498.975,6.0,0.2,-195.4788,-0.1375,profit
First Class,Corporate,United States,Springfield,Virginia,22153.0,South,Technology,Phones,498.975,5.0,0.0,168.1855,0.29,profit
First Class,Corporate,United States,Springfield,Virginia,22153.0,South,Furniture,Tables,498.975,3.0,0.0,300.735,0.25,profit
Standard Class,Consumer,United States,Carol Stream,Illinois,60188.0,Central,Furniture,Chairs,382.116,6.0,0.3,-92.7996,-0.24285714285714285,profit
Standard Class,Corporate,United States,Saint Cloud,Minnesota,56301.0,Central,Technology,Accessories,498.975,5.0,0.0,275.478,0.42000000000000004,profit
Standard Class,Corporate,United States,Saint Cloud,Minnesota,56301.0,Central,Furniture,Chairs,498.975,4.0,0.0,181.176,0.3,profit
Standard Class,Home Office,United States,Los Angeles,California,90036.0,West,Office Supplies,Appliances,487.92,6.0,0.0,136.6176,0.28,profit
Standard Class,Consumer,United States,Mobile,Alabama,36608.0,South,Technology,Accessories,209.97,3.0,0.0,71.3898,0.33999999999999997,profit
Second Class,Home Office,United States,New York City,New York,10009.0,East,Office Supplies,Storage,498.975,4.0,0.0,117.0104,0.13,profit
Standard Class,Consumer,United States,Plano,Texas,75023.0,Central,Technology,Machines,418.8,2.0,0.4,-97.72,-0.23333333333333334,profit
Standard Class,Consumer,United States,Plano,Texas,75023.0,Central,Office Supplies,Storage,498.975,7.0,0.2,-127.372,-0.25,profit
First Class,Corporate,United States,Chicago,Illinois,60653.0,Central,Furniture,Bookcases,498.975,9.0,0.3,-117.882,-0.14285714285714288,profit
First Class,Home Office,United States,Aurora,Illinois,60505.0,Central,Furniture,Tables,498.975,7.0,0.5,-525.6405,-0.66,profit
Second Class,Corporate,United States,Des Moines,Iowa,50315.0,Central,Technology,Phones,404.94,3.0,0.0,109.3338,0.27,profit
Second Class,Home Office,United States,Jackson,Mississippi,39212.0,South,Technology,Accessories,498.975,3.0,0.0,257.9871,0.43,profit
Standard Class,Consumer,United States,Los Angeles,California,90049.0,West,Technology,Machines,287.968,4.0,0.2,97.1892,0.33749999999999997,profit
Second Class,Consumer,United States,College Station,Texas,77840.0,Central,Office Supplies,Appliances,29.312,8.0,0.5,-74.7456,-2.55,profit
Second Class,Consumer,United States,Los Angeles,California,90036.0,West,Office Supplies,Storage,330.4,2.0,0.0,85.904,0.26,profit
Standard Class,Consumer,United States,San Francisco,California,94122.0,West,Technology,Accessories,439.8,4.0,0.0,145.134,0.32999999999999996,profit
Standard Class,Home Office,United States,Independence,Missouri,64055.0,Central,Office Supplies,Binders,498.975,3.0,0.0,757.4112,0.48,profit
Same Day,Home Office,United States,Seattle,Washington,98105.0,West,Technology,Machines,498.975,6.0,0.2,209.58,0.08750000000000001,profit
Same Day,Home Office,United States,Seattle,Washington,98105.0,West,Technology,Accessories,498.975,4.0,0.0,742.632,0.44,profit
Standard Class,Consumer,United States,Jackson,Mississippi,39212.0,South,Furniture,Tables,498.975,8.0,0.0,388.8128,0.16,profit
Standard Class,Corporate,United States,Jackson,Michigan,49201.0,Central,Furniture,Tables,498.975,2.0,0.0,200.49,0.25,profit
Standard Class,Home Office,United States,Lancaster,Ohio,43130.0,East,Technology,Phones,498.975,3.0,0.4,-253.4337,-0.21666666666666667,profit
Standard Class,Home Office,United States,Richmond,Kentucky,40475.0,South,Office Supplies,Storage,498.975,9.5,0.0,375.4296,0.26,profit
Second Class,Consumer,United States,New York City,New York,10024.0,East,Office Supplies,Storage,465.18,3.0,0.0,120.9468,0.26,profit
Standard Class,Consumer,United States,Philadelphia,Pennsylvania,19143.0,East,Furniture,Chairs,498.975,5.0,0.3,-93.99,-0.14285714285714285,profit
Standard Class,Home Office,United States,Columbia,Maryland,21044.0,East,Office Supplies,Paper,277.4,5.0,0.0,133.152,0.48,profit
First Class,Corporate,United States,San Antonio,Texas,78207.0,Central,Furniture,Tables,498.975,6.0,0.3,-71.8116,-0.1,profit
Standard Class,Consumer,United States,Los Angeles,California,90004.0,West,Office Supplies,Binders,487.984,2.0,0.2,152.495,0.3125,profit
Standard Class,Consumer,United States,Seattle,Washington,98103.0,West,Office Supplies,Binders,498.975,7.0,0.2,643.9825,0.31249999999999994,profit
Standard Class,Home Office,United States,Springfield,Ohio,45503.0,East,Office Supplies,Binders,69.888,7.0,0.5,-46.592,-0.6666666666666666,profit
Second Class,Consumer,United States,Los Angeles,California,90008.0,West,Office Supplies,Binders,487.984,2.0,0.2,152.495,0.3125,profit
Standard Class,Consumer,United States,Lawrence,Indiana,46226.0,Central,Office Supplies,Appliances,498.975,9.0,0.0,166.0698,0.25999999999999995,profit
Second Class,Home Office,United States,Jackson,Michigan,49201.0,Central,Technology,Phones,377.97,3.0,0.0,94.4925,0.25,profit
Standard Class,Home Office,United States,Quincy,Massachusetts,2169.0,East,Technology,Accessories,258.9,9.5,0.0,93.204,0.36,profit
Standard Class,Home Office,United States,Troy,Ohio,45373.0,East,Office Supplies,Binders,121.104,6.0,0.5,-100.92,-0.8333333333333334,profit
Standard Class,Consumer,United States,Clinton,Maryland,20735.0,East,Technology,Machines,464.97,3.0,0.0,209.2365,0.45,profit
Second Class,Corporate,United States,Denver,Colorado,80219.0,West,Technology,Machines,59.994,2.0,0.5,-45.9954,-0.7666666666666666,profit
Second Class,Corporate,United States,Denver,Colorado,80219.0,West,Technology,Copiers,439.992,1.0,0.2,164.997,0.375,profit
Standard Class,Corporate,United States,Springfield,Virginia,22153.0,South,Office Supplies,Binders,232.96,7.0,0.0,116.48,0.5,profit
Standard Class,Corporate,United States,Decatur,Alabama,35601.0,South,Technology,Copiers,498.975,3.0,0.0,314.9895,0.35000000000000003,profit
Standard Class,Corporate,United States,Mesquite,Texas,75150.0,Central,Office Supplies,Appliances,34.176,3.0,0.5,-87.1488,-2.55,profit
First Class,Corporate,United States,Los Angeles,California,90045.0,West,Office Supplies,Paper,204.95,5.0,0.0,100.4255,0.49000000000000005,profit
Standard Class,Consumer,United States,Columbus,Georgia,31907.0,South,Technology,Accessories,249.95,5.0,0.0,107.4785,0.43,profit
Standard Class,Corporate,United States,Phoenix,Arizona,85023.0,West,Office Supplies,Binders,498.975,5.0,0.5,-459.9875,-0.8333333333333334,profit
Standard Class,Consumer,United States,Newark,Delaware,19711.0,East,Office Supplies,Storage,360.38,2.0,0.0,93.6988,0.26,profit
Standard Class,Corporate,United States,Clinton,Maryland,20735.0,East,Technology,Phones,498.975,1.0,0.0,129.9974,0.26,profit
Standard Class,Corporate,United States,Clinton,Maryland,20735.0,East,Technology,Phones,498.975,7.0,0.0,327.5818,0.25999999999999995,profit
Second Class,Consumer,United States,Columbus,Georgia,31907.0,South,Furniture,Chairs,368.97,3.0,0.0,81.1734,0.21999999999999997,profit
Second Class,Corporate,United States,Inglewood,California,90301.0,West,Furniture,Furnishings,198.46,2.0,0.0,99.23,0.5,profit
Second Class,Corporate,United States,Inglewood,California,90301.0,West,Office Supplies,Appliances,321.92,4.0,0.0,96.576,0.3,profit
Second Class,Corporate,United States,Inglewood,California,90301.0,West,Technology,Copiers,498.975,2.0,0.2,329.994,0.375,profit
Second Class,Corporate,United States,Inglewood,California,90301.0,West,Office Supplies,Binders,498.975,2.0,0.2,294.5488,0.35000000000000003,profit
First Class,Corporate,United States,Odessa,Texas,79762.0,Central,Furniture,Chairs,498.975,5.0,0.3,-56.343,-0.10000000000000002,profit
Second Class,Corporate,United States,Hialeah,Florida,33012.0,South,Furniture,Chairs,498.975,9.0,0.2,101.3832,0.1,profit
Standard Class,Consumer,United States,San Francisco,California,94122.0,West,Furniture,Tables,498.975,6.0,0.2,-325.572,-0.1625,profit
Second Class,Consumer,United States,Miami,Florida,33180.0,South,Technology,Accessories,383.976,3.0,0.2,81.5949,0.2125,profit
Standard Class,Home Office,United States,Chula Vista,California,91911.0,West,Furniture,Furnishings,498.975,6.0,0.0,106.5408,0.16,profit
Second Class,Consumer,United States,Memphis,Tennessee,38109.0,South,Office Supplies,Storage,498.975,4.0,0.2,-63.0056,-0.08750000000000001,profit
Standard Class,Corporate,United States,Los Angeles,California,90045.0,West,Office Supplies,Storage,498.975,7.0,0.0,282.2092,0.26,profit
First Class,Consumer,United States,Miami,Florida,33178.0,South,Office Supplies,Paper,251.64,3.0,0.2,88.074,0.35000000000000003,profit
First Class,Corporate,United States,Greensboro,North Carolina,27405.0,South,Furniture,Tables,498.975,3.0,0.4,-192.0468,-0.36666666666666664,profit
First Class,Corporate,United States,Greensboro,North Carolina,27405.0,South,Technology,Phones,498.975,5.0,0.2,118.9965,0.0875,profit
Standard Class,Corporate,United States,Plantation,Florida,33317.0,South,Furniture,Chairs,498.975,5.0,0.2,-72.039,-0.1375,profit
Standard Class,Consumer,United States,Mobile,Alabama,36608.0,South,Furniture,Tables,498.975,2.0,0.0,200.49,0.25,profit
Standard Class,Consumer,United States,Mobile,Alabama,36608.0,South,Furniture,Chairs,498.975,7.0,0.0,306.4894,0.29000000000000004,profit
Standard Class,Consumer,United States,New York City,New York,10011.0,East,Office Supplies,Storage,498.975,6.0,0.0,257.712,0.25999999999999995,profit
Standard Class,Consumer,United States,New York City,New York,10011.0,East,Technology,Copiers,498.975,2.0,0.2,329.994,0.375,profit
Standard Class,Corporate,United States,Detroit,Michigan,48234.0,Central,Furniture,Chairs,498.975,5.0,0.0,423.0085,0.29,profit
Standard Class,Corporate,United States,Detroit,Michigan,48234.0,Central,Furniture,Chairs,476.8,2.0,0.0,119.2,0.25,profit
Same Day,Corporate,United States,Columbus,Ohio,43229.0,East,Technology,Phones,498.975,5.0,0.4,-209.994,-0.19999999999999998,profit
Standard Class,Consumer,United States,North Las Vegas,Nevada,89031.0,West,Technology,Phones,498.975,2.0,0.2,113.998,0.125,profit
Standard Class,Consumer,United States,North Las Vegas,Nevada,89031.0,West,Furniture,Chairs,498.975,3.0,0.2,-109.5822,-0.1625,profit
First Class,Consumer,United States,Fayetteville,Arkansas,72701.0,South,Office Supplies,Binders,498.975,4.0,0.0,318.3016,0.45999999999999996,profit
First Class,Consumer,United States,Rockford,Illinois,61107.0,Central,Office Supplies,Binders,33.568,8.0,0.5,-53.7088,-1.6,profit
Same Day,Consumer,United States,Thornton,Colorado,80229.0,West,Technology,Accessories,447.944,7.0,0.2,89.5888,0.2,profit
Standard Class,Home Office,United States,Chicago,Illinois,60653.0,Central,Furniture,Tables,480.96,3.0,0.5,-269.3376,-0.56,profit
Standard Class,Consumer,United States,Champaign,Illinois,61821.0,Central,Furniture,Furnishings,151.96,5.0,0.5,-182.352,-1.2,profit
Second Class,Consumer,United States,Johnson City,Tennessee,37604.0,South,Office Supplies,Binders,86.058,7.0,0.5,-63.1092,-0.7333333333333333,profit
Standard Class,Consumer,United States,Roswell,Georgia,30076.0,South,Office Supplies,Storage,356.94,2.0,0.0,107.082,0.3,profit
Standard Class,Corporate,United States,Los Angeles,California,90036.0,West,Technology,Accessories,498.975,2.0,0.0,217.767,0.33,profit
Standard Class,Corporate,United States,Los Angeles,California,90036.0,West,Furniture,Chairs,498.975,6.0,0.2,210.594,0.125,profit
Standard Class,Corporate,United States,Los Angeles,California,90036.0,West,Technology,Accessories,498.975,8.0,0.0,190.3728,0.34,profit
Second Class,Home Office,United States,Los Angeles,California,90045.0,West,Office Supplies,Storage,270.34,9.5,0.0,75.6952,0.28,profit
Standard Class,Home Office,United States,Philadelphia,Pennsylvania,19143.0,East,Furniture,Furnishings,498.975,4.0,0.2,-68.392,-0.125,profit
Standard Class,Home Office,United States,Philadelphia,Pennsylvania,19143.0,East,Furniture,Bookcases,352.45,5.0,0.5,-211.47,-0.6,profit
Standard Class,Consumer,United States,Phoenix,Arizona,85023.0,West,Furniture,Tables,498.975,5.0,0.5,-448.896,-0.56,profit
Standard Class,Consumer,United States,Phoenix,Arizona,85023.0,West,Furniture,Chairs,311.976,3.0,0.2,-42.8967,-0.1375,profit
Same Day,Consumer,United States,Greenwood,Indiana,46142.0,Central,Furniture,Chairs,498.975,5.0,0.0,356.225,0.25,profit
Standard Class,Consumer,United States,New York City,New York,10009.0,East,Furniture,Furnishings,414.0,8.0,0.0,124.2,0.3,profit
Second Class,Consumer,United States,Los Angeles,California,90045.0,West,Technology,Copiers,498.975,5.0,0.2,944.9865,0.33749999999999997,profit
Standard Class,Home Office,United States,Plainfield,New Jersey,7060.0,East,Office Supplies,Storage,498.975,4.0,0.0,621.9744,0.24,profit
Standard Class,Consumer,United States,Lancaster,Pennsylvania,17602.0,East,Office Supplies,Supplies,286.344,3.0,0.2,-64.4274,-0.22500000000000003,profit
Standard Class,Consumer,United States,Kenosha,Wisconsin,53142.0,Central,Furniture,Bookcases,498.975,3.0,0.0,97.4586,0.18999999999999997,profit
Standard Class,Consumer,United States,Kenosha,Wisconsin,53142.0,Central,Furniture,Chairs,498.975,7.0,0.0,189.4046,0.22,profit
Standard Class,Consumer,United States,Kenosha,Wisconsin,53142.0,Central,Technology,Phones,498.975,5.0,0.0,223.2855,0.29,profit
Standard Class,Consumer,United States,Kenosha,Wisconsin,53142.0,Central,Furniture,Furnishings,373.08,6.0,0.0,82.0776,0.22000000000000003,profit
Standard Class,Consumer,United States,San Antonio,Texas,78207.0,Central,Furniture,Tables,498.975,3.0,0.3,-127.5792,-0.2,profit
Standard Class,Consumer,United States,Los Angeles,California,90036.0,West,Furniture,Furnishings,474.43,9.5,0.0,199.2606,0.42000000000000004,profit
Standard Class,Consumer,United States,Atlanta,Georgia,30318.0,South,Office Supplies,Appliances,498.975,3.0,0.0,152.0232,0.27999999999999997,profit
Standard Class,Consumer,United States,Atlanta,Georgia,30318.0,South,Office Supplies,Paper,193.8,5.0,0.0,94.962,0.49,profit
Standard Class,Consumer,United States,Lafayette,Louisiana,70506.0,South,Technology,Machines,479.97,3.0,0.0,239.985,0.5,profit
Same Day,Corporate,United States,Lorain,Ohio,44052.0,East,Technology,Accessories,383.952,6.0,0.2,76.7904,0.2,profit
Standard Class,Corporate,United States,San Francisco,California,94110.0,West,Technology,Machines,498.975,6.0,0.2,287.982,0.37500000000000006,profit
Standard Class,Corporate,United States,San Francisco,California,94110.0,West,Office Supplies,Labels,274.77,9.0,0.0,126.3942,0.46,profit
Standard Class,Consumer,United States,Chicago,Illinois,60653.0,Central,Office Supplies,Appliances,23.992,2.0,0.5,-62.3792,-2.5999999999999996,profit
First Class,Corporate,United States,New York City,New York,10035.0,East,Technology,Accessories,498.975,9.5,0.0,191.968,0.32,profit
Standard Class,Corporate,United States,Philadelphia,Pennsylvania,19134.0,East,Furniture,Tables,409.272,2.0,0.4,-81.8544,-0.2,profit
Standard Class,Corporate,United States,Philadelphia,Pennsylvania,19134.0,East,Office Supplies,Storage,498.975,6.0,0.2,-337.806,-0.18749999999999997,profit
Standard Class,Corporate,United States,Charlotte,North Carolina,28205.0,South,Technology,Phones,498.975,9.0,0.2,110.1195,0.1125,profit
First Class,Consumer,United States,Dallas,Texas,75081.0,Central,Furniture,Bookcases,156.3728,2.0,0.32,-52.8908,-0.338235294117647,profit
Second Class,Home Office,United States,Indianapolis,Indiana,46203.0,Central,Technology,Copiers,498.975,2.0,0.0,449.991,0.44999999999999996,profit
First Class,Home Office,United States,Broken Arrow,Oklahoma,74012.0,Central,Technology,Phones,498.975,6.0,0.0,213.7044,0.25999999999999995,profit
Standard Class,Corporate,United States,Decatur,Illinois,62521.0,Central,Office Supplies,Binders,182.994,3.0,0.5,-320.2395,-1.7500000000000002,profit
Standard Class,Consumer,United States,Jonesboro,Arkansas,72401.0,South,Furniture,Bookcases,498.975,9.0,0.0,172.4814,0.27,profit
First Class,Consumer,United States,Akron,Ohio,44312.0,East,Office Supplies,Storage,221.024,2.0,0.2,-55.256,-0.25,profit
Standard Class,Consumer,United States,Florence,Kentucky,41042.0,South,Technology,Machines,498.975,7.0,0.0,1416.8,0.45999999999999996,profit
Standard Class,Consumer,United States,Florence,Kentucky,41042.0,South,Technology,Phones,498.975,3.0,0.0,170.5113,0.29,profit
Standard Class,Consumer,United States,Minneapolis,Minnesota,55407.0,Central,Office Supplies,Binders,498.975,5.0,0.0,4630.4755,0.48999999999999994,profit
First Class,Consumer,United States,Seattle,Washington,98105.0,West,Office Supplies,Binders,498.975,5.0,0.2,381.2375,0.3125,profit
Standard Class,Consumer,United States,Charlotte,North Carolina,28205.0,South,Technology,Machines,498.975,3.0,0.5,-944.9946,-0.36,profit
Standard Class,Consumer,United States,Chesapeake,Virginia,23320.0,South,Technology,Machines,209.97,3.0,0.0,90.2871,0.43,profit
Standard Class,Home Office,United States,Los Angeles,California,90036.0,West,Office Supplies,Storage,498.975,7.0,0.0,204.7682,0.13,profit
Standard Class,Consumer,United States,Austin,Texas,78745.0,Central,Office Supplies,Storage,259.136,4.0,0.2,-58.3056,-0.22499999999999998,profit
Standard Class,Consumer,United States,New York City,New York,10035.0,East,Technology,Phones,498.975,3.0,0.0,134.9925,0.25,profit
Standard Class,Consumer,United States,Dover,New Hampshire,3820.0,East,Office Supplies,Binders,498.975,3.0,0.0,315.8118,0.47,profit
First Class,Consumer,United States,Pasadena,California,91104.0,West,Furniture,Chairs,433.568,2.0,0.2,-65.0352,-0.15000000000000002,profit
Standard Class,Corporate,United States,Columbia,South Carolina,29203.0,South,Technology,Phones,498.975,5.0,0.0,163.787,0.26,profit
Standard Class,Home Office,United States,New York City,New York,10035.0,East,Technology,Accessories,319.96,4.0,0.0,115.1856,0.36,profit
Standard Class,Consumer,United States,Newark,Delaware,19711.0,East,Technology,Copiers,498.975,3.0,0.0,5039.9856,0.48000000000000004,profit
Standard Class,Corporate,United States,Boise,Idaho,83704.0,West,Furniture,Tables,498.975,2.0,0.0,160.1766,0.23000000000000004,profit
Standard Class,Consumer,United States,Philadelphia,Pennsylvania,19134.0,East,Office Supplies,Appliances,394.816,4.0,0.2,93.7688,0.23750000000000002,profit
Same Day,Home Office,United States,New York City,New York,10024.0,East,Technology,Copiers,498.975,2.0,0.2,249.995,0.3125,profit
Same Day,Home Office,United States,New York City,New York,10024.0,East,Office Supplies,Paper,184.66,7.0,0.0,84.9436,0.46,profit
Second Class,Consumer,United States,Cranston,Rhode Island,2920.0,East,Furniture,Chairs,498.975,5.0,0.0,481.47,0.3,profit
Second Class,Consumer,United States,Cranston,Rhode Island,2920.0,East,Furniture,Tables,385.686,1.0,0.3,-60.6078,-0.15714285714285714,profit
First Class,Corporate,United States,San Francisco,California,94110.0,West,Furniture,Bookcases,482.664,8.0,0.15,85.176,0.17647058823529413,profit
First Class,Corporate,United States,San Francisco,California,94110.0,West,Technology,Machines,498.975,2.0,0.2,359.9988,0.075,profit
Second Class,Consumer,United States,Seattle,Washington,98103.0,West,Technology,Machines,385.8,5.0,0.2,130.2075,0.3375,profit
Standard Class,Corporate,United States,Chicago,Illinois,60623.0,Central,Furniture,Furnishings,94.428,3.0,0.5,-42.4926,-0.45000000000000007,profit
Standard Class,Corporate,United States,Dallas,Texas,75220.0,Central,Furniture,Furnishings,332.028,9.0,0.5,-348.6294,-1.0499999999999998,profit
Standard Class,Corporate,United States,Grand Rapids,Michigan,49505.0,Central,Office Supplies,Paper,209.7,2.0,0.0,100.656,0.48000000000000004,profit
Standard Class,Home Office,United States,Baltimore,Maryland,21215.0,East,Furniture,Furnishings,498.975,5.0,0.0,272.792,0.25999999999999995,profit
Second Class,Consumer,United States,Fairfield,Connecticut,6824.0,East,Furniture,Chairs,498.975,4.0,0.0,150.384,0.19999999999999998,profit
Same Day,Corporate,United States,New York City,New York,10011.0,East,Furniture,Chairs,498.975,7.0,0.1,177.4206,0.2,profit
First Class,Consumer,United States,Freeport,Illinois,61032.0,Central,Office Supplies,Binders,96.784,4.0,0.5,-145.176,-1.4999999999999998,profit
Standard Class,Consumer,United States,Houston,Texas,77036.0,Central,Furniture,Tables,498.975,8.0,0.3,-160.2952,-0.1857142857142857,profit
Standard Class,Consumer,United States,Houston,Texas,77036.0,Central,Furniture,Bookcases,498.975,7.0,0.32,-225.0976,-0.23529411764705882,profit
Second Class,Consumer,United States,Seattle,Washington,98115.0,West,Furniture,Tables,498.975,4.0,0.0,148.138,0.17,profit
Standard Class,Corporate,United States,Jackson,Tennessee,38301.0,South,Furniture,Furnishings,498.975,9.5,0.2,190.4298,0.275,profit
Second Class,Corporate,United States,Baltimore,Maryland,21215.0,East,Furniture,Furnishings,207.76,4.0,0.0,85.1816,0.41000000000000003,profit
Standard Class,Corporate,United States,Dallas,Texas,75220.0,Central,Office Supplies,Appliances,48.632,2.0,0.5,-121.58,-2.5,profit
Standard Class,Corporate,United States,Lakewood,New Jersey,8701.0,East,Technology,Machines,498.975,7.0,0.0,2365.9818,0.26,profit
First Class,Consumer,United States,Indianapolis,Indiana,46203.0,Central,Office Supplies,Binders,498.975,3.0,0.0,496.7865,0.44999999999999996,profit
Second Class,Corporate,United States,Port Arthur,Texas,77642.0,Central,Furniture,Bookcases,246.1328,2.0,0.32,-76.0116,-0.3088235294117647,profit
Second Class,Corporate,United States,Port Arthur,Texas,77642.0,Central,Technology,Copiers,439.992,1.0,0.2,164.997,0.375,profit
Standard Class,Corporate,United States,Houston,Texas,77095.0,Central,Office Supplies,Binders,33.28,5.0,0.5,-49.92,-1.5,profit
Standard Class,Corporate,United States,Redmond,Oregon,97756.0,West,Furniture,Tables,177.225,5.0,0.5,-120.513,-0.68,profit
Second Class,Consumer,United States,Tallahassee,Florida,32303.0,South,Technology,Phones,498.975,9.5,0.2,327.5922,0.075,profit
Standard Class,Consumer,United States,Los Angeles,California,90045.0,West,Furniture,Tables,498.975,4.0,0.2,-64.5444,-0.1125,profit
Standard Class,Consumer,United States,Los Angeles,California,90045.0,West,Technology,Machines,447.968,4.0,0.2,139.99,0.3125,profit
Standard Class,Consumer,United States,San Francisco,California,94110.0,West,Office Supplies,Envelopes,167.86,2.0,0.0,78.8942,0.47,profit
Standard Class,Consumer,United States,Akron,Ohio,44312.0,East,Technology,Phones,323.982,3.0,0.4,-80.9955,-0.25,profit
Standard Class,Consumer,United States,Arlington,Virginia,22204.0,South,Office Supplies,Storage,498.975,3.0,0.0,157.8702,0.29000000000000004,profit
First Class,Consumer,United States,San Francisco,California,94110.0,West,Technology,Phones,498.975,6.0,0.2,-131.5008,-0.19999999999999998,profit
First Class,Consumer,United States,San Francisco,California,94110.0,West,Technology,Accessories,199.96,4.0,0.0,85.9828,0.43,profit
Standard Class,Consumer,United States,New Rochelle,New York,10801.0,East,Furniture,Chairs,498.975,2.0,0.1,140.396,0.22222222222222218,profit
Second Class,Consumer,United States,Mesa,Arizona,85204.0,West,Office Supplies,Storage,415.872,8.0,0.2,-41.5872,-0.1,profit
Second Class,Consumer,United States,Clarksville,Tennessee,37042.0,South,Office Supplies,Binders,498.975,7.0,0.5,-1065.372,-0.6666666666666667,profit
Same Day,Consumer,United States,Aurora,Illinois,60505.0,Central,Furniture,Furnishings,77.72,1.0,0.5,-66.062,-0.85,profit
Second Class,Consumer,United States,Fargo,North Dakota,58103.0,Central,Office Supplies,Storage,498.975,4.0,0.0,162.0948,0.22999999999999998,profit
Standard Class,Home Office,United States,San Gabriel,California,91776.0,West,Office Supplies,Appliances,270.72,3.0,0.0,78.5088,0.2899999999999999,profit
Standard Class,Home Office,United States,San Gabriel,California,91776.0,West,Furniture,Chairs,498.975,5.0,0.2,148.704,0.1,profit
Standard Class,Consumer,United States,Highland Park,Illinois,60035.0,Central,Furniture,Bookcases,384.944,4.0,0.3,-126.4816,-0.32857142857142857,profit
Standard Class,Consumer,United States,Highland Park,Illinois,60035.0,Central,Furniture,Bookcases,498.975,5.0,0.3,-52.196,-0.05714285714285714,profit
First Class,Consumer,United States,New York City,New York,10035.0,East,Technology,Phones,498.975,3.0,0.0,327.5922,0.26,profit
Standard Class,Consumer,United States,Philadelphia,Pennsylvania,19120.0,East,Furniture,Chairs,172.186,2.0,0.3,-46.7362,-0.2714285714285714,profit
Same Day,Consumer,United States,Columbia,Maryland,21044.0,East,Office Supplies,Envelopes,199.9,5.0,0.0,89.955,0.44999999999999996,profit
Same Day,Consumer,United States,Columbia,Maryland,21044.0,East,Office Supplies,Appliances,498.975,3.0,0.0,297.6435,0.33,profit
Same Day,Consumer,United States,Columbia,Maryland,21044.0,East,Furniture,Furnishings,498.975,5.0,0.0,252.59,0.26,profit
Standard Class,Corporate,United States,Columbus,Indiana,47201.0,Central,Office Supplies,Paper,314.55,3.0,0.0,150.984,0.48000000000000004,profit
First Class,Consumer,United States,New York City,New York,10024.0,East,Technology,Phones,498.975,3.0,0.0,160.6722,0.26,profit
Standard Class,Corporate,United States,Lawrence,Massachusetts,1841.0,East,Office Supplies,Binders,387.99,1.0,0.0,182.3553,0.47,profit
Standard Class,Consumer,United States,San Francisco,California,94122.0,West,Technology,Phones,498.975,2.0,0.2,71.99,0.125,profit
Second Class,Consumer,United States,Detroit,Michigan,48205.0,Central,Office Supplies,Binders,478.24,8.0,0.0,219.9904,0.45999999999999996,profit
First Class,Corporate,United States,Sandy Springs,Georgia,30328.0,South,Furniture,Bookcases,302.94,3.0,0.0,75.735,0.25,profit
Standard Class,Consumer,United States,Tulsa,Oklahoma,74133.0,Central,Furniture,Chairs,498.975,6.0,0.0,523.7052,0.29,profit
Second Class,Consumer,United States,Henderson,Kentucky,42420.0,South,Furniture,Tables,498.975,3.0,0.0,160.1586,0.19,profit
Standard Class,Consumer,United States,Chicago,Illinois,60653.0,Central,Office Supplies,Appliances,26.406,3.0,0.5,-71.2962,-2.7,profit
Standard Class,Consumer,United States,Westland,Michigan,48185.0,Central,Office Supplies,Storage,498.975,5.0,0.0,135.219,0.13999999999999999,profit
Standard Class,Consumer,United States,Los Angeles,California,90032.0,West,Office Supplies,Envelopes,186.69,3.0,0.0,87.7443,0.47,profit
First Class,Consumer,United States,San Francisco,California,94109.0,West,Furniture,Bookcases,498.975,5.0,0.15,225.735,0.17647058823529413,profit
Standard Class,Consumer,United States,San Jose,California,95123.0,West,Office Supplies,Paper,244.55,5.0,0.0,114.9385,0.47,profit
Standard Class,Consumer,United States,Denver,Colorado,80219.0,West,Office Supplies,Supplies,498.975,2.0,0.2,-299.8116,-0.22499999999999998,profit
First Class,Home Office,United States,Aurora,Colorado,80013.0,West,Office Supplies,Binders,76.776,4.0,0.5,-58.8616,-0.7666666666666667,profit
Standard Class,Consumer,United States,New York City,New York,10035.0,East,Office Supplies,Envelopes,167.96,2.0,0.0,78.9412,0.47,profit
Same Day,Home Office,United States,Mentor,Ohio,44060.0,East,Furniture,Tables,344.22,2.0,0.4,-189.321,-0.5499999999999999,profit
Standard Class,Consumer,United States,Los Angeles,California,90049.0,West,Office Supplies,Paper,314.55,3.0,0.0,150.984,0.48000000000000004,profit
Second Class,Consumer,United States,Columbus,Ohio,43229.0,East,Technology,Copiers,498.975,2.0,0.4,109.998,0.16666666666666666,profit
Second Class,Consumer,United States,Columbus,Ohio,43229.0,East,Furniture,Chairs,498.975,6.0,0.3,-51.984,-0.05714285714285714,profit
Standard Class,Consumer,United States,Los Angeles,California,90032.0,West,Furniture,Bookcases,498.975,9.0,0.15,75.5937,0.08235294117647059,profit
Standard Class,Consumer,United States,Philadelphia,Pennsylvania,19140.0,East,Office Supplies,Binders,498.975,4.0,0.5,-462.8624,-0.7333333333333333,profit
Standard Class,Home Office,United States,Los Angeles,California,90045.0,West,Office Supplies,Appliances,361.96,2.0,0.0,101.3488,0.28,profit
First Class,Consumer,United States,Phoenix,Arizona,85023.0,West,Office Supplies,Binders,54.792,6.0,0.5,-40.1808,-0.7333333333333333,profit
Second Class,Consumer,United States,Hampton,Virginia,23666.0,South,Furniture,Chairs,290.98,1.0,0.0,75.6548,0.25999999999999995,profit
Standard Class,Corporate,United States,Jacksonville,Florida,32216.0,South,Office Supplies,Storage,498.975,8.0,0.2,84.22,0.0625,profit
First Class,Consumer,United States,New York City,New York,10009.0,East,Furniture,Chairs,408.006,2.0,0.1,72.5344,0.1777777777777778,profit
First Class,Consumer,United States,Oklahoma City,Oklahoma,73120.0,Central,Office Supplies,Envelopes,325.86,2.0,0.0,149.8956,0.45999999999999996,profit
Second Class,Corporate,United States,Los Angeles,California,90049.0,West,Office Supplies,Envelopes,271.44,3.0,0.0,122.148,0.45,profit
Standard Class,Home Office,United States,Miramar,Florida,33023.0,South,Furniture,Chairs,419.136,4.0,0.2,-57.6312,-0.13749999999999998,profit
Standard Class,Home Office,United States,Los Angeles,California,90036.0,West,Technology,Copiers,479.984,2.0,0.2,89.997,0.1875,profit
Standard Class,Home Office,United States,Jackson,Michigan,49201.0,Central,Technology,Phones,498.975,7.0,0.0,184.2204,0.28,profit
Standard Class,Corporate,United States,Hattiesburg,Mississippi,39401.0,South,Technology,Accessories,239.7,6.0,0.0,105.468,0.44000000000000006,profit
Second Class,Home Office,United States,Danville,California,94526.0,West,Office Supplies,Binders,498.975,6.0,0.2,206.6232,0.35000000000000003,profit
Standard Class,Consumer,United States,Rochester,New York,14609.0,East,Office Supplies,Storage,498.975,3.0,0.0,160.623,0.3,profit
Standard Class,Home Office,United States,Houston,Texas,77070.0,Central,Office Supplies,Appliances,62.79,3.0,0.5,-166.3935,-2.65,profit
Standard Class,Home Office,United States,Everett,Massachusetts,2149.0,East,Technology,Phones,498.975,2.0,0.0,147.475,0.25,profit
Standard Class,Home Office,United States,Everett,Massachusetts,2149.0,East,Furniture,Chairs,498.975,3.0,0.0,141.1644,0.25999999999999995,profit
First Class,Home Office,United States,Los Angeles,California,90049.0,West,Technology,Copiers,498.975,6.0,0.2,1007.9832,0.35,profit
Standard Class,Consumer,United States,Newport News,Virginia,23602.0,South,Technology,Copiers,498.975,8.0,0.0,751.9624,0.47,profit
Standard Class,Corporate,United States,Seattle,Washington,98103.0,West,Office Supplies,Paper,440.19,9.0,0.0,206.8893,0.47,profit
Standard Class,Home Office,United States,San Francisco,California,94110.0,West,Office Supplies,Paper,244.55,5.0,0.0,114.9385,0.47,profit
Standard Class,Home Office,United States,San Francisco,California,94110.0,West,Office Supplies,Paper,195.76,4.0,0.0,97.88,0.5,profit
Standard Class,Corporate,United States,Fort Worth,Texas,76106.0,Central,Furniture,Bookcases,498.975,7.0,0.32,-119.1918,-0.1911764705882353,profit
Standard Class,Corporate,United States,Fort Worth,Texas,76106.0,Central,Office Supplies,Storage,498.975,5.0,0.2,-57.951,-0.07500000000000001,profit
Standard Class,Consumer,United States,Detroit,Michigan,48205.0,Central,Office Supplies,Appliances,283.14,4.0,0.1,72.358,0.2555555555555556,profit
Standard Class,Consumer,United States,Detroit,Michigan,48205.0,Central,Technology,Phones,498.975,4.0,0.0,165.3496,0.26,profit
Same Day,Consumer,United States,Raleigh,North Carolina,27604.0,South,Technology,Phones,498.975,9.0,0.2,86.3928,0.09999999999999999,profit
Standard Class,Corporate,United States,Philadelphia,Pennsylvania,19120.0,East,Furniture,Tables,241.92,4.0,0.4,-56.448,-0.23333333333333334,profit
Standard Class,Corporate,United States,Philadelphia,Pennsylvania,19120.0,East,Furniture,Bookcases,163.88,4.0,0.5,-81.94,-0.5,profit
Standard Class,Consumer,United States,Richmond,Indiana,47374.0,Central,Technology,Phones,440.91,9.0,0.0,123.4548,0.27999999999999997,profit
First Class,Consumer,United States,Tucson,Arizona,85705.0,West,Furniture,Chairs,242.352,3.0,0.2,-42.4116,-0.175,profit
First Class,Consumer,United States,Tucson,Arizona,85705.0,West,Office Supplies,Paper,221.92,5.0,0.2,77.672,0.35000000000000003,profit
Same Day,Consumer,United States,Detroit,Michigan,48205.0,Central,Furniture,Chairs,498.975,9.0,0.0,136.665,0.25,profit
First Class,Consumer,United States,Los Angeles,California,90049.0,West,Office Supplies,Binders,498.975,5.0,0.2,302.373,0.3375,profit
Standard Class,Consumer,United States,Huntsville,Texas,77340.0,Central,Furniture,Furnishings,56.568,2.0,0.5,-74.9526,-1.3250000000000002,profit
Second Class,Home Office,United States,Seattle,Washington,98115.0,West,Furniture,Tables,498.975,2.0,0.0,88.7332,0.16999999999999998,profit
Second Class,Consumer,United States,Aurora,Illinois,60505.0,Central,Furniture,Tables,268.935,3.0,0.5,-209.7693,-0.7799999999999999,profit
Second Class,Consumer,United States,San Diego,California,92105.0,West,Office Supplies,Paper,212.64,6.0,0.0,99.9408,0.47000000000000003,profit
Standard Class,Corporate,United States,New York City,New York,10035.0,East,Furniture,Chairs,498.975,3.0,0.1,146.388,0.22222222222222224,profit
Standard Class,Home Office,United States,Danville,Illinois,61832.0,Central,Office Supplies,Binders,43.372,7.0,0.5,-69.3952,-1.6,profit
Standard Class,Consumer,United States,New York City,New York,10009.0,East,Technology,Phones,498.975,4.0,0.0,219.5088,0.27999999999999997,profit
Standard Class,Consumer,United States,Chula Vista,California,91911.0,West,Office Supplies,Envelopes,182.94,3.0,0.0,85.9818,0.47000000000000003,profit
Second Class,Consumer,United States,Avondale,Arizona,85323.0,West,Technology,Phones,498.975,8.0,0.2,83.5128,0.1125,profit
Standard Class,Consumer,United States,Wichita,Kansas,67212.0,Central,Office Supplies,Paper,279.9,5.0,0.0,137.151,0.4900000000000001,profit
Standard Class,Consumer,United States,Colorado Springs,Colorado,80906.0,West,Furniture,Bookcases,69.576,4.0,0.5,-143.7904,-2.066666666666667,profit
Standard Class,Consumer,United States,Colorado Springs,Colorado,80906.0,West,Furniture,Tables,364.95,5.0,0.5,-248.166,-0.68,profit
Standard Class,Corporate,United States,Jacksonville,Florida,32216.0,South,Office Supplies,Binders,57.582,3.0,0.5,-44.1462,-0.7666666666666666,profit
First Class,Consumer,United States,Eau Claire,Wisconsin,54703.0,Central,Office Supplies,Paper,195.64,4.0,0.0,91.9508,0.47000000000000003,profit
First Class,Consumer,United States,Eau Claire,Wisconsin,54703.0,Central,Technology,Phones,239.9,2.0,0.0,71.97,0.3,profit
Second Class,Consumer,United States,Philadelphia,Pennsylvania,19134.0,East,Technology,Copiers,498.975,4.0,0.4,179.9964,0.15,profit
Standard Class,Consumer,United States,Philadelphia,Pennsylvania,19134.0,East,Office Supplies,Storage,227.136,4.0,0.2,-42.588,-0.1875,profit
Standard Class,Consumer,United States,San Antonio,Texas,78207.0,Central,Office Supplies,Appliances,463.248,8.0,0.5,-1181.2824,-2.5500000000000003,profit
Standard Class,Consumer,United States,Memphis,Tennessee,38109.0,South,Office Supplies,Storage,243.92,5.0,0.2,-54.882,-0.225,profit
Standard Class,Consumer,United States,Pasco,Washington,99301.0,West,Furniture,Chairs,498.975,5.0,0.2,121.99,0.125,profit
Standard Class,Consumer,United States,Pasco,Washington,99301.0,West,Office Supplies,Art,303.84,8.0,0.0,91.152,0.30000000000000004,profit
Standard Class,Consumer,United States,Los Angeles,California,90004.0,West,Furniture,Furnishings,464.85,9.0,0.0,92.97,0.19999999999999998,profit
Standard Class,Corporate,United States,Morristown,New Jersey,7960.0,East,Office Supplies,Binders,498.975,2.0,0.0,843.1706,0.47000000000000003,profit
Second Class,Home Office,United States,Austin,Texas,78745.0,Central,Technology,Phones,498.975,6.0,0.2,265.4232,0.35000000000000003,profit
Standard Class,Consumer,United States,Seattle,Washington,98103.0,West,Furniture,Chairs,498.975,6.0,0.2,150.294,0.0625,profit
Standard Class,Consumer,United States,Seattle,Washington,98103.0,West,Office Supplies,Binders,498.975,9.5,0.2,190.0206,0.3375,profit
Standard Class,Corporate,United States,Lancaster,Pennsylvania,17602.0,East,Office Supplies,Paper,229.544,7.0,0.2,83.2097,0.3625,profit
Standard Class,Consumer,United States,Houston,Texas,77095.0,Central,Office Supplies,Appliances,18.32,5.0,0.5,-46.716,-2.55,profit
Second Class,Corporate,United States,Henderson,Kentucky,42420.0,South,Furniture,Chairs,498.975,4.0,0.0,292.776,0.30000000000000004,profit
Second Class,Corporate,United States,Henderson,Kentucky,42420.0,South,Technology,Accessories,498.975,9.0,0.0,517.4793,0.23,profit
Second Class,Corporate,United States,Marietta,Georgia,30062.0,South,Office Supplies,Storage,498.975,6.0,0.0,315.825,0.25,profit
Standard Class,Corporate,United States,Anaheim,California,92804.0,West,Office Supplies,Storage,481.32,4.0,0.0,125.1432,0.26,profit
Second Class,Home Office,United States,Huntsville,Alabama,35810.0,South,Office Supplies,Paper,498.975,6.0,0.0,301.968,0.48000000000000004,profit
Standard Class,Consumer,United States,Chicago,Illinois,60623.0,Central,Furniture,Tables,91.275,1.0,0.5,-67.5435,-0.7399999999999999,profit
Standard Class,Home Office,United States,Fairfield,Connecticut,6824.0,East,Furniture,Chairs,498.975,3.0,0.0,251.202,0.28,profit
Standard Class,Consumer,United States,San Francisco,California,94109.0,West,Office Supplies,Storage,498.975,5.0,0.0,238.653,0.18,profit
Standard Class,Consumer,United States,Wilmington,Delaware,19805.0,East,Furniture,Chairs,498.975,9.0,0.0,266.4522,0.21000000000000002,profit
Standard Class,Consumer,United States,Wilmington,Delaware,19805.0,East,Furniture,Bookcases,283.92,4.0,0.0,82.3368,0.29,profit
Second Class,Home Office,United States,Providence,Rhode Island,2908.0,East,Technology,Accessories,199.98,2.0,0.0,83.9916,0.42000000000000004,profit
Second Class,Corporate,United States,Jacksonville,Florida,32216.0,South,Technology,Accessories,498.975,9.0,0.2,152.388,0.2125,profit
First Class,Consumer,United States,New York City,New York,10024.0,East,Technology,Phones,498.975,6.0,0.0,224.4426,0.29,profit
Standard Class,Home Office,United States,Colorado Springs,Colorado,80906.0,West,Furniture,Chairs,498.975,6.0,0.2,149.148,0.1125,profit
Standard Class,Home Office,United States,San Francisco,California,94110.0,West,Technology,Phones,498.975,4.0,0.2,77.5584,0.1125,profit
Standard Class,Corporate,United States,Chicago,Illinois,60653.0,Central,Office Supplies,Binders,498.975,5.0,0.5,-2929.4845,-1.55,profit
Same Day,Home Office,United States,Newport News,Virginia,23602.0,South,Office Supplies,Paper,191.6,4.0,0.0,91.968,0.48000000000000004,profit
Second Class,Corporate,United States,Richmond,Indiana,47374.0,Central,Office Supplies,Storage,498.975,5.0,0.0,207.147,0.29,profit
Standard Class,Home Office,United States,New York City,New York,10035.0,East,Technology,Machines,498.975,2.0,0.0,1114.512,0.48,profit
Standard Class,Corporate,United States,Philadelphia,Pennsylvania,19134.0,East,Technology,Phones,498.975,6.0,0.4,-131.994,-0.16666666666666666,profit
First Class,Corporate,United States,Phoenix,Arizona,85023.0,West,Furniture,Bookcases,209.979,7.0,0.5,-356.9643,-1.6999999999999997,profit
Standard Class,Home Office,United States,Cleveland,Ohio,44105.0,East,Technology,Phones,210.564,6.0,0.4,-52.641,-0.25,profit
Standard Class,Consumer,United States,Toledo,Ohio,43615.0,East,Technology,Phones,498.975,4.0,0.4,-250.396,-0.16666666666666666,profit
First Class,Consumer,United States,Los Angeles,California,90008.0,West,Technology,Accessories,498.975,3.0,0.0,146.7693,0.18999999999999997,profit
Standard Class,Consumer,United States,San Diego,California,92037.0,West,Technology,Accessories,498.975,3.0,0.0,146.7693,0.18999999999999997,profit
Standard Class,Consumer,United States,Oklahoma City,Oklahoma,73120.0,Central,Technology,Phones,461.97,3.0,0.0,133.9713,0.29000000000000004,profit
Standard Class,Consumer,United States,Oklahoma City,Oklahoma,73120.0,Central,Furniture,Chairs,302.67,3.0,0.0,72.6408,0.24,profit
Standard Class,Corporate,United States,Seattle,Washington,98115.0,West,Furniture,Tables,498.975,3.0,0.0,111.1035,0.17,profit
Second Class,Consumer,United States,Naperville,Illinois,60540.0,Central,Technology,Accessories,239.96,5.0,0.2,83.986,0.35000000000000003,profit
First Class,Corporate,United States,Wilmington,Delaware,19805.0,East,Technology,Phones,498.975,2.0,0.0,193.32,0.27,profit
First Class,Corporate,United States,Wilmington,Delaware,19805.0,East,Office Supplies,Binders,221.06,7.0,0.0,103.8982,0.47000000000000003,profit
Second Class,Consumer,United States,Los Angeles,California,90036.0,West,Furniture,Furnishings,467.46,9.0,0.0,191.6586,0.41000000000000003,profit
Second Class,Consumer,United States,Los Angeles,California,90036.0,West,Office Supplies,Storage,498.975,4.0,0.0,187.3976,0.26,profit
Same Day,Consumer,United States,Atlanta,Georgia,30318.0,South,Office Supplies,Paper,195.64,4.0,0.0,91.9508,0.47000000000000003,profit
Second Class,Consumer,United States,Dallas,Texas,75217.0,Central,Technology,Accessories,398.4,5.0,0.2,84.66,0.2125,profit
Second Class,Consumer,United States,Dallas,Texas,75217.0,Central,Furniture,Bookcases,498.975,9.0,0.32,-437.5404,-0.32352941176470584,profit
Standard Class,Consumer,United States,Philadelphia,Pennsylvania,19140.0,East,Office Supplies,Binders,99.846,9.0,0.5,-83.205,-0.8333333333333333,profit
Second Class,Consumer,United States,Georgetown,Kentucky,40324.0,South,Technology,Phones,498.975,2.0,0.0,195.9944,0.28,profit
Standard Class,Consumer,United States,Minneapolis,Minnesota,55407.0,Central,Technology,Phones,377.97,3.0,0.0,105.8316,0.27999999999999997,profit
First Class,Consumer,United States,Wilmington,Delaware,19805.0,East,Technology,Phones,391.98,2.0,0.0,113.6742,0.29,profit
Standard Class,Consumer,United States,Burlington,North Carolina,27217.0,South,Technology,Accessories,383.976,3.0,0.2,81.5949,0.2125,profit
Standard Class,Consumer,United States,Burlington,North Carolina,27217.0,South,Furniture,Tables,498.975,7.0,0.4,-653.2834,-0.3666666666666667,profit
Standard Class,Home Office,United States,Trenton,Michigan,48183.0,Central,Technology,Copiers,498.975,1.0,0.0,274.995,0.5,profit
Standard Class,Home Office,United States,Trenton,Michigan,48183.0,Central,Technology,Phones,299.98,2.0,0.0,83.9944,0.27999999999999997,profit
Second Class,Consumer,United States,Houston,Texas,77070.0,Central,Furniture,Tables,498.975,5.0,0.3,-95.67,-0.12857142857142856,profit
Second Class,Consumer,United States,Houston,Texas,77070.0,Central,Furniture,Tables,401.59,2.0,0.3,-131.951,-0.32857142857142857,profit
Standard Class,Corporate,United States,Philadelphia,Pennsylvania,19120.0,East,Technology,Phones,466.158,7.0,0.4,-93.2316,-0.19999999999999998,profit
Standard Class,Consumer,United States,Chicago,Illinois,60610.0,Central,Furniture,Tables,214.95,5.0,0.5,-120.372,-0.56,profit
Standard Class,Consumer,United States,Oceanside,New York,11572.0,East,Technology,Machines,498.975,7.0,0.0,296.0671,0.47000000000000003,profit
Same Day,Consumer,United States,New York City,New York,10009.0,East,Furniture,Tables,464.292,9.0,0.4,-108.3348,-0.23333333333333334,profit
Same Day,Consumer,United States,New York City,New York,10009.0,East,Technology,Machines,498.975,4.0,0.0,1371.9804,0.49,profit
Same Day,Consumer,United States,New York City,New York,10009.0,East,Office Supplies,Appliances,498.975,2.0,0.0,198.429,0.33,profit
Same Day,Consumer,United States,New York City,New York,10009.0,East,Technology,Phones,287.97,3.0,0.0,80.6316,0.27999999999999997,profit
Standard Class,Consumer,United States,New York City,New York,10009.0,East,Furniture,Chairs,498.975,6.0,0.1,292.776,0.22222222222222224,profit
Standard Class,Home Office,United States,Chandler,Arizona,85224.0,West,Furniture,Chairs,498.975,3.0,0.2,105.297,0.125,profit
Same Day,Consumer,United States,Long Beach,New York,11561.0,East,Technology,Phones,498.975,3.0,0.0,352.3065,0.29000000000000004,profit
Second Class,Home Office,United States,Chicago,Illinois,60653.0,Central,Technology,Phones,498.975,2.0,0.2,125.198,0.125,profit
Second Class,Home Office,United States,Chicago,Illinois,60653.0,Central,Furniture,Chairs,498.975,3.0,0.3,-178.8468,-0.3142857142857143,profit
Standard Class,Corporate,United States,Seattle,Washington,98103.0,West,Furniture,Bookcases,498.975,8.0,0.0,259.8896,0.19,profit
Standard Class,Consumer,United States,Midland,Michigan,48640.0,Central,Furniture,Chairs,498.975,3.0,0.0,112.788,0.19999999999999998,profit
Standard Class,Consumer,United States,Midland,Michigan,48640.0,Central,Office Supplies,Storage,498.975,3.0,0.0,160.623,0.3,profit
Second Class,Corporate,United States,Detroit,Michigan,48205.0,Central,Furniture,Chairs,498.975,5.0,0.0,700.98,0.2,profit
Second Class,Corporate,United States,Detroit,Michigan,48205.0,Central,Office Supplies,Paper,314.55,3.0,0.0,150.984,0.48000000000000004,profit
Standard Class,Consumer,United States,Waco,Texas,76706.0,Central,Furniture,Bookcases,328.3992,3.0,0.32,-91.7586,-0.27941176470588236,profit
Standard Class,Consumer,United States,Jacksonville,Florida,32216.0,South,Office Supplies,Storage,498.975,6.0,0.2,-337.806,-0.18749999999999997,profit
Standard Class,Home Office,United States,Philadelphia,Pennsylvania,19140.0,East,Technology,Phones,498.975,8.0,0.4,-162.2296,-0.21666666666666667,profit
Standard Class,Consumer,United States,Columbus,Indiana,47201.0,Central,Furniture,Chairs,498.975,7.0,0.0,394.212,0.26,profit
Standard Class,Consumer,United States,Kent,Washington,98031.0,West,Office Supplies,Envelopes,158.13,3.0,0.0,77.4837,0.49,profit
Standard Class,Consumer,United States,Round Rock,Texas,78664.0,Central,Office Supplies,Supplies,498.975,3.0,0.2,-786.0144,-0.2,profit
Standard Class,Corporate,United States,Newark,Delaware,19711.0,East,Office Supplies,Storage,465.18,3.0,0.0,120.9468,0.26,profit
Same Day,Consumer,United States,Detroit,Michigan,48205.0,Central,Furniture,Chairs,498.26,7.0,0.0,134.5302,0.27,profit
Second Class,Home Office,United States,Springfield,Missouri,65807.0,Central,Office Supplies,Appliances,498.975,7.0,0.0,197.9208,0.28,profit
Second Class,Consumer,United States,Los Angeles,California,90036.0,West,Office Supplies,Paper,166.44,3.0,0.0,79.8912,0.48,profit
Standard Class,Consumer,United States,New York City,New York,10011.0,East,Furniture,Bookcases,353.568,2.0,0.2,-44.196,-0.125,profit
Standard Class,Corporate,United States,Texarkana,Arkansas,71854.0,South,Furniture,Chairs,498.975,6.0,0.0,145.2816,0.24,profit
Standard Class,Consumer,United States,Frankfort,Illinois,60423.0,Central,Office Supplies,Appliances,20.768,8.0,0.5,-52.9584,-2.55,profit
First Class,Corporate,United States,Seattle,Washington,98103.0,West,Office Supplies,Paper,167.94,3.0,0.0,82.2906,0.49,profit
Same Day,Consumer,United States,San Francisco,California,94110.0,West,Office Supplies,Appliances,406.6,5.0,0.0,113.848,0.27999999999999997,profit
Second Class,Consumer,United States,Burlington,Vermont,5408.0,East,Furniture,Chairs,498.975,3.0,0.0,178.8,0.25,profit
First Class,Consumer,United States,Louisville,Colorado,80027.0,West,Furniture,Bookcases,89.991,3.0,0.5,-152.9847,-1.7,profit
Standard Class,Home Office,United States,San Francisco,California,94122.0,West,Office Supplies,Paper,163.96,4.0,0.0,80.3404,0.49,profit
Standard Class,Consumer,United States,Yonkers,New York,10701.0,East,Technology,Phones,498.975,8.0,0.0,135.98,0.25,profit
Standard Class,Corporate,United States,Springfield,Virginia,22153.0,South,Furniture,Tables,498.975,9.5,0.0,386.835,0.16999999999999998,profit
Standard Class,Corporate,United States,Springfield,Virginia,22153.0,South,Technology,Accessories,498.975,6.0,0.0,653.301,0.33,profit
Standard Class,Corporate,United States,Oceanside,New York,11572.0,East,Office Supplies,Storage,296.37,3.0,0.0,80.0199,0.27,profit
First Class,Consumer,United States,Houston,Texas,77095.0,Central,Furniture,Chairs,191.058,3.0,0.3,-46.3998,-0.24285714285714285,profit
First Class,Consumer,United States,Houston,Texas,77095.0,Central,Office Supplies,Binders,498.975,6.0,0.5,-2287.782,-1.5,profit
First Class,Home Office,United States,Knoxville,Tennessee,37918.0,South,Furniture,Tables,498.975,7.0,0.4,-1002.7836,-0.43333333333333335,profit
Standard Class,Corporate,United States,Scottsdale,Arizona,85254.0,West,Office Supplies,Paper,307.776,7.0,0.2,111.5688,0.3625,profit
Second Class,Consumer,United States,Los Angeles,California,90045.0,West,Office Supplies,Storage,498.975,4.0,0.0,210.4936,0.29,profit
Standard Class,Corporate,United States,Oak Park,Michigan,48237.0,Central,Furniture,Furnishings,273.96,2.0,0.0,71.2296,0.26000000000000006,profit
Standard Class,Corporate,United States,Oak Park,Michigan,48237.0,Central,Furniture,Furnishings,306.9,3.0,0.0,79.794,0.26,profit
Standard Class,Corporate,United States,Houston,Texas,77041.0,Central,Furniture,Tables,347.361,7.0,0.3,-69.4722,-0.2,profit
First Class,Corporate,United States,Philadelphia,Pennsylvania,19134.0,East,Office Supplies,Envelopes,348.488,7.0,0.2,117.6147,0.3375,profit
Standard Class,Consumer,United States,Philadelphia,Pennsylvania,19143.0,East,Technology,Phones,498.975,9.5,0.4,72.7888,0.1333333333333333,profit
Standard Class,Corporate,United States,Wilmington,Delaware,19805.0,East,Office Supplies,Binders,213.08,7.0,0.0,102.2784,0.48,profit
Standard Class,Corporate,United States,Wilmington,Delaware,19805.0,East,Furniture,Bookcases,498.975,6.0,0.0,235.9524,0.22999999999999998,profit
Standard Class,Consumer,United States,Chicago,Illinois,60653.0,Central,Office Supplies,Appliances,73.176,6.0,0.5,-197.5752,-2.6999999999999997,profit
Second Class,Consumer,United States,Philadelphia,Pennsylvania,19134.0,East,Technology,Phones,280.782,3.0,0.4,-60.8361,-0.21666666666666667,profit
First Class,Consumer,United States,Los Angeles,California,90045.0,West,Technology,Accessories,498.975,5.0,0.0,659.98,0.4,profit
Standard Class,Home Office,United States,Los Angeles,California,90008.0,West,Office Supplies,Appliances,498.975,5.0,0.0,459.396,0.28,profit
Standard Class,Home Office,United States,Los Angeles,California,90008.0,West,Technology,Accessories,270.0,3.0,0.0,97.2,0.36,profit
Standard Class,Consumer,United States,New York City,New York,10035.0,East,Office Supplies,Binders,498.975,2.0,0.2,183.995,0.3125,profit
Standard Class,Corporate,United States,New York City,New York,10035.0,East,Technology,Accessories,249.95,5.0,0.0,87.4825,0.35000000000000003,profit
Standard Class,Home Office,United States,Olathe,Kansas,66062.0,Central,Office Supplies,Binders,331.96,2.0,0.0,149.382,0.45000000000000007,profit
Second Class,Consumer,United States,San Francisco,California,94122.0,West,Furniture,Tables,498.975,8.0,0.2,92.392,0.0625,profit
First Class,Consumer,United States,Scottsdale,Arizona,85254.0,West,Furniture,Bookcases,181.47,5.0,0.5,-320.597,-1.7666666666666666,profit
First Class,Home Office,United States,San Diego,California,92105.0,West,Furniture,Chairs,498.975,3.0,0.2,73.194,0.125,profit
Standard Class,Consumer,United States,Parker,Colorado,80134.0,West,Furniture,Bookcases,102.018,7.0,0.5,-183.6324,-1.7999999999999998,profit
Standard Class,Corporate,United States,San Diego,California,92105.0,West,Technology,Accessories,239.96,4.0,0.0,115.1808,0.48,profit
Standard Class,Consumer,United States,Miami,Florida,33142.0,South,Furniture,Chairs,419.136,4.0,0.2,-68.1096,-0.16249999999999998,profit
Second Class,Consumer,United States,New York City,New York,10024.0,East,Furniture,Chairs,498.975,6.0,0.1,88.5528,0.13333333333333336,profit
Standard Class,Corporate,United States,Philadelphia,Pennsylvania,19140.0,East,Technology,Phones,498.975,4.0,0.4,-186.16,-0.21666666666666665,profit
Second Class,Corporate,United States,Huntsville,Alabama,35810.0,South,Technology,Accessories,498.975,4.0,0.0,527.984,0.4,profit
Standard Class,Consumer,United States,Omaha,Nebraska,68104.0,Central,Technology,Phones,498.975,4.0,0.0,743.988,0.30000000000000004,profit
First Class,Consumer,United States,Little Rock,Arkansas,72209.0,South,Technology,Accessories,179.94,6.0,0.0,75.5748,0.42,profit
First Class,Consumer,United States,Little Rock,Arkansas,72209.0,South,Technology,Accessories,323.37,3.0,0.0,129.348,0.4,profit
Standard Class,Consumer,United States,Chicago,Illinois,60653.0,Central,Furniture,Chairs,181.986,2.0,0.3,-54.5958,-0.3,profit
Standard Class,Corporate,United States,Tucson,Arizona,85705.0,West,Furniture,Tables,455.97,6.0,0.5,-218.8656,-0.48,profit
Standard Class,Consumer,United States,North Las Vegas,Nevada,89031.0,West,Office Supplies,Storage,498.975,5.0,0.0,238.653,0.18,profit
Second Class,Corporate,United States,Atlanta,Georgia,30318.0,South,Technology,Copiers,498.975,5.0,0.0,1439.976,0.4800000000000001,profit
Same Day,Home Office,United States,Chicago,Illinois,60610.0,Central,Technology,Copiers,498.975,2.0,0.2,335.9944,0.35,profit
Standard Class,Corporate,United States,Columbus,Ohio,43229.0,East,Technology,Phones,179.94,2.0,0.4,-44.985,-0.25,profit
Standard Class,Consumer,United States,Pasadena,California,91104.0,West,Furniture,Furnishings,383.64,6.0,0.0,122.7648,0.32,profit
Standard Class,Home Office,United States,New York City,New York,10011.0,East,Technology,Phones,498.975,3.0,0.0,163.818,0.30000000000000004,profit
Second Class,Consumer,United States,San Francisco,California,94110.0,West,Office Supplies,Storage,352.38,2.0,0.0,81.0474,0.22999999999999998,profit
Standard Class,Consumer,United States,Cleveland,Ohio,44105.0,East,Office Supplies,Binders,59.913,7.0,0.5,-45.9333,-0.7666666666666667,profit
Same Day,Corporate,United States,Lawrence,Massachusetts,1841.0,East,Technology,Phones,391.98,2.0,0.0,109.7544,0.27999999999999997,profit
Same Day,Corporate,United States,Lawrence,Massachusetts,1841.0,East,Technology,Phones,437.85,3.0,0.0,131.355,0.29999999999999993,profit
Standard Class,Corporate,United States,New York City,New York,10011.0,East,Office Supplies,Binders,498.975,6.0,0.2,206.6232,0.35000000000000003,profit
Standard Class,Consumer,United States,Monroe,Louisiana,71203.0,South,Technology,Accessories,498.975,2.0,0.0,217.767,0.33,profit
Standard Class,Corporate,United States,Seattle,Washington,98105.0,West,Technology,Accessories,498.975,2.0,0.0,371.316,0.44,profit
Standard Class,Corporate,United States,Seattle,Washington,98105.0,West,Technology,Accessories,498.975,9.0,0.0,224.424,0.15,profit
Standard Class,Corporate,United States,New York City,New York,10035.0,East,Office Supplies,Appliances,498.975,5.0,0.0,281.016,0.27,profit
Standard Class,Corporate,United States,La Crosse,Wisconsin,54601.0,Central,Technology,Accessories,498.975,5.0,0.0,174.9825,0.35,profit
Second Class,Home Office,United States,Seattle,Washington,98115.0,West,Furniture,Tables,498.975,9.0,0.0,399.2994,0.16999999999999998,profit
Second Class,Home Office,United States,Philadelphia,Pennsylvania,19143.0,East,Furniture,Tables,498.975,9.0,0.4,-339.705,-0.41666666666666663,profit
Standard Class,Consumer,United States,Chesapeake,Virginia,23320.0,South,Technology,Accessories,234.45,3.0,0.0,103.158,0.44,profit
Standard Class,Consumer,United States,Chesapeake,Virginia,23320.0,South,Furniture,Tables,498.975,6.0,0.0,75.3732,0.06,profit
First Class,Home Office,United States,Ann Arbor,Michigan,48104.0,Central,Office Supplies,Binders,152.8,5.0,0.0,76.4,0.5,profit
Standard Class,Home Office,United States,La Mesa,California,91941.0,West,Technology,Accessories,284.97,3.0,0.0,85.491,0.3,profit
Standard Class,Consumer,United States,San Diego,California,92024.0,West,Furniture,Chairs,498.975,6.0,0.2,149.148,0.1125,profit
Second Class,Corporate,United States,Apple Valley,California,92307.0,West,Furniture,Bookcases,498.975,5.0,0.15,210.735,0.17647058823529413,profit
First Class,Home Office,United States,Salem,Oregon,97301.0,West,Furniture,Tables,377.45,5.0,0.5,-264.215,-0.7,profit
Standard Class,Home Office,United States,Aurora,Colorado,80013.0,West,Office Supplies,Storage,498.975,9.0,0.2,-95.823,-0.1875,profit
Standard Class,Consumer,United States,Seattle,Washington,98103.0,West,Technology,Accessories,389.97,3.0,0.0,132.5898,0.33999999999999997,profit
Second Class,Consumer,United States,Pocatello,Idaho,83201.0,West,Furniture,Furnishings,355.36,4.0,0.0,92.3936,0.26,profit
Standard Class,Consumer,United States,Chicago,Illinois,60610.0,Central,Furniture,Furnishings,38.976,3.0,0.5,-50.6688,-1.3,profit
Standard Class,Consumer,United States,Athens,Georgia,30605.0,South,Technology,Phones,498.975,7.0,0.0,293.9804,0.27999999999999997,profit
Standard Class,Home Office,United States,Houston,Texas,77070.0,Central,Furniture,Chairs,275.058,3.0,0.3,-90.3762,-0.32857142857142857,profit
Standard Class,Corporate,United States,Baltimore,Maryland,21215.0,East,Furniture,Chairs,498.975,3.0,0.0,141.1644,0.25999999999999995,profit
Standard Class,Home Office,United States,Chicago,Illinois,60623.0,Central,Office Supplies,Binders,27.396,9.0,0.5,-42.4638,-1.5499999999999998,profit
Standard Class,Consumer,United States,Marion,Ohio,43302.0,East,Furniture,Tables,136.53,1.0,0.4,-52.3365,-0.38333333333333336,profit
Standard Class,Consumer,United States,New York City,New York,10024.0,East,Technology,Copiers,498.975,7.0,0.2,1014.9797,0.3625,profit
Second Class,Corporate,United States,Ann Arbor,Michigan,48104.0,Central,Technology,Accessories,498.975,5.0,0.0,111.591,0.17999999999999997,profit
Standard Class,Corporate,United States,Chicago,Illinois,60653.0,Central,Office Supplies,Storage,331.536,3.0,0.2,-82.884,-0.25,profit
First Class,Corporate,United States,New York City,New York,10011.0,East,Technology,Accessories,498.975,9.0,0.0,395.9604,0.44,profit
Standard Class,Corporate,United States,Houston,Texas,77095.0,Central,Technology,Phones,498.975,7.0,0.2,118.293,0.125,profit
Standard Class,Consumer,United States,Madison,Wisconsin,53711.0,Central,Office Supplies,Appliances,498.975,3.0,0.0,305.13,0.27999999999999997,profit
First Class,Corporate,United States,Milford,Connecticut,6460.0,East,Furniture,Bookcases,498.975,9.0,0.0,185.2578,0.29,profit
Standard Class,Consumer,United States,Buffalo Grove,Illinois,60089.0,Central,Furniture,Tables,355.455,3.0,0.5,-184.8366,-0.52,profit
Standard Class,Consumer,United States,Richmond,Kentucky,40475.0,South,Furniture,Chairs,498.975,4.0,0.0,225.264,0.26,profit
Standard Class,Consumer,United States,Fort Worth,Texas,76106.0,Central,Technology,Copiers,498.975,5.0,0.2,624.9875,0.31249999999999994,profit
Same Day,Home Office,United States,Los Angeles,California,90032.0,West,Office Supplies,Storage,481.32,4.0,0.0,125.1432,0.26,profit
First Class,Consumer,United States,Lake Forest,California,92630.0,West,Office Supplies,Appliances,498.975,3.0,0.0,152.0232,0.27999999999999997,profit
First Class,Corporate,United States,Long Beach,New York,11561.0,East,Furniture,Chairs,498.975,9.5,0.1,209.274,0.14444444444444446,profit
Standard Class,Corporate,United States,Los Angeles,California,90032.0,West,Office Supplies,Appliances,498.975,4.0,0.0,335.8548,0.29000000000000004,profit
Standard Class,Corporate,United States,Springfield,Missouri,65807.0,Central,Technology,Copiers,498.975,1.0,0.0,233.9961,0.39,profit
Standard Class,Consumer,United States,Springfield,Oregon,97477.0,West,Furniture,Bookcases,217.764,6.0,0.5,-384.7164,-1.7666666666666666,profit
Second Class,Consumer,United States,New York City,New York,10011.0,East,Office Supplies,Storage,498.975,9.0,0.0,362.8404,0.26,profit
Standard Class,Corporate,United States,San Diego,California,92037.0,West,Technology,Phones,498.975,3.0,0.2,185.997,0.125,profit
Same Day,Consumer,United States,Utica,New York,13501.0,East,Technology,Phones,279.96,4.0,0.0,78.3888,0.28,profit
Second Class,Home Office,United States,New York City,New York,10035.0,East,Office Supplies,Paper,419.4,4.0,0.0,201.312,0.48000000000000004,profit
Standard Class,Consumer,United States,Richmond,Indiana,47374.0,Central,Furniture,Tables,498.975,2.0,0.0,104.7528,0.17999999999999997,profit
Standard Class,Consumer,United States,San Diego,California,92105.0,West,Technology,Accessories,498.975,4.0,0.0,176.7864,0.33999999999999997,profit
Standard Class,Consumer,United States,Miami,Florida,33178.0,South,Office Supplies,Binders,64.2,5.0,0.5,-42.8,-0.6666666666666666,profit
Standard Class,Home Office,United States,Roseville,Minnesota,55113.0,Central,Office Supplies,Appliances,498.975,2.0,0.0,178.91,0.25,profit
Standard Class,Home Office,United States,Roseville,Minnesota,55113.0,Central,Office Supplies,Storage,498.975,3.0,0.0,143.1918,0.18,profit
Standard Class,Home Office,United States,Roseville,Minnesota,55113.0,Central,Technology,Copiers,498.975,1.0,0.0,274.995,0.5,profit
Second Class,Corporate,United States,Meriden,Connecticut,6450.0,East,Furniture,Chairs,498.975,5.0,0.0,294.671,0.26,profit
Standard Class,Corporate,United States,Philadelphia,Pennsylvania,19143.0,East,Office Supplies,Binders,104.58,6.0,0.5,-80.178,-0.7666666666666666,profit
Standard Class,Home Office,United States,Cheyenne,Wyoming,82001.0,West,Furniture,Chairs,498.975,4.0,0.2,100.196,0.0625,profit
Same Day,Corporate,United States,Anaheim,California,92804.0,West,Furniture,Tables,498.975,7.0,0.2,80.843,0.0625,profit
Standard Class,Home Office,United States,Lawrence,Massachusetts,1841.0,East,Office Supplies,Binders,447.86,7.0,0.0,219.4514,0.49,profit
Standard Class,Consumer,United States,New York City,New York,10011.0,East,Office Supplies,Paper,192.16,4.0,0.0,92.2368,0.48000000000000004,profit
Standard Class,Corporate,United States,San Diego,California,92105.0,West,Office Supplies,Paper,368.91,9.0,0.0,180.7659,0.48999999999999994,profit
Standard Class,Corporate,United States,San Diego,California,92105.0,West,Furniture,Chairs,498.975,9.0,0.2,-99.6219,-0.11249999999999999,profit
Second Class,Corporate,United States,San Francisco,California,94109.0,West,Office Supplies,Supplies,498.975,3.0,0.0,196.5036,0.04,profit
Same Day,Consumer,United States,San Francisco,California,94110.0,West,Technology,Accessories,179.97,3.0,0.0,86.3856,0.48,profit
Standard Class,Consumer,United States,Richmond,Indiana,47374.0,Central,Technology,Phones,259.96,4.0,0.0,124.7808,0.48000000000000004,profit
Standard Class,Consumer,United States,New York City,New York,10035.0,East,Furniture,Bookcases,498.975,6.0,0.2,158.5764,0.037500000000000006,profit
Standard Class,Consumer,United States,New York City,New York,10035.0,East,Technology,Accessories,498.975,2.0,0.0,217.767,0.33,profit
Second Class,Corporate,United States,New York City,New York,10011.0,East,Furniture,Tables,313.176,2.0,0.4,-120.0508,-0.38333333333333336,profit
Standard Class,Corporate,United States,Bellingham,Washington,98226.0,West,Technology,Accessories,498.975,9.5,0.0,362.835,0.32999999999999996,profit
Standard Class,Corporate,United States,Decatur,Alabama,35601.0,South,Furniture,Tables,498.975,8.0,0.0,316.1392,0.26,profit
First Class,Consumer,United States,Philadelphia,Pennsylvania,19120.0,East,Furniture,Bookcases,87.21,3.0,0.5,-45.3492,-0.5200000000000001,profit
First Class,Consumer,United States,Philadelphia,Pennsylvania,19120.0,East,Technology,Phones,498.975,2.0,0.4,-113.998,-0.16666666666666666,profit
First Class,Consumer,United States,Philadelphia,Pennsylvania,19120.0,East,Technology,Accessories,498.975,2.0,0.2,85.787,0.16250000000000003,profit
Second Class,Consumer,United States,Los Angeles,California,90049.0,West,Technology,Accessories,435.84,9.5,0.0,130.752,0.30000000000000004,profit
Same Day,Corporate,United States,Southaven,Mississippi,38671.0,South,Technology,Accessories,299.97,3.0,0.0,125.9874,0.41999999999999993,profit
Same Day,Corporate,United States,Southaven,Mississippi,38671.0,South,Office Supplies,Appliances,262.24,2.0,0.0,78.672,0.3,profit
Same Day,Corporate,United States,Southaven,Mississippi,38671.0,South,Office Supplies,Binders,234.36,6.0,0.0,112.4928,0.48,profit
Second Class,Corporate,United States,Reading,Pennsylvania,19601.0,East,Furniture,Bookcases,498.975,4.0,0.5,-250.5408,-0.4799999999999999,profit
Second Class,Corporate,United States,San Francisco,California,94109.0,West,Furniture,Chairs,498.975,3.0,0.2,77.0352,0.1,profit
Standard Class,Home Office,United States,New York City,New York,10011.0,East,Office Supplies,Appliances,414.96,2.0,0.0,124.488,0.3,profit
Standard Class,Consumer,United States,Charlotte,North Carolina,28205.0,South,Office Supplies,Storage,387.72,5.0,0.2,-67.851,-0.175,profit
Standard Class,Corporate,United States,Overland Park,Kansas,66212.0,Central,Office Supplies,Storage,360.38,2.0,0.0,93.6988,0.26,profit
Standard Class,Home Office,United States,Tulsa,Oklahoma,74133.0,Central,Furniture,Tables,429.9,5.0,0.0,111.774,0.26,profit
Standard Class,Consumer,United States,Hattiesburg,Mississippi,39401.0,South,Furniture,Furnishings,185.58,6.0,0.0,76.0878,0.41,profit
Standard Class,Consumer,United States,Hattiesburg,Mississippi,39401.0,South,Office Supplies,Paper,245.94,6.0,0.0,120.5106,0.49,profit
Standard Class,Consumer,United States,Hattiesburg,Mississippi,39401.0,South,Furniture,Bookcases,498.975,5.0,0.0,126.225,0.25,profit
Standard Class,Consumer,United States,Los Angeles,California,90049.0,West,Office Supplies,Binders,498.975,7.0,0.2,884.058,0.375,profit
Same Day,Corporate,United States,Columbus,Ohio,43229.0,East,Furniture,Chairs,458.43,5.0,0.3,-137.529,-0.3,profit
Same Day,Corporate,United States,Columbus,Ohio,43229.0,East,Furniture,Tables,328.59,3.0,0.4,-147.8655,-0.45,profit
Standard Class,Consumer,United States,Los Angeles,California,90049.0,West,Technology,Machines,498.975,6.0,0.2,286.713,0.11250000000000002,profit
Standard Class,Consumer,United States,Los Angeles,California,90049.0,West,Office Supplies,Envelopes,271.44,3.0,0.0,122.148,0.45,profit
First Class,Home Office,United States,Los Angeles,California,90008.0,West,Technology,Phones,498.975,8.0,0.2,363.9048,0.0875,profit
Standard Class,Consumer,United States,Carrollton,Texas,75007.0,Central,Office Supplies,Appliances,19.568,2.0,0.5,-52.8336,-2.6999999999999997,profit
Standard Class,Consumer,United States,Carrollton,Texas,75007.0,Central,Office Supplies,Binders,310.392,4.0,0.5,-512.1468,-1.65,profit
Standard Class,Corporate,United States,Los Angeles,California,90008.0,West,Technology,Phones,498.975,3.0,0.2,75.18,0.08750000000000001,profit
Standard Class,Corporate,United States,Los Angeles,California,90008.0,West,Technology,Machines,498.975,3.0,0.2,177.198,0.35000000000000003,profit
Standard Class,Corporate,United States,Tucson,Arizona,85705.0,West,Furniture,Furnishings,238.152,3.0,0.2,89.307,0.37500000000000006,profit
Standard Class,Home Office,United States,Minneapolis,Minnesota,55407.0,Central,Furniture,Tables,498.975,3.0,0.0,173.235,0.25,profit
Standard Class,Corporate,United States,Miami,Florida,33142.0,South,Office Supplies,Binders,498.975,5.0,0.5,-1031.5385,-0.7666666666666668,profit
Standard Class,Consumer,United States,Milwaukee,Wisconsin,53209.0,Central,Office Supplies,Appliances,272.4,5.0,0.0,76.272,0.28,profit
Second Class,Consumer,United States,San Diego,California,92037.0,West,Technology,Copiers,498.975,5.0,0.2,224.9925,0.1875,profit
Standard Class,Home Office,United States,Lakewood,California,90712.0,West,Furniture,Chairs,498.975,8.0,0.2,-97.176,-0.1875,profit
Standard Class,Consumer,United States,New York City,New York,10011.0,East,Technology,Accessories,468.9,6.0,0.0,206.316,0.44,profit
Standard Class,Consumer,United States,New York City,New York,10035.0,East,Technology,Accessories,212.8,2.0,0.0,95.76,0.45,profit
Standard Class,Consumer,United States,New York City,New York,10035.0,East,Furniture,Chairs,498.975,9.5,0.1,609.7157,0.2111111111111111,profit
Standard Class,Consumer,United States,New York City,New York,10035.0,East,Technology,Phones,498.975,2.0,0.0,350.9082,0.27,profit
Standard Class,Consumer,United States,New York City,New York,10035.0,East,Furniture,Chairs,498.975,5.0,0.1,375.735,0.16666666666666669,profit
First Class,Home Office,United States,Philadelphia,Pennsylvania,19143.0,East,Furniture,Tables,314.532,2.0,0.4,-83.8752,-0.2666666666666667,profit
Standard Class,Consumer,United States,Grand Prairie,Texas,75051.0,Central,Office Supplies,Appliances,19.432,2.0,0.5,-49.5516,-2.5500000000000003,profit
Standard Class,Home Office,United States,New York City,New York,10011.0,East,Technology,Phones,498.975,4.0,0.0,592.7896,0.25999999999999995,profit
Standard Class,Corporate,United States,Springfield,Oregon,97477.0,West,Furniture,Bookcases,72.588,2.0,0.5,-128.2388,-1.7666666666666668,profit
Standard Class,Home Office,United States,New York City,New York,10011.0,East,Furniture,Chairs,498.975,9.5,0.1,161.9674,0.21111111111111108,profit
Standard Class,Home Office,United States,Mcallen,Texas,78501.0,Central,Office Supplies,Appliances,73.164,6.0,0.5,-186.5682,-2.55,profit
Standard Class,Consumer,United States,Manchester,Connecticut,6040.0,East,Office Supplies,Paper,274.8,5.0,0.0,134.652,0.48999999999999994,profit
Standard Class,Consumer,United States,Manchester,Connecticut,6040.0,East,Technology,Phones,257.98,2.0,0.0,74.8142,0.29,profit
First Class,Consumer,United States,Columbus,Georgia,31907.0,South,Furniture,Bookcases,354.9,5.0,0.0,88.725,0.25,profit
Standard Class,Consumer,United States,Los Angeles,California,90049.0,West,Office Supplies,Storage,498.975,4.0,0.0,108.1752,0.14,profit
Standard Class,Home Office,United States,Springfield,Missouri,65807.0,Central,Office Supplies,Storage,498.975,2.0,0.0,226.3626,0.26999999999999996,profit
Standard Class,Consumer,United States,Columbia,South Carolina,29203.0,South,Furniture,Chairs,498.975,4.0,0.0,422.51,0.25,profit
Standard Class,Consumer,United States,Columbia,South Carolina,29203.0,South,Technology,Phones,498.975,5.0,0.0,176.386,0.27999999999999997,profit
Standard Class,Consumer,United States,New York City,New York,10035.0,East,Furniture,Furnishings,498.975,9.0,0.0,207.8856,0.26,profit
Standard Class,Consumer,United States,Philadelphia,Pennsylvania,19143.0,East,Technology,Phones,329.988,2.0,0.4,-76.9972,-0.23333333333333336,profit
Standard Class,Consumer,United States,Evanston,Illinois,60201.0,Central,Technology,Copiers,498.975,4.0,0.2,485.9892,0.33749999999999997,profit
Standard Class,Consumer,United States,Columbus,Ohio,43229.0,East,Technology,Phones,235.152,8.0,0.4,-47.0304,-0.2,profit
Standard Class,Corporate,United States,Seattle,Washington,98103.0,West,Office Supplies,Binders,498.975,9.0,0.2,942.8157,0.3375,profit
Standard Class,Corporate,United States,Seattle,Washington,98103.0,West,Office Supplies,Storage,498.975,7.0,0.0,290.0058,0.29000000000000004,profit
Standard Class,Consumer,United States,Hendersonville,Tennessee,37075.0,South,Office Supplies,Storage,218.352,3.0,0.2,-54.588,-0.25,profit
Standard Class,Consumer,United States,Portland,Oregon,97206.0,West,Furniture,Bookcases,66.294,1.0,0.5,-103.8606,-1.5666666666666669,profit
Same Day,Consumer,United States,Seattle,Washington,98105.0,West,Office Supplies,Binders,498.975,5.0,0.2,459.9875,0.3125,profit
Standard Class,Consumer,United States,San Jose,California,95123.0,West,Office Supplies,Storage,360.38,2.0,0.0,93.6988,0.26,profit
Second Class,Corporate,United States,Concord,New Hampshire,3301.0,East,Furniture,Furnishings,247.44,8.0,0.0,101.4504,0.41000000000000003,profit
Standard Class,Consumer,United States,Columbus,Indiana,47201.0,Central,Office Supplies,Appliances,465.16,2.0,0.0,120.9416,0.25999999999999995,profit
Second Class,Corporate,United States,Columbus,Ohio,43229.0,East,Office Supplies,Supplies,384.592,2.0,0.2,-81.7258,-0.21250000000000002,profit
First Class,Corporate,United States,Rockford,Illinois,61107.0,Central,Office Supplies,Binders,442.372,7.0,0.5,-729.9138,-1.6500000000000001,profit
Second Class,Home Office,United States,Cambridge,Massachusetts,2138.0,East,Technology,Phones,311.98,2.0,0.0,93.594,0.3,profit
Second Class,Consumer,United States,Seattle,Washington,98105.0,West,Technology,Accessories,428.4,3.0,0.0,89.964,0.21000000000000002,profit
Standard Class,Corporate,United States,Los Angeles,California,90049.0,West,Office Supplies,Envelopes,304.9,5.0,0.0,143.303,0.47000000000000003,profit
Standard Class,Corporate,United States,Lakewood,Ohio,44107.0,East,Furniture,Tables,498.975,2.0,0.4,-231.4116,-0.35,profit
Standard Class,Corporate,United States,San Francisco,California,94122.0,West,Furniture,Tables,498.975,3.0,0.2,-87.9354,-0.17500000000000002,profit
Second Class,Home Office,United States,Chico,California,95928.0,West,Furniture,Chairs,498.975,4.0,0.2,102.9528,0.1125,profit
Second Class,Home Office,United States,Chico,California,95928.0,West,Furniture,Furnishings,327.76,8.0,0.0,91.7728,0.28,profit
First Class,Consumer,United States,Salem,Virginia,24153.0,South,Furniture,Chairs,498.975,2.0,0.0,168.4704,0.24,profit
Standard Class,Corporate,United States,Beverly,Massachusetts,1915.0,East,Office Supplies,Appliances,498.975,6.0,0.0,503.7822,0.29,profit
Standard Class,Corporate,United States,Beverly,Massachusetts,1915.0,East,Office Supplies,Storage,498.975,5.0,0.0,84.51,0.12000000000000001,profit
Second Class,Corporate,United States,Eugene,Oregon,97405.0,West,Furniture,Chairs,498.975,3.0,0.2,-97.5528,-0.15000000000000002,profit
Second Class,Corporate,United States,Eugene,Oregon,97405.0,West,Office Supplies,Labels,498.975,8.0,0.2,228.0792,0.3625,profit
Standard Class,Corporate,United States,Fairfield,Connecticut,6824.0,East,Office Supplies,Storage,498.975,3.0,0.0,81.1314,0.14,profit
Standard Class,Corporate,United States,Jackson,Michigan,49201.0,Central,Office Supplies,Labels,196.62,2.0,0.0,96.3438,0.49,profit
Standard Class,Corporate,United States,San Francisco,California,94109.0,West,Office Supplies,Envelopes,210.84,4.0,0.0,103.3116,0.49,profit
Standard Class,Consumer,United States,Westland,Michigan,48185.0,Central,Office Supplies,Appliances,247.716,4.0,0.1,93.5816,0.37777777777777777,profit
Standard Class,Corporate,United States,New York City,New York,10035.0,East,Technology,Machines,498.975,4.0,0.0,1351.9896,0.26,profit
First Class,Home Office,United States,Newark,Delaware,19711.0,East,Technology,Phones,498.975,3.0,0.0,170.5113,0.29,profit
Standard Class,Consumer,United States,Dallas,Texas,75217.0,Central,Furniture,Furnishings,108.4,5.0,0.5,-105.69,-0.975,profit
Standard Class,Corporate,United States,New York City,New York,10011.0,East,Technology,Phones,337.98,2.0,0.0,101.394,0.3,profit
Standard Class,Consumer,United States,Renton,Washington,98059.0,West,Technology,Machines,498.975,1.0,0.2,103.9992,0.1,profit
Standard Class,Home Office,United States,Waterbury,Connecticut,6708.0,East,Office Supplies,Storage,286.15,5.0,0.0,71.5375,0.25,profit
Standard Class,Consumer,United States,Springfield,Ohio,45503.0,East,Furniture,Bookcases,299.975,5.0,0.5,-167.986,-0.5599999999999999,profit
First Class,Consumer,United States,Austin,Texas,78745.0,Central,Office Supplies,Binders,32.784,4.0,0.5,-52.4544,-1.6,profit
Standard Class,Corporate,United States,Springfield,Virginia,22153.0,South,Office Supplies,Envelopes,311.15,5.0,0.0,146.2405,0.47000000000000003,profit
Standard Class,Consumer,United States,New York City,New York,10011.0,East,Furniture,Furnishings,396.92,4.0,0.0,198.46,0.5,profit
Standard Class,Home Office,United States,Concord,New Hampshire,3301.0,East,Technology,Phones,498.975,5.0,0.0,247.485,0.3,profit
Standard Class,Corporate,United States,Tulsa,Oklahoma,74133.0,Central,Furniture,Chairs,368.97,3.0,0.0,81.1734,0.21999999999999997,profit
First Class,Home Office,United States,Oakland,California,94601.0,West,Furniture,Chairs,454.272,8.0,0.2,-73.8192,-0.1625,profit
Standard Class,Consumer,United States,Philadelphia,Pennsylvania,19120.0,East,Technology,Copiers,498.975,4.0,0.4,1119.9968,0.1333333333333333,profit
Standard Class,Consumer,United States,Jacksonville,North Carolina,28540.0,South,Furniture,Tables,498.975,6.0,0.4,-299.2614,-0.31666666666666665,profit
Standard Class,Consumer,United States,Jacksonville,North Carolina,28540.0,South,Furniture,Furnishings,410.352,3.0,0.2,-51.294,-0.125,profit
Standard Class,Consumer,United States,Plano,Texas,75023.0,Central,Furniture,Tables,498.975,4.0,0.3,-97.4988,-0.09999999999999999,profit
Second Class,Home Office,United States,Houston,Texas,77095.0,Central,Furniture,Furnishings,103.5,5.0,0.5,-77.625,-0.75,profit
Standard Class,Home Office,United States,Providence,Rhode Island,2908.0,East,Office Supplies,Storage,498.975,5.0,0.0,582.232,0.27999999999999997,profit
Standard Class,Home Office,United States,Providence,Rhode Island,2908.0,East,Technology,Phones,498.975,5.0,0.0,176.386,0.27999999999999997,profit
Second Class,Consumer,United States,Columbia,Tennessee,38401.0,South,Office Supplies,Appliances,498.975,3.0,0.2,87.18,0.10000000000000002,profit
First Class,Corporate,United States,Philadelphia,Pennsylvania,19140.0,East,Furniture,Bookcases,61.96,4.0,0.5,-53.2856,-0.86,profit
Standard Class,Corporate,United States,New York City,New York,10011.0,East,Furniture,Tables,384.768,2.0,0.4,-115.4304,-0.30000000000000004,profit
Standard Class,Consumer,United States,Jacksonville,North Carolina,28540.0,South,Office Supplies,Appliances,498.975,4.0,0.2,156.338,0.16249999999999998,profit
Standard Class,Consumer,United States,Jacksonville,North Carolina,28540.0,South,Office Supplies,Paper,295.456,9.5,0.2,96.0232,0.325,profit
Standard Class,Consumer,United States,Medina,Ohio,44256.0,East,Technology,Phones,498.975,6.0,0.4,-107.9928,-0.19999999999999998,profit
Second Class,Corporate,United States,New York City,New York,10011.0,East,Office Supplies,Storage,498.975,3.0,0.0,349.3392,0.27999999999999997,profit
Standard Class,Corporate,United States,New York City,New York,10009.0,East,Office Supplies,Paper,279.9,5.0,0.0,137.151,0.4900000000000001,profit
Standard Class,Home Office,United States,San Francisco,California,94109.0,West,Office Supplies,Paper,286.93,7.0,0.0,140.5957,0.49,profit
Standard Class,Consumer,United States,San Francisco,California,94122.0,West,Furniture,Furnishings,498.975,5.0,0.0,105.98,0.2,profit
Second Class,Consumer,United States,Jackson,Michigan,49201.0,Central,Office Supplies,Binders,498.975,4.0,0.0,2504.2216,0.45999999999999996,profit
Second Class,Consumer,United States,Jackson,Michigan,49201.0,Central,Furniture,Chairs,302.67,3.0,0.0,72.6408,0.24,profit
Second Class,Corporate,United States,Warwick,Rhode Island,2886.0,East,Technology,Copiers,498.975,4.0,0.0,899.982,0.44999999999999996,profit
Standard Class,Consumer,United States,Rochester,Minnesota,55901.0,Central,Technology,Accessories,399.95,5.0,0.0,143.982,0.36,profit
Standard Class,Consumer,United States,Buffalo,New York,14215.0,East,Office Supplies,Binders,498.975,3.0,0.2,726.5619,0.3375,profit
Standard Class,Consumer,United States,Buffalo,New York,14215.0,East,Furniture,Bookcases,498.975,9.5,0.2,-50.098,-0.012499999999999999,profit
First Class,Corporate,United States,Knoxville,Tennessee,37918.0,South,Furniture,Tables,328.59,3.0,0.4,-147.8655,-0.45,profit
Standard Class,Corporate,United States,Newark,Delaware,19711.0,East,Furniture,Chairs,291.1,5.0,0.0,75.686,0.26,profit
Standard Class,Consumer,United States,Cleveland,Ohio,44105.0,East,Office Supplies,Binders,58.17,5.0,0.5,-46.536,-0.8,profit
Standard Class,Home Office,United States,Elmhurst,Illinois,60126.0,Central,Furniture,Chairs,498.975,6.0,0.3,-172.1172,-0.2714285714285714,profit
Second Class,Home Office,United States,Chicago,Illinois,60653.0,Central,Technology,Accessories,319.968,4.0,0.2,71.9928,0.225,profit
Standard Class,Corporate,United States,Buffalo,New York,14215.0,East,Furniture,Chairs,498.975,9.0,0.1,169.182,0.1111111111111111,profit
Standard Class,Corporate,United States,Roseville,California,95661.0,West,Office Supplies,Envelopes,419.9,5.0,0.0,197.353,0.47000000000000003,profit
First Class,Corporate,United States,Arlington,Texas,76017.0,Central,Office Supplies,Appliances,33.62,5.0,0.5,-90.774,-2.7,profit
Standard Class,Consumer,United States,Lawrence,Massachusetts,1841.0,East,Furniture,Chairs,498.975,4.0,0.0,244.2496,0.27999999999999997,profit
Second Class,Consumer,United States,Waco,Texas,76706.0,Central,Office Supplies,Binders,243.992,4.0,0.5,-426.986,-1.75,profit
Standard Class,Corporate,United States,Plainfield,New Jersey,7060.0,East,Technology,Machines,319.92,8.0,0.0,118.3704,0.37,profit
Standard Class,Consumer,United States,Los Angeles,California,90008.0,West,Technology,Accessories,498.975,8.0,0.0,440.7648,0.42,profit
Standard Class,Consumer,United States,Seattle,Washington,98103.0,West,Technology,Phones,498.975,7.0,0.2,75.5958,0.075,profit
Standard Class,Corporate,United States,Edmonds,Washington,98026.0,West,Technology,Accessories,179.97,3.0,0.0,86.3856,0.48,profit
Standard Class,Corporate,United States,Clinton,Maryland,20735.0,East,Office Supplies,Paper,146.82,3.0,0.0,73.41,0.5,profit
Standard Class,Consumer,United States,Santa Ana,California,92704.0,West,Furniture,Chairs,484.704,6.0,0.2,-84.8232,-0.175,profit
Standard Class,Consumer,United States,Santa Ana,California,92704.0,West,Technology,Machines,371.976,3.0,0.2,116.2425,0.3125,profit
Standard Class,Consumer,United States,Louisville,Kentucky,40214.0,South,Technology,Phones,469.95,5.0,0.0,131.586,0.28,profit
First Class,Consumer,United States,Los Angeles,California,90045.0,West,Office Supplies,Paper,219.84,4.0,0.0,107.7216,0.49,profit
Second Class,Corporate,United States,Springfield,Missouri,65807.0,Central,Office Supplies,Supplies,498.975,5.0,0.0,83.281,0.02,profit
Standard Class,Consumer,United States,New York City,New York,10024.0,East,Technology,Machines,498.975,4.0,0.0,2239.9872,0.32,profit
Second Class,Consumer,United States,New York City,New York,10024.0,East,Technology,Phones,279.86,9.5,0.0,134.3328,0.4799999999999999,profit
Standard Class,Consumer,United States,Seattle,Washington,98115.0,West,Furniture,Tables,498.975,5.0,0.0,629.01,0.36,profit
Same Day,Consumer,United States,San Francisco,California,94109.0,West,Technology,Accessories,199.99,1.0,0.0,85.9957,0.43,profit
Same Day,Consumer,United States,Charlotte,North Carolina,28205.0,South,Office Supplies,Binders,68.541,9.5,0.5,-52.5481,-0.7666666666666667,profit
Second Class,Corporate,United States,Lorain,Ohio,44052.0,East,Furniture,Tables,498.975,8.0,0.4,-734.5264,-0.5166666666666666,profit
Standard Class,Home Office,United States,Springfield,Oregon,97477.0,West,Furniture,Tables,498.975,3.0,0.5,-304.6653,-0.5399999999999999,profit
First Class,Corporate,United States,Arlington,Texas,76017.0,Central,Office Supplies,Binders,42.616,7.0,0.5,-68.1856,-1.5999999999999999,profit
First Class,Corporate,United States,Arlington,Texas,76017.0,Central,Technology,Copiers,319.984,2.0,0.2,107.9946,0.3375,profit
Standard Class,Home Office,United States,Gilbert,Arizona,85234.0,West,Furniture,Tables,386.91,9.0,0.5,-185.7168,-0.48,profit
Second Class,Consumer,United States,Lawrence,Massachusetts,1841.0,East,Office Supplies,Binders,447.86,7.0,0.0,210.4942,0.47,profit
Standard Class,Consumer,United States,Virginia Beach,Virginia,23464.0,South,Office Supplies,Envelopes,251.58,7.0,0.0,113.211,0.44999999999999996,profit
Second Class,Consumer,United States,Irving,Texas,75061.0,Central,Office Supplies,Paper,219.84,5.0,0.2,79.692,0.3625,profit
Standard Class,Corporate,United States,San Diego,California,92024.0,West,Office Supplies,Art,265.86,7.0,0.0,79.758,0.3,profit
Second Class,Consumer,United States,Lawrence,Indiana,46226.0,Central,Technology,Accessories,393.54,3.0,0.0,165.2868,0.42,profit
Second Class,Consumer,United States,Meriden,Connecticut,6450.0,East,Office Supplies,Paper,146.82,3.0,0.0,73.41,0.5,profit
Second Class,Home Office,United States,Lake Charles,Louisiana,70601.0,South,Office Supplies,Binders,477.51,9.5,0.0,219.6546,0.45999999999999996,profit
Second Class,Consumer,United States,Baltimore,Maryland,21215.0,East,Office Supplies,Paper,164.88,3.0,0.0,80.7912,0.49000000000000005,profit
Standard Class,Consumer,United States,New York City,New York,10024.0,East,Office Supplies,Binders,415.176,3.0,0.2,134.9322,0.325,profit
Standard Class,Consumer,United States,Rio Rancho,New Mexico,87124.0,West,Furniture,Chairs,498.975,4.0,0.2,99.432,0.1125,profit
First Class,Corporate,United States,Stockton,California,95207.0,West,Office Supplies,Binders,273.92,8.0,0.2,99.296,0.3625,profit
Same Day,Consumer,United States,Skokie,Illinois,60076.0,Central,Furniture,Furnishings,266.352,6.0,0.5,-292.9872,-1.1,profit
Second Class,Corporate,United States,Richmond,Indiana,47374.0,Central,Office Supplies,Paper,177.2,5.0,0.0,83.284,0.4700000000000001,profit
Standard Class,Consumer,United States,San Francisco,California,94122.0,West,Office Supplies,Storage,498.975,3.0,0.0,81.1314,0.14,profit
Second Class,Consumer,United States,Dublin,Ohio,43017.0,East,Technology,Accessories,479.952,6.0,0.2,107.9892,0.225,profit
First Class,Corporate,United States,New York City,New York,10009.0,East,Technology,Phones,498.975,5.0,0.0,163.787,0.26,profit
Second Class,Consumer,United States,Paterson,New Jersey,7501.0,East,Office Supplies,Appliances,275.24,4.0,0.0,121.1056,0.43999999999999995,profit
Standard Class,Corporate,United States,Lakewood,New Jersey,8701.0,East,Furniture,Chairs,498.975,4.0,0.0,143.6288,0.28,profit
Standard Class,Corporate,United States,Lakewood,New Jersey,8701.0,East,Technology,Phones,395.94,6.0,0.0,102.9444,0.26,profit
Standard Class,Corporate,United States,Lakewood,New Jersey,8701.0,East,Office Supplies,Binders,196.21,7.0,0.0,98.105,0.5,profit
Standard Class,Corporate,United States,Phoenix,Arizona,85023.0,West,Office Supplies,Paper,419.4,5.0,0.2,146.79,0.35,profit
Standard Class,Home Office,United States,New York City,New York,10009.0,East,Technology,Accessories,449.91,9.0,0.0,157.4685,0.35,profit
Standard Class,Corporate,United States,Phoenix,Arizona,85023.0,West,Technology,Machines,269.97,2.0,0.5,-386.957,-1.4333333333333331,profit
First Class,Consumer,United States,Philadelphia,Pennsylvania,19140.0,East,Technology,Machines,241.17,2.0,0.5,-168.819,-0.7,profit
Standard Class,Consumer,United States,Seattle,Washington,98105.0,West,Office Supplies,Binders,498.975,3.0,0.2,1061.5722,0.325,profit
Standard Class,Corporate,United States,Lafayette,Indiana,47905.0,Central,Technology,Copiers,498.975,5.0,0.0,8399.976,0.48000000000000004,profit
Standard Class,Corporate,United States,Lafayette,Indiana,47905.0,Central,Office Supplies,Binders,498.975,2.0,0.0,331.191,0.44999999999999996,profit
Standard Class,Corporate,United States,Torrance,California,90503.0,West,Office Supplies,Appliances,498.975,5.0,0.0,459.396,0.28,profit
Standard Class,Corporate,United States,Springfield,Virginia,22153.0,South,Furniture,Chairs,498.975,4.0,0.0,307.1448,0.29,profit
Standard Class,Corporate,United States,Franklin,Wisconsin,53132.0,Central,Furniture,Bookcases,498.975,6.0,0.0,407.1288,0.26,profit
Second Class,Corporate,United States,Little Rock,Arkansas,72209.0,South,Technology,Phones,494.97,3.0,0.0,148.491,0.3,profit
Second Class,Corporate,United States,Little Rock,Arkansas,72209.0,South,Office Supplies,Envelopes,182.94,3.0,0.0,85.9818,0.47000000000000003,profit
Standard Class,Corporate,United States,Los Angeles,California,90004.0,West,Technology,Accessories,254.97,3.0,0.0,91.7892,0.36,profit
Standard Class,Corporate,United States,Los Angeles,California,90004.0,West,Furniture,Tables,498.975,9.0,0.2,180.441,0.0625,profit
Standard Class,Consumer,United States,Chesapeake,Virginia,23320.0,South,Furniture,Tables,498.975,3.0,0.0,314.0586,0.19,profit
Same Day,Consumer,United States,Dallas,Texas,75217.0,Central,Furniture,Furnishings,131.376,6.0,0.5,-95.2476,-0.725,profit
Second Class,Home Office,United States,Seattle,Washington,98105.0,West,Furniture,Chairs,498.975,5.0,0.2,125.245,0.0625,profit
Second Class,Home Office,United States,Seattle,Washington,98105.0,West,Furniture,Tables,498.975,9.0,0.0,401.814,0.21,profit
Standard Class,Consumer,United States,Minneapolis,Minnesota,55407.0,Central,Furniture,Chairs,498.975,8.0,0.0,770.352,0.3,profit
Standard Class,Consumer,United States,Springfield,Ohio,45503.0,East,Technology,Phones,259.896,2.0,0.4,-56.3108,-0.21666666666666665,profit
Standard Class,Corporate,United States,Columbus,Georgia,31907.0,South,Technology,Phones,411.98,2.0,0.0,119.4742,0.29,profit
Standard Class,Corporate,United States,Columbus,Georgia,31907.0,South,Office Supplies,Paper,244.55,5.0,0.0,114.9385,0.47,profit
Second Class,Consumer,United States,Naperville,Illinois,60540.0,Central,Furniture,Chairs,498.975,7.0,0.3,-163.5767,-0.2714285714285714,profit
Standard Class,Home Office,United States,New York City,New York,10009.0,East,Technology,Accessories,498.975,7.0,0.0,167.979,0.30000000000000004,profit
Same Day,Corporate,United States,Huntington Beach,California,92646.0,West,Technology,Copiers,498.975,5.0,0.2,839.986,0.35,profit
Standard Class,Corporate,United States,Chicago,Illinois,60653.0,Central,Office Supplies,Storage,235.92,5.0,0.2,-44.235,-0.1875,profit
Standard Class,Consumer,United States,Seattle,Washington,98103.0,West,Technology,Phones,498.975,2.0,0.2,125.198,0.125,profit
Standard Class,Consumer,United States,Santa Barbara,California,93101.0,West,Office Supplies,Appliances,356.79,7.0,0.0,99.9012,0.27999999999999997,profit
Second Class,Consumer,United States,Auburn,Alabama,36830.0,South,Office Supplies,Labels,491.55,5.0,0.0,240.8595,0.49,profit
Second Class,Consumer,United States,San Francisco,California,94109.0,West,Technology,Phones,498.975,7.0,0.2,97.0137,0.11249999999999999,profit
First Class,Home Office,United States,Chicago,Illinois,60653.0,Central,Furniture,Furnishings,84.272,2.0,0.5,-75.8448,-0.9,profit
Standard Class,Corporate,United States,New York City,New York,10009.0,East,Office Supplies,Storage,498.975,4.0,0.0,214.164,0.3,profit
Standard Class,Consumer,United States,Aurora,Illinois,60505.0,Central,Office Supplies,Storage,221.024,2.0,0.2,-55.256,-0.25,profit
Second Class,Home Office,United States,San Francisco,California,94110.0,West,Office Supplies,Paper,146.82,3.0,0.0,73.41,0.5,profit
Second Class,Corporate,United States,New York City,New York,10011.0,East,Technology,Phones,498.975,3.0,0.0,214.4922,0.26,profit
Standard Class,Consumer,United States,Detroit,Michigan,48227.0,Central,Office Supplies,Appliances,376.74,4.0,0.1,71.162,0.1888888888888889,profit
Second Class,Corporate,United States,Fort Lauderdale,Florida,33311.0,South,Office Supplies,Appliances,498.975,5.0,0.2,130.2885,0.11250000000000002,profit
Second Class,Consumer,United States,Hampton,Virginia,23666.0,South,Office Supplies,Art,265.86,7.0,0.0,79.758,0.3,profit
Standard Class,Home Office,United States,Normal,Illinois,61761.0,Central,Furniture,Chairs,366.744,4.0,0.3,-110.0232,-0.3,profit
Standard Class,Corporate,United States,Springfield,Ohio,45503.0,East,Furniture,Chairs,498.975,3.0,0.3,-42.747,-0.07142857142857144,profit
Second Class,Corporate,United States,Richmond,Kentucky,40475.0,South,Technology,Phones,498.975,3.0,0.0,164.6316,0.27999999999999997,profit
Second Class,Consumer,United States,Lakeland,Florida,33801.0,South,Technology,Copiers,479.984,2.0,0.2,89.997,0.1875,profit
Standard Class,Home Office,United States,Concord,California,94521.0,West,Technology,Accessories,399.96,4.0,0.0,139.986,0.35,profit
Same Day,Consumer,United States,Anaheim,California,92804.0,West,Furniture,Tables,498.975,7.0,0.2,111.517,0.125,profit
First Class,Corporate,United States,Los Angeles,California,90008.0,West,Office Supplies,Storage,498.975,7.0,0.0,327.9458,0.26,profit
Standard Class,Consumer,United States,Charlotte,North Carolina,28205.0,South,Furniture,Tables,472.518,3.0,0.4,-149.6307,-0.31666666666666665,profit
Standard Class,Consumer,United States,Charlotte,North Carolina,28205.0,South,Technology,Accessories,498.975,3.0,0.2,303.804,0.3,profit
Second Class,Corporate,United States,Concord,California,94521.0,West,Technology,Phones,498.975,9.0,0.2,121.9644,0.075,profit
First Class,Corporate,United States,Chester,Pennsylvania,19013.0,East,Office Supplies,Supplies,190.896,2.0,0.2,-42.9516,-0.225,profit
Second Class,Consumer,United States,Decatur,Illinois,62521.0,Central,Technology,Accessories,479.952,6.0,0.2,89.991,0.1875,profit
First Class,Consumer,United States,New York City,New York,10009.0,East,Office Supplies,Binders,276.784,2.0,0.2,89.9548,0.325,profit
Standard Class,Consumer,United States,New York City,New York,10011.0,East,Office Supplies,Paper,318.96,9.0,0.0,149.9112,0.47000000000000003,profit
Second Class,Consumer,United States,New York City,New York,10009.0,East,Office Supplies,Paper,212.64,6.0,0.0,99.9408,0.47000000000000003,profit
Standard Class,Consumer,United States,Santa Ana,California,92704.0,West,Office Supplies,Storage,421.1,2.0,0.0,105.275,0.25,profit
Second Class,Corporate,United States,Newark,Ohio,43055.0,East,Furniture,Chairs,498.975,6.0,0.3,-43.4352,-0.05714285714285715,profit
First Class,Corporate,United States,Henderson,Nevada,89015.0,West,Furniture,Tables,498.975,6.0,0.0,320.3172,0.19,profit
Standard Class,Corporate,United States,Smyrna,Tennessee,37167.0,South,Office Supplies,Binders,67.194,1.0,0.5,-51.5154,-0.7666666666666666,profit
Standard Class,Home Office,United States,Richmond,Indiana,47374.0,Central,Technology,Phones,498.975,4.0,0.0,545.1884,0.29,profit
Standard Class,Home Office,United States,Richmond,Indiana,47374.0,Central,Furniture,Chairs,498.975,3.0,0.0,240.294,0.29,profit
Standard Class,Consumer,United States,Miami,Florida,33180.0,South,Office Supplies,Binders,62.88,4.0,0.5,-50.304,-0.8,profit
Standard Class,Home Office,United States,Philadelphia,Pennsylvania,19140.0,East,Technology,Phones,498.975,5.0,0.4,-181.265,-0.2333333333333333,profit
Standard Class,Home Office,United States,Philadelphia,Pennsylvania,19140.0,East,Furniture,Tables,154.764,3.0,0.4,-46.4292,-0.3,profit
Standard Class,Consumer,United States,Houston,Texas,77070.0,Central,Technology,Phones,498.975,3.0,0.2,109.3365,0.1125,profit
Second Class,Consumer,United States,Mesa,Arizona,85204.0,West,Furniture,Tables,182.55,2.0,0.5,-135.087,-0.7399999999999999,profit
Standard Class,Consumer,United States,Chicago,Illinois,60610.0,Central,Office Supplies,Appliances,53.088,7.0,0.5,-108.8304,-2.05,profit
Second Class,Consumer,United States,Columbus,Georgia,31907.0,South,Office Supplies,Binders,157.9,5.0,0.0,74.213,0.4699999999999999,profit
Second Class,Corporate,United States,Troy,New York,12180.0,East,Office Supplies,Envelopes,247.84,8.0,0.0,121.4416,0.49,profit
Second Class,Consumer,United States,San Francisco,California,94122.0,West,Furniture,Chairs,498.975,3.0,0.2,71.772,0.1,profit
Standard Class,Corporate,United States,Houston,Texas,77070.0,Central,Technology,Copiers,498.975,5.0,0.2,569.9905,0.2375,profit
Standard Class,Corporate,United States,Houston,Texas,77070.0,Central,Office Supplies,Appliances,87.168,8.0,0.5,-226.6368,-2.5999999999999996,profit
First Class,Consumer,United States,Baltimore,Maryland,21215.0,East,Furniture,Chairs,498.975,9.0,0.0,227.205,0.25,profit
Standard Class,Home Office,United States,Houston,Texas,77095.0,Central,Office Supplies,Appliances,38.864,4.0,0.5,-99.1032,-2.5500000000000003,profit
First Class,Consumer,United States,Atlanta,Georgia,30318.0,South,Office Supplies,Storage,498.975,6.0,0.0,175.5156,0.13,profit
Standard Class,Consumer,United States,Fort Lauderdale,Florida,33311.0,South,Furniture,Tables,331.023,7.0,0.45,-114.3534,-0.3454545454545454,profit
Same Day,Corporate,United States,Rochester,New York,14609.0,East,Furniture,Furnishings,498.975,5.0,0.0,75.68,0.10000000000000002,profit
First Class,Consumer,United States,San Francisco,California,94109.0,West,Technology,Accessories,339.96,4.0,0.0,122.3856,0.36,profit
Standard Class,Consumer,United States,Philadelphia,Pennsylvania,19140.0,East,Office Supplies,Binders,274.491,3.0,0.5,-228.7425,-0.8333333333333334,profit
Standard Class,Corporate,United States,Philadelphia,Pennsylvania,19134.0,East,Technology,Accessories,498.975,5.0,0.2,214.4675,0.1625,profit
First Class,Consumer,United States,Fairfield,Connecticut,6824.0,East,Office Supplies,Appliances,465.16,2.0,0.0,120.9416,0.25999999999999995,profit
Same Day,Corporate,United States,Philadelphia,Pennsylvania,19143.0,East,Technology,Machines,341.991,3.0,0.5,-319.1916,-0.9333333333333333,profit
Second Class,Consumer,United States,Philadelphia,Pennsylvania,19134.0,East,Furniture,Chairs,498.975,9.0,0.3,-630.882,-0.14285714285714285,profit
Standard Class,Corporate,United States,Columbus,Ohio,43229.0,East,Furniture,Bookcases,302.45,5.0,0.5,-199.617,-0.66,profit
Second Class,Consumer,United States,Los Angeles,California,90008.0,West,Technology,Accessories,498.975,3.0,0.0,395.988,0.39999999999999997,profit
Standard Class,Home Office,United States,Superior,Wisconsin,54880.0,Central,Office Supplies,Appliances,364.74,3.0,0.0,109.422,0.3,profit
Standard Class,Home Office,United States,Superior,Wisconsin,54880.0,Central,Office Supplies,Paper,498.975,6.0,0.0,301.968,0.48000000000000004,profit
Standard Class,Home Office,United States,Fort Lauderdale,Florida,33311.0,South,Technology,Accessories,498.975,9.5,0.2,239.976,0.3,profit
First Class,Home Office,United States,San Francisco,California,94110.0,West,Technology,Accessories,389.97,3.0,0.0,132.5898,0.33999999999999997,profit
Standard Class,Consumer,United States,Columbia,Maryland,21044.0,East,Office Supplies,Binders,498.975,2.0,0.0,1270.99,0.5,profit
Standard Class,Home Office,United States,Yuma,Arizona,85364.0,West,Technology,Machines,498.975,5.0,0.5,-479.988,-0.7999999999999999,profit
Standard Class,Corporate,United States,Houston,Texas,77095.0,Central,Technology,Machines,498.975,3.0,0.4,-121.2705,-0.21666666666666665,profit
First Class,Consumer,United States,San Francisco,California,94122.0,West,Office Supplies,Storage,305.01,9.0,0.0,76.2525,0.25,profit
Standard Class,Consumer,United States,Nashville,Tennessee,37211.0,South,Technology,Machines,498.975,2.0,0.5,-272.58,-0.42,profit
First Class,Consumer,United States,Des Plaines,Illinois,60016.0,Central,Furniture,Tables,292.1,4.0,0.5,-175.26,-0.5999999999999999,profit
First Class,Consumer,United States,Des Plaines,Illinois,60016.0,Central,Office Supplies,Storage,381.72,5.0,0.2,-66.801,-0.175,profit
Standard Class,Consumer,United States,Plano,Texas,75023.0,Central,Furniture,Tables,498.975,3.0,0.3,-152.7156,-0.17142857142857143,profit
Second Class,Consumer,United States,San Jose,California,95123.0,West,Office Supplies,Envelopes,158.13,3.0,0.0,77.4837,0.49,profit
Second Class,Consumer,United States,New York City,New York,10009.0,East,Technology,Phones,498.975,5.0,0.0,264.5865,0.26999999999999996,profit
Standard Class,Consumer,United States,Pasco,Washington,99301.0,West,Office Supplies,Appliances,400.8,5.0,0.0,112.224,0.28,profit
Standard Class,Home Office,United States,Burbank,California,91505.0,West,Technology,Machines,498.975,4.0,0.2,415.9896,0.32499999999999996,profit
Standard Class,Home Office,United States,Burbank,California,91505.0,West,Office Supplies,Storage,498.975,7.0,0.0,334.1142,0.18,profit
Standard Class,Corporate,United States,Lancaster,Pennsylvania,17602.0,East,Office Supplies,Binders,81.438,7.0,0.5,-65.1504,-0.8,profit
Standard Class,Consumer,United States,New York City,New York,10024.0,East,Technology,Accessories,498.975,2.0,0.0,371.316,0.44,profit
Standard Class,Consumer,United States,Atlanta,Georgia,30318.0,South,Office Supplies,Labels,162.89,9.5,0.0,76.5583,0.47000000000000003,profit
Standard Class,Corporate,United States,Jacksonville,Florida,32216.0,South,Furniture,Tables,498.975,6.0,0.45,-420.0,-0.5818181818181818,profit
Standard Class,Consumer,United States,Houston,Texas,77095.0,Central,Office Supplies,Appliances,176.772,3.0,0.5,-459.6072,-2.6,profit
Second Class,Home Office,United States,Lakewood,Ohio,44107.0,East,Technology,Phones,445.44,8.0,0.4,-81.664,-0.18333333333333335,profit
Second Class,Corporate,United States,Philadelphia,Pennsylvania,19143.0,East,Technology,Phones,251.964,6.0,0.4,-50.3928,-0.2,profit
Second Class,Corporate,United States,Philadelphia,Pennsylvania,19143.0,East,Furniture,Tables,498.975,3.0,0.4,-192.0468,-0.36666666666666664,profit
Standard Class,Corporate,United States,Philadelphia,Pennsylvania,19140.0,East,Technology,Phones,340.182,3.0,0.4,-73.7061,-0.21666666666666667,profit
Standard Class,Corporate,United States,Garden City,Kansas,67846.0,Central,Technology,Phones,257.98,2.0,0.0,74.8142,0.29,profit
Standard Class,Consumer,United States,Omaha,Nebraska,68104.0,Central,Office Supplies,Appliances,378.0,2.0,0.0,136.08,0.36000000000000004,profit
Standard Class,Consumer,United States,Omaha,Nebraska,68104.0,Central,Office Supplies,Storage,373.08,6.0,0.0,100.7316,0.27,profit
Standard Class,Consumer,United States,Omaha,Nebraska,68104.0,Central,Furniture,Furnishings,498.975,9.5,0.0,387.5676,0.29000000000000004,profit
Standard Class,Corporate,United States,New York City,New York,10024.0,East,Furniture,Tables,313.176,2.0,0.4,-120.0508,-0.38333333333333336,profit
Standard Class,Corporate,United States,New York City,New York,10024.0,East,Furniture,Chairs,498.975,3.0,0.1,173.3292,0.19999999999999998,profit
Standard Class,Corporate,United States,Camarillo,California,93010.0,West,Furniture,Chairs,498.975,3.0,0.2,81.2646,0.1125,profit
Standard Class,Consumer,United States,Toledo,Ohio,43615.0,East,Furniture,Tables,172.11,1.0,0.4,-94.6605,-0.5499999999999999,profit
Second Class,Corporate,United States,Philadelphia,Pennsylvania,19134.0,East,Technology,Phones,498.975,3.0,0.4,-116.9805,-0.2166666666666667,profit
Second Class,Corporate,United States,Philadelphia,Pennsylvania,19134.0,East,Office Supplies,Binders,51.897,1.0,0.5,-41.5176,-0.8,profit
Second Class,Corporate,United States,Philadelphia,Pennsylvania,19134.0,East,Office Supplies,Storage,498.975,5.0,0.2,-138.14,-0.25,profit
Second Class,Corporate,United States,Philadelphia,Pennsylvania,19134.0,East,Technology,Machines,449.1,3.0,0.5,-643.71,-1.4333333333333333,profit
Second Class,Home Office,United States,Chicago,Illinois,60610.0,Central,Office Supplies,Paper,419.4,5.0,0.2,146.79,0.35,profit
Second Class,Home Office,United States,Houston,Texas,77036.0,Central,Furniture,Chairs,318.43,5.0,0.3,-77.333,-0.24285714285714285,profit
Second Class,Home Office,United States,Houston,Texas,77036.0,Central,Technology,Phones,498.975,6.0,0.2,88.485,0.0625,profit
First Class,Consumer,United States,Waynesboro,Virginia,22980.0,South,Technology,Phones,498.975,2.0,0.0,148.1064,0.26,profit
First Class,Consumer,United States,Waynesboro,Virginia,22980.0,South,Furniture,Furnishings,498.975,7.0,0.0,119.686,0.10000000000000002,profit
First Class,Consumer,United States,Waynesboro,Virginia,22980.0,South,Furniture,Bookcases,498.975,9.0,0.0,125.5824,0.24000000000000002,profit
Second Class,Consumer,United States,Los Angeles,California,90004.0,West,Technology,Copiers,498.975,4.0,0.2,215.9892,0.3375,profit
Second Class,Consumer,United States,Seattle,Washington,98105.0,West,Technology,Accessories,498.975,9.0,0.0,80.838,0.15,profit
First Class,Home Office,United States,Lehi,Utah,84043.0,West,Technology,Copiers,498.975,5.0,0.0,449.985,0.3,profit
Standard Class,Home Office,United States,Henderson,Kentucky,42420.0,South,Furniture,Chairs,498.975,9.0,0.0,746.4078,0.29,profit
Standard Class,Home Office,United States,Henderson,Kentucky,42420.0,South,Office Supplies,Binders,498.975,2.0,0.0,274.491,0.44999999999999996,profit
Standard Class,Home Office,United States,Henderson,Kentucky,42420.0,South,Technology,Phones,391.98,2.0,0.0,113.6742,0.29,profit
Standard Class,Home Office,United States,Henderson,Kentucky,42420.0,South,Technology,Phones,498.975,4.0,0.0,204.1092,0.26999999999999996,profit
Second Class,Corporate,United States,Philadelphia,Pennsylvania,19140.0,East,Furniture,Chairs,445.802,7.0,0.3,-108.2662,-0.24285714285714283,profit
Second Class,Home Office,United States,Dover,New Hampshire,3820.0,East,Technology,Accessories,498.975,9.0,0.0,517.4793,0.23,profit
Second Class,Home Office,United States,Dover,New Hampshire,3820.0,East,Furniture,Tables,498.975,4.0,0.3,-105.3164,-0.1,profit
Standard Class,Consumer,United States,Houston,Texas,77070.0,Central,Furniture,Tables,498.975,5.0,0.3,-65.853,-0.12857142857142856,profit
Standard Class,Consumer,United States,San Francisco,California,94122.0,West,Office Supplies,Storage,362.92,2.0,0.0,105.2468,0.29,profit
Standard Class,Consumer,United States,Columbus,Ohio,43229.0,East,Technology,Phones,498.975,9.0,0.4,-377.9892,-0.2,profit
Standard Class,Consumer,United States,Columbus,Ohio,43229.0,East,Furniture,Furnishings,396.92,5.0,0.2,148.845,0.375,profit
Second Class,Consumer,United States,Richmond,Kentucky,40475.0,South,Technology,Copiers,498.975,2.0,0.0,629.991,0.45,profit
Standard Class,Consumer,United States,Gresham,Oregon,97030.0,West,Furniture,Chairs,498.975,5.0,0.2,148.704,0.1,profit
Same Day,Corporate,United States,San Francisco,California,94109.0,West,Office Supplies,Binders,498.975,3.0,0.2,314.2719,0.3375,profit
Standard Class,Corporate,United States,Denver,Colorado,80219.0,West,Furniture,Bookcases,242.352,8.0,0.5,-363.528,-1.5,profit
Standard Class,Corporate,United States,Huntsville,Texas,77340.0,Central,Technology,Phones,498.975,6.0,0.2,71.9952,0.09999999999999999,profit
Standard Class,Corporate,United States,New York City,New York,10024.0,East,Technology,Phones,498.975,6.0,0.0,216.8244,0.25999999999999995,profit
Second Class,Consumer,United States,Philadelphia,Pennsylvania,19134.0,East,Furniture,Bookcases,349.965,7.0,0.5,-216.9783,-0.62,profit
Standard Class,Corporate,United States,Columbus,Indiana,47201.0,Central,Office Supplies,Paper,158.28,6.0,0.0,72.8088,0.46,profit
Standard Class,Corporate,United States,Columbus,Indiana,47201.0,Central,Office Supplies,Binders,497.94,3.0,0.0,224.073,0.45,profit
Standard Class,Consumer,United States,Long Beach,New York,11561.0,East,Office Supplies,Appliances,498.975,3.0,0.0,154.8426,0.29,profit
Standard Class,Consumer,United States,Long Beach,New York,11561.0,East,Office Supplies,Paper,167.94,3.0,0.0,82.2906,0.49,profit
Second Class,Consumer,United States,Seattle,Washington,98103.0,West,Furniture,Chairs,435.168,4.0,0.2,-59.8356,-0.13749999999999998,profit
Standard Class,Corporate,United States,Newport News,Virginia,23602.0,South,Furniture,Tables,498.975,4.0,0.0,112.3508,0.19,profit
First Class,Home Office,United States,Omaha,Nebraska,68104.0,Central,Furniture,Chairs,498.975,3.0,0.0,112.788,0.19999999999999998,profit
Second Class,Consumer,United States,Morristown,New Jersey,7960.0,East,Office Supplies,Appliances,498.975,8.0,0.0,735.0336,0.28,profit
Standard Class,Corporate,United States,Springfield,Virginia,22153.0,South,Technology,Phones,498.975,7.0,0.0,909.9818,0.26,profit
Standard Class,Consumer,United States,Philadelphia,Pennsylvania,19134.0,East,Furniture,Chairs,498.975,3.0,0.3,-63.3765,-0.07142857142857144,profit
Standard Class,Consumer,United States,Chicago,Illinois,60623.0,Central,Office Supplies,Storage,498.975,9.0,0.2,97.3026,0.075,profit
Standard Class,Consumer,United States,Watertown,New York,13601.0,East,Office Supplies,Binders,498.975,5.0,0.2,220.987,0.32499999999999996,profit
Second Class,Home Office,United States,Detroit,Michigan,48234.0,Central,Office Supplies,Appliances,498.975,5.0,0.1,245.7,0.28888888888888886,profit
First Class,Home Office,United States,Brownsville,Texas,78521.0,Central,Office Supplies,Envelopes,335.72,5.0,0.2,113.3055,0.33749999999999997,profit
First Class,Home Office,United States,Brownsville,Texas,78521.0,Central,Technology,Phones,251.944,7.0,0.2,88.1804,0.35000000000000003,profit
Second Class,Consumer,United States,Louisville,Kentucky,40214.0,South,Furniture,Chairs,498.975,8.0,0.0,314.0384,0.26000000000000006,profit
Second Class,Consumer,United States,Louisville,Kentucky,40214.0,South,Furniture,Chairs,300.98,1.0,0.0,87.2842,0.29,profit
Second Class,Consumer,United States,Louisville,Kentucky,40214.0,South,Furniture,Chairs,258.75,3.0,0.0,77.625,0.3,profit
Standard Class,Corporate,United States,Newark,Delaware,19711.0,East,Furniture,Bookcases,441.96,2.0,0.0,101.6508,0.23,profit
First Class,Home Office,United States,Pueblo,Colorado,81001.0,West,Technology,Machines,498.975,6.0,0.5,-938.28,-1.3333333333333333,profit
Standard Class,Corporate,United States,Los Angeles,California,90036.0,West,Furniture,Chairs,498.975,3.0,0.2,89.2224,0.09999999999999999,profit
Standard Class,Consumer,United States,Greenville,North Carolina,27834.0,South,Technology,Machines,498.975,2.0,0.5,-571.9956,-0.43999999999999995,profit
First Class,Corporate,United States,San Francisco,California,94110.0,West,Furniture,Chairs,498.975,4.0,0.2,84.502,0.0625,profit
Standard Class,Corporate,United States,Marion,Ohio,43302.0,East,Furniture,Tables,498.975,9.0,0.4,-464.697,-0.3,profit
Same Day,Home Office,United States,Los Angeles,California,90049.0,West,Furniture,Furnishings,187.76,4.0,0.0,76.9816,0.41000000000000003,profit
First Class,Home Office,United States,Lakewood,Ohio,44107.0,East,Office Supplies,Binders,76.776,4.0,0.5,-53.7432,-0.7000000000000001,profit
Standard Class,Consumer,United States,Huntsville,Texas,77340.0,Central,Furniture,Furnishings,76.728,3.0,0.5,-53.7096,-0.7000000000000001,profit
Standard Class,Home Office,United States,Providence,Rhode Island,2908.0,East,Technology,Copiers,498.975,9.0,0.0,2591.9568,0.48,profit
Second Class,Home Office,United States,Everett,Massachusetts,2149.0,East,Technology,Accessories,259.98,2.0,0.0,88.3932,0.33999999999999997,profit
Standard Class,Home Office,United States,Providence,Rhode Island,2908.0,East,Office Supplies,Paper,195.64,4.0,0.0,91.9508,0.47000000000000003,profit
Standard Class,Home Office,United States,Providence,Rhode Island,2908.0,East,Technology,Accessories,498.975,4.0,0.0,742.632,0.44,profit
Standard Class,Home Office,United States,Providence,Rhode Island,2908.0,East,Furniture,Bookcases,341.96,2.0,0.0,78.6508,0.23000000000000004,profit
Standard Class,Home Office,United States,Providence,Rhode Island,2908.0,East,Furniture,Chairs,498.975,6.0,0.0,151.47,0.25,profit
First Class,Home Office,United States,Midland,Michigan,48640.0,Central,Office Supplies,Binders,498.975,3.0,0.0,1906.485,0.5,profit
Standard Class,Consumer,United States,Rochester,New York,14609.0,East,Technology,Phones,498.975,1.0,0.0,187.797,0.3,profit
Standard Class,Corporate,United States,Jackson,Michigan,49201.0,Central,Furniture,Tables,498.975,9.0,0.0,329.4081,0.21000000000000002,profit
First Class,Corporate,United States,Suffolk,Virginia,23434.0,South,Furniture,Tables,498.975,3.0,0.0,157.1292,0.18,profit
Standard Class,Home Office,United States,Lawrence,Massachusetts,1841.0,East,Technology,Copiers,498.975,2.0,0.0,467.9922,0.39,profit
Standard Class,Home Office,United States,Lawrence,Massachusetts,1841.0,East,Furniture,Tables,498.975,2.0,0.3,-52.6582,-0.1,profit
Standard Class,Consumer,United States,Detroit,Michigan,48234.0,Central,Furniture,Tables,447.84,4.0,0.0,98.5248,0.22,profit
Standard Class,Consumer,United States,Detroit,Michigan,48234.0,Central,Technology,Accessories,479.97,3.0,0.0,163.1898,0.33999999999999997,profit
First Class,Consumer,United States,Los Angeles,California,90032.0,West,Office Supplies,Appliances,250.26,6.0,0.0,72.5754,0.29000000000000004,profit
Standard Class,Consumer,United States,Cleveland,Ohio,44105.0,East,Office Supplies,Storage,331.536,3.0,0.2,-82.884,-0.25,profit
Standard Class,Home Office,United States,Tallahassee,Florida,32303.0,South,Technology,Accessories,431.976,3.0,0.2,-75.5958,-0.175,profit
Standard Class,Corporate,United States,Waterbury,Connecticut,6708.0,East,Technology,Phones,498.975,3.0,0.0,153.0819,0.26999999999999996,profit
Standard Class,Consumer,United States,Arlington,Virginia,22204.0,South,Technology,Phones,467.97,3.0,0.0,140.391,0.3,profit
Standard Class,Consumer,United States,Charlotte,North Carolina,28205.0,South,Office Supplies,Paper,268.24,7.0,0.2,93.884,0.35,profit
Standard Class,Consumer,United States,Charlotte,North Carolina,28205.0,South,Technology,Accessories,431.16,5.0,0.2,107.79,0.25,profit
Same Day,Corporate,United States,Columbia,Maryland,21044.0,East,Furniture,Chairs,498.975,5.0,0.0,373.779,0.21,profit
Same Day,Corporate,United States,Riverside,California,92503.0,West,Technology,Phones,498.975,2.0,0.2,90.9762,0.0875,profit
Standard Class,Consumer,United States,Lancaster,Ohio,43130.0,East,Office Supplies,Binders,456.588,2.0,0.5,-304.392,-0.6666666666666666,profit
Standard Class,Consumer,United States,Lancaster,Ohio,43130.0,East,Technology,Machines,498.975,5.0,0.5,-6599.978,-1.4666666666666668,profit
Second Class,Corporate,United States,Charlotte,North Carolina,28205.0,South,Furniture,Tables,498.975,9.5,0.4,-292.1,-0.33333333333333337,profit
First Class,Corporate,United States,New York City,New York,10035.0,East,Technology,Phones,469.99,1.0,0.0,136.2971,0.29,profit
Standard Class,Consumer,United States,Philadelphia,Pennsylvania,19120.0,East,Office Supplies,Storage,324.744,3.0,0.2,-77.1267,-0.2375,profit
Standard Class,Home Office,United States,Franklin,Tennessee,37064.0,South,Office Supplies,Storage,498.975,4.0,0.2,-63.0056,-0.08750000000000001,profit
First Class,Consumer,United States,Clinton,Maryland,20735.0,East,Furniture,Tables,498.975,3.0,0.3,-47.1798,-0.08571428571428572,profit
First Class,Home Office,United States,Los Angeles,California,90049.0,West,Furniture,Bookcases,498.975,2.0,0.15,140.9568,0.09411764705882353,profit
Second Class,Home Office,United States,North Las Vegas,Nevada,89031.0,West,Office Supplies,Binders,498.975,3.0,0.2,1644.2913,0.36250000000000004,profit
Second Class,Home Office,United States,Cranston,Rhode Island,2920.0,East,Office Supplies,Storage,498.975,6.0,0.0,160.0398,0.27,profit
Standard Class,Consumer,United States,Des Moines,Iowa,50315.0,Central,Furniture,Tables,498.975,4.0,0.0,106.6248,0.09,profit
Standard Class,Consumer,United States,Arlington,Virginia,22204.0,South,Technology,Phones,498.975,9.5,0.0,561.564,0.3,profit
Standard Class,Corporate,United States,Chicago,Illinois,60653.0,Central,Office Supplies,Appliances,20.388,2.0,0.5,-53.0088,-2.5999999999999996,profit
Standard Class,Consumer,United States,Hattiesburg,Mississippi,39401.0,South,Office Supplies,Appliances,320.64,4.0,0.0,89.7792,0.28,profit
First Class,Corporate,United States,New York City,New York,10024.0,East,Technology,Phones,464.0,5.0,0.0,134.56,0.29,profit
First Class,Corporate,United States,New York City,New York,10024.0,East,Office Supplies,Appliances,235.95,3.0,0.0,77.8635,0.33,profit
Second Class,Consumer,United States,Mesa,Arizona,85204.0,West,Office Supplies,Storage,272.736,3.0,0.2,-64.7748,-0.23750000000000002,profit
Second Class,Consumer,United States,Mesa,Arizona,85204.0,West,Furniture,Bookcases,127.764,6.0,0.5,-191.646,-1.5,profit
Second Class,Home Office,United States,Salt Lake City,Utah,84106.0,West,Office Supplies,Paper,166.44,3.0,0.0,79.8912,0.48,profit
Standard Class,Home Office,United States,Lake Forest,California,92630.0,West,Furniture,Chairs,498.975,4.0,0.2,102.9528,0.1125,profit
Second Class,Home Office,United States,Aurora,Illinois,60505.0,Central,Furniture,Furnishings,242.176,4.0,0.5,-302.72,-1.2500000000000002,profit
Standard Class,Corporate,United States,Philadelphia,Pennsylvania,19140.0,East,Furniture,Tables,337.176,2.0,0.4,-118.0116,-0.35000000000000003,profit
Standard Class,Consumer,United States,Fayetteville,Arkansas,72701.0,South,Technology,Accessories,399.98,2.0,0.0,171.9914,0.43,profit
Standard Class,Consumer,United States,Fayetteville,Arkansas,72701.0,South,Furniture,Furnishings,343.85,5.0,0.0,137.54,0.39999999999999997,profit
Standard Class,Home Office,United States,Wheeling,West Virginia,26003.0,East,Office Supplies,Paper,447.84,8.0,0.0,219.4416,0.49,profit
Standard Class,Consumer,United States,Memphis,Tennessee,38109.0,South,Office Supplies,Binders,498.975,6.0,0.5,-1237.8462,-0.7666666666666666,profit
First Class,Corporate,United States,San Francisco,California,94122.0,West,Office Supplies,Appliances,498.975,2.0,0.0,178.91,0.25,profit
Standard Class,Home Office,United States,New York City,New York,10024.0,East,Technology,Machines,498.975,5.0,0.0,1668.205,0.49,profit
Standard Class,Home Office,United States,Philadelphia,Pennsylvania,19140.0,East,Furniture,Chairs,344.372,4.0,0.3,-93.4724,-0.2714285714285714,profit
Standard Class,Consumer,United States,Columbia,Maryland,21044.0,East,Office Supplies,Binders,174.3,3.0,0.0,81.921,0.47000000000000003,profit
Second Class,Corporate,United States,New York City,New York,10035.0,East,Technology,Phones,498.975,1.0,0.0,170.997,0.30000000000000004,profit
Standard Class,Corporate,United States,Brentwood,California,94513.0,West,Office Supplies,Appliances,498.975,9.0,0.0,654.7554,0.26,profit
Standard Class,Corporate,United States,Brentwood,California,94513.0,West,Office Supplies,Storage,498.975,3.0,0.0,140.5482,0.26,profit
Standard Class,Corporate,United States,Brentwood,California,94513.0,West,Office Supplies,Binders,221.056,8.0,0.2,77.3696,0.35000000000000003,profit
Standard Class,Consumer,United States,Dallas,Texas,75081.0,Central,Office Supplies,Binders,39.582,9.0,0.5,-59.373,-1.5,profit
Standard Class,Consumer,United States,Dallas,Texas,75081.0,Central,Office Supplies,Binders,40.98,5.0,0.5,-65.568,-1.6,profit
Standard Class,Consumer,United States,New York City,New York,10035.0,East,Technology,Phones,498.975,4.0,0.0,249.9104,0.29000000000000004,profit
Standard Class,Corporate,United States,Chico,California,95928.0,West,Furniture,Chairs,435.168,4.0,0.2,-59.8356,-0.13749999999999998,profit
First Class,Corporate,United States,Denver,Colorado,80219.0,West,Furniture,Bookcases,90.882,3.0,0.5,-190.8522,-2.1,profit
Standard Class,Corporate,United States,Philadelphia,Pennsylvania,19134.0,East,Technology,Phones,498.975,4.0,0.4,-112.6216,-0.21666666666666665,profit
Standard Class,Consumer,United States,Jackson,Mississippi,39212.0,South,Technology,Phones,498.975,3.0,0.0,197.991,0.3,profit
First Class,Consumer,United States,Clifton,New Jersey,7011.0,East,Furniture,Furnishings,254.9,5.0,0.0,76.47,0.3,profit
Second Class,Consumer,United States,Aurora,Colorado,80013.0,West,Furniture,Bookcases,145.764,6.0,0.5,-247.7988,-1.7,profit
First Class,Home Office,United States,San Diego,California,92037.0,West,Technology,Accessories,199.75,5.0,0.0,87.89,0.44,profit
Standard Class,Consumer,United States,Dubuque,Iowa,52001.0,Central,Technology,Phones,263.96,4.0,0.0,76.5484,0.29000000000000004,profit
First Class,Consumer,United States,Los Angeles,California,90032.0,West,Technology,Accessories,299.94,6.0,0.0,128.9742,0.43,profit
First Class,Consumer,United States,Lowell,Massachusetts,1852.0,East,Technology,Phones,271.9,2.0,0.0,78.851,0.29000000000000004,profit
Standard Class,Consumer,United States,Oklahoma City,Oklahoma,73120.0,Central,Furniture,Chairs,498.975,5.0,0.0,383.931,0.29,profit
Same Day,Consumer,United States,New York City,New York,10009.0,East,Office Supplies,Binders,498.975,5.0,0.2,207.475,0.3125,profit
Standard Class,Corporate,United States,Dallas,Texas,75217.0,Central,Furniture,Chairs,498.975,5.0,0.3,-93.99,-0.14285714285714285,profit
Second Class,Corporate,United States,New York City,New York,10035.0,East,Office Supplies,Storage,498.975,4.0,0.0,108.1752,0.14,profit
Second Class,Consumer,United States,Salt Lake City,Utah,84106.0,West,Office Supplies,Binders,295.056,9.0,0.2,106.9578,0.36250000000000004,profit
Standard Class,Consumer,United States,New York City,New York,10035.0,East,Office Supplies,Appliances,393.25,5.0,0.0,129.7725,0.33,profit
Standard Class,Corporate,United States,New York City,New York,10035.0,East,Office Supplies,Appliances,498.975,7.0,0.0,197.9208,0.28,profit
Standard Class,Consumer,United States,Los Angeles,California,90049.0,West,Office Supplies,Storage,498.975,5.0,0.0,267.705,0.3,profit
First Class,Consumer,United States,Rochester,New York,14609.0,East,Technology,Phones,263.96,4.0,0.0,71.2692,0.27,profit
First Class,Consumer,United States,Rochester,New York,14609.0,East,Technology,Phones,359.97,3.0,0.0,100.7916,0.27999999999999997,profit
First Class,Consumer,United States,Rochester,New York,14609.0,East,Office Supplies,Binders,276.784,2.0,0.2,89.9548,0.325,profit
Standard Class,Corporate,United States,San Francisco,California,94109.0,West,Technology,Accessories,239.97,3.0,0.0,86.3892,0.36,profit
Standard Class,Consumer,United States,Huntsville,Texas,77340.0,Central,Office Supplies,Storage,454.56,5.0,0.2,-107.958,-0.2375,profit
Standard Class,Consumer,United States,Huntsville,Texas,77340.0,Central,Furniture,Furnishings,141.42,5.0,0.5,-187.3815,-1.325,profit
Standard Class,Corporate,United States,East Point,Georgia,30344.0,South,Office Supplies,Binders,165.98,1.0,0.0,74.691,0.45000000000000007,profit
Standard Class,Corporate,United States,Springfield,Oregon,97477.0,West,Office Supplies,Storage,498.975,9.5,0.2,-161.694,-0.22499999999999998,profit
First Class,Home Office,United States,Los Angeles,California,90045.0,West,Technology,Machines,498.975,3.0,0.2,377.73,0.1125,profit
Standard Class,Consumer,United States,Los Angeles,California,90045.0,West,Technology,Machines,498.975,7.0,0.2,334.4985,0.11249999999999999,profit
First Class,Home Office,United States,Houston,Texas,77041.0,Central,Technology,Phones,438.336,4.0,0.2,-87.6672,-0.19999999999999998,profit
Standard Class,Consumer,United States,Philadelphia,Pennsylvania,19140.0,East,Furniture,Chairs,215.544,4.0,0.3,-58.5048,-0.2714285714285714,profit
Standard Class,Consumer,United States,Los Angeles,California,90045.0,West,Office Supplies,Paper,204.95,5.0,0.0,100.4255,0.49000000000000005,profit
Standard Class,Consumer,United States,Chicago,Illinois,60653.0,Central,Furniture,Chairs,498.975,4.0,0.3,-75.192,-0.14285714285714282,profit
Standard Class,Consumer,United States,Philadelphia,Pennsylvania,19134.0,East,Technology,Copiers,498.975,4.0,0.4,125.9972,0.11666666666666665,profit
Standard Class,Consumer,United States,Houston,Texas,77070.0,Central,Office Supplies,Storage,498.975,3.0,0.2,-125.766,-0.18750000000000003,profit
Standard Class,Consumer,United States,Chicago,Illinois,60610.0,Central,Furniture,Furnishings,64.96,5.0,0.5,-43.848,-0.675,profit
First Class,Corporate,United States,Riverside,California,92503.0,West,Office Supplies,Storage,498.975,3.0,0.0,160.623,0.3,profit
Standard Class,Corporate,United States,Dallas,Texas,75081.0,Central,Furniture,Furnishings,72.78,3.0,0.5,-70.9605,-0.975,profit
Standard Class,Corporate,United States,Lakeland,Florida,33801.0,South,Furniture,Tables,498.975,7.0,0.45,-255.5875,-0.45454545454545453,profit
Standard Class,Consumer,United States,Lawton,Oklahoma,73505.0,Central,Office Supplies,Appliances,471.9,6.0,0.0,155.727,0.33,profit
First Class,Consumer,United States,Seattle,Washington,98115.0,West,Technology,Copiers,498.975,4.0,0.0,6719.9808,0.48000000000000004,profit
Standard Class,Consumer,United States,San Diego,California,92105.0,West,Technology,Accessories,498.975,5.0,0.0,95.2,0.16,profit
Standard Class,Home Office,United States,Milford,Connecticut,6460.0,East,Technology,Accessories,199.75,5.0,0.0,87.89,0.44,profit
Second Class,Consumer,United States,New York City,New York,10035.0,East,Office Supplies,Appliances,293.52,6.0,0.0,76.3152,0.26,profit
Second Class,Consumer,United States,New York City,New York,10035.0,East,Technology,Phones,307.98,2.0,0.0,89.3142,0.29,profit
Standard Class,Home Office,United States,Seattle,Washington,98105.0,West,Furniture,Tables,498.975,7.0,0.0,366.6348,0.18,profit
Standard Class,Home Office,United States,Seattle,Washington,98105.0,West,Furniture,Chairs,449.568,2.0,0.2,-73.0548,-0.1625,profit
First Class,Consumer,United States,Los Angeles,California,90008.0,West,Technology,Accessories,474.95,5.0,0.0,142.485,0.30000000000000004,profit
Standard Class,Consumer,United States,Des Moines,Washington,98198.0,West,Technology,Copiers,498.975,2.0,0.0,449.991,0.44999999999999996,profit
Standard Class,Consumer,United States,Springfield,Oregon,97477.0,West,Furniture,Tables,277.5,4.0,0.5,-188.7,-0.6799999999999999,profit
Standard Class,Consumer,United States,Philadelphia,Pennsylvania,19120.0,East,Furniture,Tables,498.975,8.0,0.4,-480.2032,-0.38333333333333336,profit
Standard Class,Consumer,United States,New York City,New York,10011.0,East,Furniture,Furnishings,187.76,4.0,0.0,76.9816,0.41000000000000003,profit
Same Day,Corporate,United States,New York City,New York,10024.0,East,Technology,Phones,498.975,2.0,0.0,142.9948,0.26,profit
Same Day,Corporate,United States,New York City,New York,10024.0,East,Technology,Machines,498.975,4.0,0.0,2229.024,0.48,profit
Same Day,Corporate,United States,New York City,New York,10024.0,East,Furniture,Chairs,498.975,2.0,0.1,115.5528,0.2,profit
Standard Class,Consumer,United States,Daytona Beach,Florida,32114.0,South,Furniture,Tables,191.5155,1.0,0.45,-76.6062,-0.4,profit
Standard Class,Consumer,United States,Nashville,Tennessee,37211.0,South,Office Supplies,Binders,498.975,6.0,0.5,-913.176,-0.6666666666666667,profit
Standard Class,Consumer,United States,Nashville,Tennessee,37211.0,South,Office Supplies,Storage,294.368,4.0,0.2,-58.8736,-0.2,profit
Standard Class,Corporate,United States,Pasadena,California,91104.0,West,Office Supplies,Paper,185.88,6.0,0.0,83.646,0.45,profit
Second Class,Consumer,United States,Everett,Massachusetts,2149.0,East,Office Supplies,Paper,189.7,9.5,0.0,91.056,0.48000000000000004,profit
Second Class,Consumer,United States,Sandy Springs,Georgia,30328.0,South,Furniture,Bookcases,498.975,7.0,0.0,291.3778,0.23,profit
Standard Class,Consumer,United States,Jacksonville,Florida,32216.0,South,Furniture,Tables,498.975,4.0,0.45,-458.1468,-0.4909090909090909,profit
Same Day,Home Office,United States,Aurora,Illinois,60505.0,Central,Office Supplies,Appliances,70.97,5.0,0.5,-191.619,-2.7,profit
Second Class,Home Office,United States,Philadelphia,Pennsylvania,19134.0,East,Technology,Phones,498.975,2.0,0.4,-123.998,-0.16666666666666666,profit
Second Class,Consumer,United States,Chicago,Illinois,60653.0,Central,Office Supplies,Appliances,180.98,5.0,0.5,-470.548,-2.6,profit
Standard Class,Consumer,United States,Seattle,Washington,98103.0,West,Technology,Copiers,299.99,1.0,0.0,89.997,0.3,profit
Standard Class,Consumer,United States,Seattle,Washington,98103.0,West,Office Supplies,Paper,192.16,4.0,0.0,92.2368,0.48000000000000004,profit
Same Day,Home Office,United States,Roseville,Michigan,48066.0,Central,Office Supplies,Paper,368.91,9.0,0.0,180.7659,0.48999999999999994,profit
Standard Class,Consumer,United States,Aurora,Illinois,60505.0,Central,Furniture,Tables,69.375,1.0,0.5,-47.175,-0.6799999999999999,profit
Standard Class,Consumer,United States,Aurora,Illinois,60505.0,Central,Technology,Phones,498.975,4.0,0.2,250.396,0.125,profit
Standard Class,Consumer,United States,New York City,New York,10009.0,East,Furniture,Chairs,498.975,8.0,0.1,313.2624,0.12222222222222223,profit
Standard Class,Corporate,United States,Mount Vernon,New York,10550.0,East,Office Supplies,Storage,498.975,7.0,0.0,282.2092,0.26,profit
Standard Class,Consumer,United States,Columbus,Georgia,31907.0,South,Office Supplies,Storage,498.975,3.0,0.0,87.7578,0.13,profit
Second Class,Home Office,United States,Saint Charles,Illinois,60174.0,Central,Technology,Machines,498.975,2.0,0.3,137.264,0.2285714285714286,profit
Second Class,Home Office,United States,Saint Charles,Illinois,60174.0,Central,Technology,Accessories,498.975,8.0,0.2,135.456,0.21249999999999997,profit
Standard Class,Consumer,United States,New York City,New York,10011.0,East,Technology,Phones,299.9,2.0,0.0,74.975,0.25,profit
Standard Class,Consumer,United States,Detroit,Michigan,48234.0,Central,Office Supplies,Envelopes,180.96,2.0,0.0,81.432,0.45,profit
Standard Class,Corporate,United States,Los Angeles,California,90036.0,West,Technology,Accessories,498.975,5.0,0.0,659.98,0.4,profit
Standard Class,Consumer,United States,Houston,Texas,77036.0,Central,Furniture,Tables,376.509,3.0,0.3,-43.0296,-0.11428571428571428,profit
Standard Class,Consumer,United States,Columbus,Georgia,31907.0,South,Technology,Phones,498.975,7.0,0.0,764.3818,0.26,profit
Second Class,Corporate,United States,Aurora,Illinois,60505.0,Central,Office Supplies,Binders,94.192,7.0,0.5,-164.836,-1.7500000000000002,profit
First Class,Consumer,United States,Andover,Massachusetts,1810.0,East,Furniture,Chairs,354.9,5.0,0.0,88.725,0.25,profit
Second Class,Home Office,United States,Newark,Delaware,19711.0,East,Office Supplies,Binders,299.52,9.0,0.0,149.76,0.5,profit
Standard Class,Corporate,United States,Decatur,Alabama,35601.0,South,Technology,Accessories,498.0,5.0,0.0,184.26,0.37,profit
Standard Class,Corporate,United States,Philadelphia,Pennsylvania,19134.0,East,Furniture,Tables,373.47,5.0,0.4,-112.041,-0.3,profit
Standard Class,Corporate,United States,Philadelphia,Pennsylvania,19134.0,East,Office Supplies,Binders,64.2,5.0,0.5,-44.94,-0.7,profit
Standard Class,Consumer,United States,Great Falls,Montana,59405.0,West,Technology,Accessories,217.44,6.0,0.0,91.3248,0.42,profit
Second Class,Consumer,United States,El Paso,Texas,79907.0,Central,Furniture,Tables,498.975,5.0,0.3,-169.637,-0.18571428571428572,profit
Standard Class,Consumer,United States,Kissimmee,Florida,34741.0,South,Technology,Phones,498.975,2.0,0.2,84.5982,0.1125,profit
Second Class,Consumer,United States,Franklin,Massachusetts,2038.0,East,Office Supplies,Appliances,498.975,3.0,0.0,297.6435,0.33,profit
Second Class,Consumer,United States,Franklin,Massachusetts,2038.0,East,Furniture,Tables,366.009,3.0,0.3,-47.0583,-0.1285714285714286,profit
Same Day,Consumer,United States,Wilmington,North Carolina,28403.0,South,Office Supplies,Paper,310.688,7.0,0.2,108.7408,0.35,profit
Second Class,Consumer,United States,New York City,New York,10009.0,East,Office Supplies,Binders,232.4,5.0,0.2,78.435,0.3375,profit
Same Day,Corporate,United States,Burlington,North Carolina,27217.0,South,Furniture,Tables,498.975,4.0,0.4,-199.5076,-0.31666666666666665,profit
Standard Class,Consumer,United States,Dallas,Texas,75217.0,Central,Furniture,Tables,498.975,4.0,0.3,-173.3472,-0.1857142857142857,profit
First Class,Home Office,United States,Seattle,Washington,98105.0,West,Technology,Accessories,199.98,2.0,0.0,87.9912,0.44000000000000006,profit
Standard Class,Consumer,United States,Lakewood,New Jersey,8701.0,East,Furniture,Bookcases,498.975,5.0,0.0,129.294,0.060000000000000005,profit
Standard Class,Corporate,United States,Baltimore,Maryland,21215.0,East,Furniture,Furnishings,274.2,9.5,0.0,112.422,0.41000000000000003,profit
Standard Class,Home Office,United States,Philadelphia,Pennsylvania,19120.0,East,Technology,Phones,431.94,2.0,0.4,-71.99,-0.16666666666666666,profit
First Class,Corporate,United States,Cranston,Rhode Island,2920.0,East,Furniture,Tables,498.975,3.0,0.3,-127.5792,-0.2,profit
First Class,Consumer,United States,San Francisco,California,94122.0,West,Technology,Phones,498.975,5.0,0.2,125.997,0.075,profit
Standard Class,Corporate,United States,Houston,Texas,77070.0,Central,Furniture,Chairs,344.372,4.0,0.3,-93.4724,-0.2714285714285714,profit
Standard Class,Corporate,United States,Houston,Texas,77070.0,Central,Office Supplies,Storage,498.975,3.0,0.2,77.7468,0.049999999999999996,profit
Standard Class,Corporate,United States,Houston,Texas,77070.0,Central,Furniture,Furnishings,127.88,5.0,0.5,-67.137,-0.525,profit
Standard Class,Consumer,United States,Houston,Texas,77070.0,Central,Office Supplies,Binders,25.68,3.0,0.5,-39.804,-1.55,profit
Standard Class,Consumer,United States,Norwich,Connecticut,6360.0,East,Office Supplies,Appliances,370.14,3.0,0.0,144.3546,0.39,profit
Standard Class,Corporate,United States,Noblesville,Indiana,46060.0,Central,Furniture,Tables,498.975,6.0,0.0,241.1046,0.09,profit
Same Day,Corporate,United States,New York City,New York,10024.0,East,Technology,Machines,498.975,4.0,0.0,269.308,0.26,profit
Same Day,Consumer,United States,Seattle,Washington,98115.0,West,Furniture,Furnishings,199.8,9.5,0.0,71.928,0.36,profit
Second Class,Consumer,United States,Arlington,Virginia,22204.0,South,Technology,Machines,498.975,5.0,0.0,2799.984,0.31999999999999995,profit
Standard Class,Consumer,United States,Lubbock,Texas,79424.0,Central,Technology,Copiers,479.976,3.0,0.2,161.9919,0.33749999999999997,profit
Second Class,Consumer,United States,Yonkers,New York,10701.0,East,Technology,Accessories,479.97,3.0,0.0,177.5889,0.37,profit
Standard Class,Consumer,United States,Amarillo,Texas,79109.0,Central,Furniture,Chairs,366.744,4.0,0.3,-110.0232,-0.3,profit
Standard Class,Corporate,United States,Houston,Texas,77041.0,Central,Furniture,Furnishings,73.784,2.0,0.5,-77.4732,-1.05,profit
Standard Class,Consumer,United States,New York City,New York,10035.0,East,Technology,Accessories,199.98,2.0,0.0,83.9916,0.42000000000000004,profit
Standard Class,Corporate,United States,Chicago,Illinois,60623.0,Central,Technology,Copiers,498.975,3.0,0.2,134.9955,0.1875,profit
First Class,Consumer,United States,Springfield,Virginia,22153.0,South,Furniture,Tables,498.975,7.0,0.0,158.529,0.15000000000000002,profit
Same Day,Consumer,United States,Plantation,Florida,33317.0,South,Technology,Accessories,447.944,7.0,0.2,89.5888,0.2,profit
Second Class,Corporate,United States,Milwaukee,Wisconsin,53209.0,Central,Furniture,Chairs,498.975,5.0,0.0,378.274,0.26,profit
Standard Class,Corporate,United States,Hempstead,New York,11550.0,East,Office Supplies,Binders,498.975,7.0,0.2,314.8418,0.32499999999999996,profit
Standard Class,Corporate,United States,Hempstead,New York,11550.0,East,Office Supplies,Binders,222.352,9.5,0.2,77.8232,0.35,profit
Standard Class,Corporate,United States,Hempstead,New York,11550.0,East,Technology,Copiers,479.984,2.0,0.2,89.997,0.1875,profit
Standard Class,Consumer,United States,Houston,Texas,77041.0,Central,Technology,Machines,498.975,5.0,0.4,-199.77,-0.2,profit
Standard Class,Consumer,United States,Rochester,Minnesota,55901.0,Central,Furniture,Tables,498.975,2.0,0.0,97.2032,0.16,profit
Standard Class,Corporate,United States,Los Angeles,California,90049.0,West,Technology,Accessories,498.975,5.0,0.0,244.6155,0.19,profit
Standard Class,Consumer,United States,New York City,New York,10035.0,East,Furniture,Bookcases,353.568,2.0,0.2,-44.196,-0.125,profit
Standard Class,Consumer,United States,Oakland,California,94601.0,West,Technology,Accessories,479.97,3.0,0.0,177.5889,0.37,profit
Standard Class,Consumer,United States,Miami,Florida,33178.0,South,Office Supplies,Binders,121.104,6.0,0.5,-100.92,-0.8333333333333334,profit
Standard Class,Corporate,United States,New York City,New York,10011.0,East,Furniture,Tables,481.176,2.0,0.4,-120.294,-0.25,profit
First Class,Consumer,United States,Bethlehem,Pennsylvania,18018.0,East,Furniture,Bookcases,177.45,5.0,0.5,-78.078,-0.44000000000000006,profit
First Class,Consumer,United States,Bethlehem,Pennsylvania,18018.0,East,Office Supplies,Binders,498.975,6.0,0.5,-913.176,-0.6666666666666667,profit
Standard Class,Consumer,United States,Philadelphia,Pennsylvania,19140.0,East,Furniture,Bookcases,130.98,2.0,0.5,-89.0664,-0.68,profit
First Class,Consumer,United States,Louisville,Kentucky,40214.0,South,Office Supplies,Storage,498.975,5.0,0.0,214.76,0.26,profit
First Class,Home Office,United States,Kenosha,Wisconsin,53142.0,Central,Technology,Accessories,399.95,5.0,0.0,143.982,0.36,profit
Standard Class,Corporate,United States,Dallas,Texas,75217.0,Central,Office Supplies,Binders,498.975,5.0,0.5,-1141.47,-1.5,profit
Same Day,Consumer,United States,Peoria,Arizona,85345.0,West,Office Supplies,Binders,67.86,6.0,0.5,-45.24,-0.6666666666666667,profit
Same Day,Consumer,United States,Seattle,Washington,98103.0,West,Technology,Accessories,199.98,2.0,0.0,75.9924,0.38000000000000006,profit
Standard Class,Consumer,United States,Fort Lauderdale,Florida,33311.0,South,Furniture,Bookcases,498.975,5.0,0.2,-81.441,-0.11250000000000002,profit
First Class,Consumer,United States,Mansfield,Texas,76063.0,Central,Furniture,Tables,498.975,5.0,0.3,-81.3065,-0.15714285714285714,profit
Second Class,Corporate,United States,Richmond,Virginia,23223.0,South,Office Supplies,Appliances,498.975,7.0,0.0,694.5015,0.32999999999999996,profit
Standard Class,Corporate,United States,Akron,Ohio,44312.0,East,Technology,Phones,259.896,2.0,0.4,-56.3108,-0.21666666666666665,profit
Standard Class,Corporate,United States,Akron,Ohio,44312.0,East,Technology,Phones,247.188,2.0,0.4,-49.4376,-0.2,profit
Standard Class,Home Office,United States,San Francisco,California,94110.0,West,Technology,Accessories,450.0,5.0,0.0,162.0,0.36,profit
Standard Class,Corporate,United States,Nashville,Tennessee,37211.0,South,Technology,Phones,498.975,8.0,0.2,223.9936,0.09999999999999999,profit
Second Class,Home Office,United States,Houston,Texas,77070.0,Central,Office Supplies,Appliances,64.384,4.0,0.5,-160.96,-2.5,profit
Second Class,Home Office,United States,Houston,Texas,77070.0,Central,Furniture,Chairs,379.372,2.0,0.3,-119.2312,-0.3142857142857143,profit
Second Class,Corporate,United States,Seattle,Washington,98105.0,West,Technology,Accessories,498.975,5.0,0.0,244.6155,0.19,profit
Standard Class,Corporate,United States,Woodbury,Minnesota,55125.0,Central,Office Supplies,Storage,498.975,3.0,0.0,160.623,0.3,profit
First Class,Consumer,United States,New York City,New York,10009.0,East,Office Supplies,Binders,498.975,3.0,0.2,1143.891,0.375,profit
Standard Class,Home Office,United States,Atlanta,Georgia,30318.0,South,Office Supplies,Binders,498.975,1.0,0.0,635.495,0.5,profit
Standard Class,Corporate,United States,Fort Worth,Texas,76106.0,Central,Office Supplies,Appliances,24.588,3.0,0.5,-67.617,-2.75,profit
First Class,Corporate,United States,Raleigh,North Carolina,27604.0,South,Office Supplies,Appliances,498.975,4.0,0.2,94.2784,0.1,profit
Standard Class,Corporate,United States,Twin Falls,Idaho,83301.0,West,Furniture,Tables,498.975,3.0,0.0,259.5297,0.22999999999999998,profit
First Class,Corporate,United States,Los Angeles,California,90008.0,West,Technology,Phones,498.975,5.0,0.2,72.975,0.125,profit
Standard Class,Home Office,United States,Burlington,Vermont,5408.0,East,Technology,Phones,498.975,5.0,0.0,336.635,0.26,profit
First Class,Consumer,United States,Philadelphia,Pennsylvania,19134.0,East,Technology,Copiers,498.975,5.0,0.4,239.996,0.13333333333333333,profit
Second Class,Consumer,United States,Wilmington,Delaware,19805.0,East,Technology,Phones,307.98,2.0,0.0,89.3142,0.29,profit
Standard Class,Consumer,United States,Austin,Texas,78745.0,Central,Office Supplies,Paper,335.52,4.0,0.2,117.432,0.35000000000000003,profit
Standard Class,Consumer,United States,Orlando,Florida,32839.0,South,Technology,Copiers,498.975,2.0,0.2,311.9948,0.325,profit
Standard Class,Consumer,United States,Rochester,New York,14609.0,East,Office Supplies,Binders,498.975,2.0,0.2,456.588,0.375,profit
Second Class,Corporate,United States,Los Angeles,California,90004.0,West,Technology,Accessories,299.97,3.0,0.0,131.9868,0.43999999999999995,profit
Standard Class,Corporate,United States,Sacramento,California,95823.0,West,Office Supplies,Binders,498.975,5.0,0.2,1906.485,0.375,profit
Standard Class,Home Office,United States,Paterson,New Jersey,7501.0,East,Office Supplies,Binders,209.6,4.0,0.0,96.416,0.46,profit
First Class,Consumer,United States,Chicago,Illinois,60653.0,Central,Furniture,Bookcases,493.43,5.0,0.3,-70.49,-0.14285714285714285,profit
Standard Class,Consumer,United States,San Diego,California,92037.0,West,Technology,Machines,498.975,2.0,0.2,77.22,0.1125,profit
Same Day,Consumer,United States,Columbus,Ohio,43229.0,East,Technology,Machines,101.994,2.0,0.5,-71.3958,-0.7,profit
Standard Class,Consumer,United States,Irving,Texas,75061.0,Central,Office Supplies,Appliances,58.924,1.0,0.5,-153.2024,-2.6,profit
Standard Class,Consumer,United States,Morristown,New Jersey,7960.0,East,Technology,Machines,480.0,4.0,0.0,225.6,0.47,profit
First Class,Corporate,United States,Los Angeles,California,90008.0,West,Office Supplies,Paper,192.72,9.5,0.0,92.5056,0.48,profit
First Class,Corporate,United States,Los Angeles,California,90008.0,West,Technology,Accessories,239.97,3.0,0.0,86.3892,0.36,profit
Standard Class,Home Office,United States,Stockton,California,95207.0,West,Furniture,Furnishings,498.975,9.0,0.0,107.0388,0.16999999999999998,profit
Second Class,Home Office,United States,Columbia,Missouri,65203.0,Central,Technology,Phones,449.97,3.0,0.0,220.4853,0.48999999999999994,profit
Second Class,Home Office,United States,Columbia,Missouri,65203.0,Central,Office Supplies,Appliances,498.975,7.0,0.0,751.7601,0.39,profit
Standard Class,Home Office,United States,San Diego,California,92037.0,West,Furniture,Chairs,498.975,9.0,0.2,267.6672,0.09999999999999999,profit
Second Class,Corporate,United States,Springfield,Virginia,22153.0,South,Technology,Phones,494.97,3.0,0.0,148.491,0.3,profit
Standard Class,Corporate,United States,Moreno Valley,California,92553.0,West,Office Supplies,Paper,182.72,8.0,0.0,84.0512,0.45999999999999996,profit
Standard Class,Corporate,United States,Austin,Texas,78745.0,Central,Office Supplies,Storage,498.975,6.0,0.2,107.082,0.125,profit
Standard Class,Corporate,United States,Austin,Texas,78745.0,Central,Office Supplies,Appliances,48.784,4.0,0.5,-131.7168,-2.7,profit
Standard Class,Consumer,United States,Rockford,Illinois,61107.0,Central,Technology,Phones,498.975,4.0,0.2,143.9968,0.1,profit
Standard Class,Consumer,United States,Rockford,Illinois,61107.0,Central,Furniture,Tables,498.975,3.0,0.5,-538.446,-0.86,profit
Standard Class,Consumer,United States,Huntsville,Texas,77340.0,Central,Furniture,Tables,498.975,4.0,0.3,-113.282,-0.1857142857142857,profit
Standard Class,Consumer,United States,Huntsville,Texas,77340.0,Central,Furniture,Tables,211.372,2.0,0.3,-45.294,-0.21428571428571425,profit
Same Day,Corporate,United States,Philadelphia,Pennsylvania,19120.0,East,Technology,Accessories,498.975,9.5,0.2,209.979,0.18750000000000003,profit
First Class,Consumer,United States,Portland,Oregon,97206.0,West,Technology,Machines,179.991,3.0,0.5,-251.9874,-1.4,profit
Standard Class,Consumer,United States,Aurora,Illinois,60505.0,Central,Furniture,Chairs,239.358,3.0,0.3,-47.8716,-0.2,profit
First Class,Home Office,United States,San Francisco,California,94109.0,West,Office Supplies,Paper,164.88,3.0,0.0,80.7912,0.49000000000000005,profit
Standard Class,Consumer,United States,Jackson,Tennessee,38301.0,South,Furniture,Tables,498.975,6.0,0.4,-249.3216,-0.26666666666666666,profit
Standard Class,Consumer,United States,Houston,Texas,77070.0,Central,Office Supplies,Appliances,67.84,5.0,0.5,-179.776,-2.65,profit
First Class,Consumer,United States,Virginia Beach,Virginia,23464.0,South,Furniture,Furnishings,273.96,2.0,0.0,71.2296,0.26000000000000006,profit
First Class,Consumer,United States,Virginia Beach,Virginia,23464.0,South,Furniture,Furnishings,498.975,5.0,0.0,75.68,0.10000000000000002,profit
Standard Class,Consumer,United States,Chicago,Illinois,60623.0,Central,Furniture,Furnishings,159.04,5.0,0.5,-194.824,-1.225,profit
Standard Class,Consumer,United States,Chicago,Illinois,60623.0,Central,Furniture,Tables,145.98,2.0,0.5,-99.2664,-0.68,profit
Standard Class,Consumer,United States,Jacksonville,North Carolina,28540.0,South,Office Supplies,Binders,95.97,5.0,0.5,-73.577,-0.7666666666666666,profit
Standard Class,Corporate,United States,Springfield,Missouri,65807.0,Central,Technology,Copiers,498.975,7.0,0.0,2302.9671,0.4699999999999999,profit
Standard Class,Corporate,United States,Columbia,Tennessee,38401.0,South,Furniture,Tables,498.975,7.0,0.4,-968.8833,-0.5166666666666666,profit
Same Day,Consumer,United States,Houston,Texas,77041.0,Central,Office Supplies,Paper,274.064,7.0,0.2,102.774,0.375,profit
Standard Class,Home Office,United States,Philadelphia,Pennsylvania,19140.0,East,Furniture,Chairs,458.43,5.0,0.3,-124.431,-0.2714285714285714,profit
Standard Class,Corporate,United States,Toledo,Ohio,43615.0,East,Office Supplies,Binders,166.92,9.5,0.5,-116.844,-0.7000000000000001,profit
Same Day,Corporate,United States,Seattle,Washington,98103.0,West,Office Supplies,Appliances,314.6,4.0,0.0,103.818,0.32999999999999996,profit
Standard Class,Home Office,United States,Detroit,Michigan,48227.0,Central,Furniture,Chairs,487.96,2.0,0.0,146.388,0.30000000000000004,profit
Standard Class,Consumer,United States,Fayetteville,Arkansas,72701.0,South,Office Supplies,Binders,498.975,2.0,0.0,843.1706,0.47000000000000003,profit
Standard Class,Consumer,United States,Detroit,Michigan,48205.0,Central,Office Supplies,Binders,498.975,9.5,0.0,4946.37,0.5,profit
Standard Class,Corporate,United States,Chandler,Arizona,85224.0,West,Furniture,Tables,73.915,1.0,0.5,-45.8273,-0.62,profit
Standard Class,Corporate,United States,San Francisco,California,94122.0,West,Technology,Accessories,479.97,3.0,0.0,163.1898,0.33999999999999997,profit
First Class,Home Office,United States,New York City,New York,10011.0,East,Furniture,Chairs,498.975,9.5,0.1,553.3902,0.2111111111111111,profit
Standard Class,Corporate,United States,Seattle,Washington,98103.0,West,Furniture,Tables,498.975,7.0,0.0,334.551,0.3,profit
Standard Class,Consumer,United States,Chicago,Illinois,60653.0,Central,Office Supplies,Paper,322.192,9.5,0.2,100.685,0.3125,profit
Second Class,Consumer,United States,Los Angeles,California,90049.0,West,Office Supplies,Binders,276.784,2.0,0.2,89.9548,0.325,profit
Standard Class,Corporate,United States,Houston,Texas,77041.0,Central,Office Supplies,Appliances,93.032,2.0,0.5,-251.1864,-2.7,profit
Standard Class,Corporate,United States,Houston,Texas,77041.0,Central,Furniture,Chairs,454.965,5.0,0.3,-136.4895,-0.3,profit
Second Class,Consumer,United States,Springfield,Ohio,45503.0,East,Office Supplies,Storage,295.4,5.0,0.2,-62.7725,-0.21250000000000002,profit
First Class,Consumer,United States,Louisville,Kentucky,40214.0,South,Office Supplies,Storage,348.56,8.0,0.0,104.568,0.3,profit
Second Class,Corporate,United States,Troy,Ohio,45373.0,East,Furniture,Bookcases,482.94,6.0,0.5,-376.6932,-0.78,profit
Standard Class,Consumer,United States,Detroit,Michigan,48227.0,Central,Technology,Phones,299.98,2.0,0.0,83.9944,0.27999999999999997,profit
Standard Class,Consumer,United States,Detroit,Michigan,48227.0,Central,Office Supplies,Binders,403.68,6.0,0.0,181.656,0.45,profit
Standard Class,Home Office,United States,Dallas,Texas,75081.0,Central,Technology,Accessories,498.975,3.0,0.2,128.6805,0.1625,profit
Standard Class,Consumer,United States,Houston,Texas,77041.0,Central,Furniture,Furnishings,64.96,5.0,0.5,-84.448,-1.3,profit
Standard Class,Consumer,United States,Houston,Texas,77041.0,Central,Office Supplies,Binders,32.06,9.5,0.5,-51.296,-1.5999999999999999,profit
Second Class,Consumer,United States,Philadelphia,Pennsylvania,19140.0,East,Technology,Phones,429.6,2.0,0.4,-93.08,-0.21666666666666665,profit
Second Class,Consumer,United States,Philadelphia,Pennsylvania,19140.0,East,Furniture,Chairs,498.975,3.0,0.3,-63.3765,-0.07142857142857144,profit
Second Class,Consumer,United States,Philadelphia,Pennsylvania,19120.0,East,Office Supplies,Binders,78.759,9.0,0.5,-57.7566,-0.7333333333333333,profit
First Class,Corporate,United States,Redmond,Oregon,97756.0,West,Office Supplies,Binders,88.074,7.0,0.5,-58.716,-0.6666666666666667,profit
Second Class,Consumer,United States,Cleveland,Ohio,44105.0,East,Furniture,Bookcases,301.47,3.0,0.5,-241.176,-0.7999999999999999,profit
Standard Class,Consumer,United States,Buffalo Grove,Illinois,60089.0,Central,Technology,Accessories,475.944,7.0,0.2,95.1888,0.19999999999999998,profit
Standard Class,Corporate,United States,Burlington,Vermont,5408.0,East,Office Supplies,Storage,498.975,9.5,0.0,406.7154,0.26,profit
Standard Class,Corporate,United States,Bangor,Maine,4401.0,East,Office Supplies,Paper,259.74,9.5,0.0,124.6752,0.48,profit
Standard Class,Corporate,United States,Bangor,Maine,4401.0,East,Technology,Accessories,255.42,9.0,0.0,104.7222,0.41000000000000003,profit
Standard Class,Consumer,United States,Eau Claire,Wisconsin,54703.0,Central,Furniture,Chairs,498.975,3.0,0.0,176.8026,0.26,profit
Standard Class,Consumer,United States,Chicago,Illinois,60610.0,Central,Office Supplies,Appliances,143.128,2.0,0.5,-393.602,-2.75,profit
Second Class,Consumer,United States,San Diego,California,92037.0,West,Technology,Machines,498.975,4.0,0.2,503.64,0.11249999999999999,profit
Second Class,Consumer,United States,San Diego,California,92037.0,West,Office Supplies,Appliances,241.44,3.0,0.0,72.432,0.3,profit
Standard Class,Home Office,United States,Jackson,Mississippi,39212.0,South,Office Supplies,Paper,319.76,9.5,0.0,147.0896,0.45999999999999996,profit
Same Day,Home Office,United States,Oxnard,California,93030.0,West,Office Supplies,Storage,498.975,3.0,0.0,222.588,0.19999999999999998,profit
Standard Class,Consumer,United States,Westminster,California,92683.0,West,Office Supplies,Appliances,498.975,5.0,0.0,412.468,0.28,profit
Standard Class,Home Office,United States,Allentown,Pennsylvania,18103.0,East,Office Supplies,Storage,498.975,6.0,0.2,-165.768,-0.25,profit
Standard Class,Home Office,United States,Allentown,Pennsylvania,18103.0,East,Office Supplies,Binders,99.588,2.0,0.5,-82.99,-0.8333333333333334,profit
Standard Class,Corporate,United States,San Antonio,Texas,78207.0,Central,Office Supplies,Binders,29.372,7.0,0.5,-46.9952,-1.5999999999999999,profit
Standard Class,Consumer,United States,San Jose,California,95123.0,West,Technology,Phones,498.975,5.0,0.2,125.3,0.0875,profit
First Class,Consumer,United States,Perth Amboy,New Jersey,8861.0,East,Office Supplies,Binders,315.98,1.0,0.0,148.5106,0.47000000000000003,profit
Standard Class,Consumer,United States,Philadelphia,Pennsylvania,19120.0,East,Furniture,Bookcases,301.47,3.0,0.5,-204.9996,-0.6799999999999999,profit
First Class,Consumer,United States,Lafayette,Louisiana,70506.0,South,Furniture,Tables,498.975,4.0,0.0,346.0396,0.23,profit
Standard Class,Corporate,United States,Los Angeles,California,90008.0,West,Office Supplies,Appliances,381.36,7.0,0.0,106.7808,0.27999999999999997,profit
Standard Class,Consumer,United States,Phoenix,Arizona,85023.0,West,Office Supplies,Binders,498.975,6.0,0.5,-694.2936,-0.7333333333333333,profit
Standard Class,Consumer,United States,New York City,New York,10009.0,East,Technology,Phones,498.975,7.0,0.0,220.4825,0.25,profit
Standard Class,Consumer,United States,New York City,New York,10035.0,East,Office Supplies,Binders,498.975,6.0,0.2,1453.1238,0.3375,profit
Standard Class,Corporate,United States,New York City,New York,10024.0,East,Technology,Phones,498.975,4.0,0.0,303.3408,0.48,profit
Standard Class,Consumer,United States,Henderson,Kentucky,42420.0,South,Office Supplies,Binders,498.975,3.0,0.0,757.4112,0.48,profit
Same Day,Corporate,United States,Albuquerque,New Mexico,87105.0,West,Office Supplies,Art,255.85,7.0,0.0,112.574,0.44,profit
Standard Class,Home Office,United States,Dallas,Texas,75081.0,Central,Furniture,Tables,457.485,3.0,0.3,-84.9615,-0.18571428571428572,profit
Standard Class,Corporate,United States,Cleveland,Ohio,44105.0,East,Furniture,Bookcases,115.96,4.0,0.5,-64.9376,-0.56,profit
Same Day,Corporate,United States,Detroit,Michigan,48234.0,Central,Office Supplies,Storage,418.32,7.0,0.0,117.1296,0.27999999999999997,profit
Standard Class,Consumer,United States,Philadelphia,Pennsylvania,19140.0,East,Office Supplies,Supplies,498.975,4.0,0.2,-163.4516,-0.21250000000000002,profit
Standard Class,Consumer,United States,Houston,Texas,77041.0,Central,Furniture,Furnishings,66.112,4.0,0.5,-84.2928,-1.2750000000000001,profit
Standard Class,Consumer,United States,Los Angeles,California,90036.0,West,Office Supplies,Paper,211.04,8.0,0.0,97.0784,0.46,profit
Standard Class,Corporate,United States,Springfield,Oregon,97477.0,West,Technology,Phones,498.975,3.0,0.2,75.18,0.08750000000000001,profit
First Class,Home Office,United States,Troy,Ohio,45373.0,East,Furniture,Tables,455.97,5.0,0.4,-106.393,-0.2333333333333333,profit
Standard Class,Consumer,United States,Moreno Valley,California,92553.0,West,Furniture,Furnishings,498.975,8.0,0.0,202.2528,0.24,profit
Second Class,Corporate,United States,New York City,New York,10024.0,East,Furniture,Tables,313.722,3.0,0.4,-99.3453,-0.31666666666666665,profit
Standard Class,Consumer,United States,Long Beach,New York,11561.0,East,Office Supplies,Storage,498.975,6.0,0.0,83.844,0.049999999999999996,profit
First Class,Corporate,United States,Columbus,Ohio,43229.0,East,Furniture,Chairs,317.058,3.0,0.3,-86.0586,-0.2714285714285714,profit
Standard Class,Consumer,United States,Burlington,Vermont,5408.0,East,Office Supplies,Appliances,498.975,3.0,0.0,152.0232,0.27999999999999997,profit
First Class,Consumer,United States,New York City,New York,10011.0,East,Technology,Phones,498.975,5.0,0.0,157.4875,0.25,profit
First Class,Consumer,United States,New York City,New York,10011.0,East,Furniture,Chairs,498.975,2.0,0.1,140.396,0.22222222222222218,profit
First Class,Consumer,United States,New York City,New York,10011.0,East,Technology,Phones,498.975,9.0,0.0,661.4559,0.49,profit
Second Class,Consumer,United States,New York City,New York,10024.0,East,Furniture,Tables,209.148,2.0,0.4,-66.2302,-0.31666666666666665,profit
Second Class,Consumer,United States,New York City,New York,10024.0,East,Office Supplies,Storage,498.975,6.0,0.0,286.3836,0.18,profit
First Class,Home Office,United States,Chicago,Illinois,60653.0,Central,Technology,Machines,498.975,2.0,0.3,156.047,0.27142857142857146,profit
Second Class,Consumer,United States,New York City,New York,10035.0,East,Technology,Accessories,498.975,9.0,0.0,171.36,0.16,profit
Second Class,Corporate,United States,Houston,Texas,77041.0,Central,Office Supplies,Appliances,21.984,6.0,0.5,-56.0592,-2.55,profit
Second Class,Consumer,United States,New York City,New York,10035.0,East,Furniture,Chairs,498.975,6.0,0.1,420.588,0.11111111111111112,profit
Standard Class,Corporate,United States,Huntsville,Texas,77340.0,Central,Furniture,Chairs,498.975,8.0,0.3,-69.312,-0.05714285714285714,profit
Standard Class,Corporate,United States,Dallas,Texas,75081.0,Central,Technology,Phones,498.975,5.0,0.2,82.497,0.075,profit
Standard Class,Consumer,United States,Philadelphia,Pennsylvania,19134.0,East,Technology,Phones,285.576,4.0,0.4,-57.1152,-0.19999999999999998,profit
Standard Class,Consumer,United States,Tulsa,Oklahoma,74133.0,Central,Furniture,Furnishings,477.3,5.0,0.0,138.417,0.29,profit
Second Class,Corporate,United States,Louisville,Kentucky,40214.0,South,Furniture,Chairs,498.975,2.0,0.0,168.4704,0.24,profit
Second Class,Consumer,United States,New York City,New York,10024.0,East,Furniture,Tables,166.5,2.0,0.4,-66.6,-0.39999999999999997,profit
Second Class,Corporate,United States,Chicago,Illinois,60653.0,Central,Furniture,Furnishings,51.56,2.0,0.5,-61.872,-1.2,profit
Standard Class,Consumer,United States,Oswego,Illinois,60543.0,Central,Office Supplies,Binders,304.99,5.0,0.5,-533.7325,-1.7499999999999998,profit
Second Class,Home Office,United States,Philadelphia,Pennsylvania,19134.0,East,Technology,Accessories,319.984,2.0,0.2,91.9954,0.28750000000000003,profit
Second Class,Corporate,United States,Houston,Texas,77036.0,Central,Furniture,Bookcases,498.975,9.5,0.32,-137.976,-0.1764705882352941,profit
Same Day,Consumer,United States,Wheeling,West Virginia,26003.0,East,Furniture,Tables,498.975,3.0,0.3,-76.9536,-0.11428571428571427,profit
Standard Class,Consumer,United States,San Francisco,California,94110.0,West,Office Supplies,Binders,498.975,8.0,0.2,682.5168,0.3375,profit
Standard Class,Corporate,United States,Broken Arrow,Oklahoma,74012.0,Central,Furniture,Tables,498.975,7.0,0.0,350.427,0.22000000000000003,profit
First Class,Home Office,United States,Greenwood,Indiana,46142.0,Central,Office Supplies,Paper,167.94,3.0,0.0,82.2906,0.49,profit
Standard Class,Corporate,United States,New York City,New York,10009.0,East,Technology,Phones,498.975,7.0,0.0,272.9825,0.25,profit
Standard Class,Consumer,United States,Appleton,Wisconsin,54915.0,Central,Technology,Accessories,498.975,5.0,0.0,544.4175,0.33,profit
Standard Class,Consumer,United States,New York City,New York,10011.0,East,Furniture,Chairs,427.644,9.5,0.1,80.7772,0.18888888888888888,profit
First Class,Corporate,United States,San Francisco,California,94110.0,West,Furniture,Bookcases,477.666,2.0,0.15,84.294,0.1764705882352941,profit
Standard Class,Corporate,United States,Houston,Texas,77095.0,Central,Furniture,Bookcases,369.1992,3.0,0.32,-114.0174,-0.30882352941176466,profit
Second Class,Corporate,United States,Philadelphia,Pennsylvania,19134.0,East,Office Supplies,Appliances,453.6,3.0,0.2,90.72,0.19999999999999998,profit
Second Class,Home Office,United States,Concord,New Hampshire,3301.0,East,Office Supplies,Paper,184.66,7.0,0.0,84.9436,0.46,profit
First Class,Consumer,United States,Newark,Ohio,43055.0,East,Office Supplies,Storage,195.64,5.0,0.2,-44.019,-0.225,profit
First Class,Consumer,United States,Newark,Ohio,43055.0,East,Technology,Accessories,431.976,3.0,0.2,-75.5958,-0.175,profit
First Class,Consumer,United States,Newark,Ohio,43055.0,East,Technology,Machines,224.937,3.0,0.5,-164.9538,-0.7333333333333333,profit
Same Day,Consumer,United States,Tampa,Florida,33614.0,South,Furniture,Chairs,498.975,7.0,0.2,98.4802,0.0875,profit
Second Class,Consumer,United States,San Antonio,Texas,78207.0,Central,Technology,Machines,399.54,2.0,0.4,-79.908,-0.19999999999999998,profit
First Class,Home Office,United States,New York City,New York,10035.0,East,Technology,Phones,498.975,3.0,0.0,323.955,0.3,profit
Standard Class,Corporate,United States,Chicago,Illinois,60653.0,Central,Office Supplies,Storage,195.136,4.0,0.2,-43.9056,-0.225,profit
Standard Class,Home Office,United States,Chicago,Illinois,60610.0,Central,Office Supplies,Binders,104.58,9.0,0.5,-172.557,-1.65,profit
Standard Class,Home Office,United States,Pasadena,Texas,77506.0,Central,Furniture,Furnishings,302.72,5.0,0.5,-378.4,-1.2499999999999998,profit
Standard Class,Corporate,United States,San Jose,California,95123.0,West,Office Supplies,Binders,276.784,2.0,0.2,89.9548,0.325,profit
Standard Class,Consumer,United States,Jonesboro,Arkansas,72401.0,South,Office Supplies,Paper,239.5,5.0,0.0,114.96,0.48,profit
Standard Class,Corporate,United States,Rochester,New York,14609.0,East,Furniture,Tables,376.866,3.0,0.4,-213.5574,-0.5666666666666667,profit
Standard Class,Corporate,United States,Lancaster,Ohio,43130.0,East,Office Supplies,Storage,194.352,3.0,0.2,-43.7292,-0.22499999999999998,profit
First Class,Corporate,United States,Seattle,Washington,98115.0,West,Office Supplies,Binders,498.975,2.0,0.2,762.594,0.375,profit
Standard Class,Corporate,United States,Bowling Green,Ohio,43402.0,East,Technology,Copiers,498.975,3.0,0.4,74.9985,0.08333333333333334,profit
First Class,Consumer,United States,Dallas,Texas,75220.0,Central,Office Supplies,Appliances,21.392,2.0,0.5,-54.5496,-2.55,profit
First Class,Consumer,United States,Dallas,Texas,75220.0,Central,Furniture,Bookcases,409.9992,3.0,0.32,-96.4704,-0.23529411764705882,profit
Standard Class,Consumer,United States,New York City,New York,10011.0,East,Technology,Phones,179.7,6.0,0.0,88.053,0.49,profit
First Class,Consumer,United States,Everett,Massachusetts,2149.0,East,Furniture,Chairs,498.975,9.0,0.0,260.6112,0.16,profit
Standard Class,Corporate,United States,Seattle,Washington,98105.0,West,Furniture,Tables,498.975,4.0,0.0,94.926,0.13,profit
Second Class,Consumer,United States,Concord,North Carolina,28027.0,South,Furniture,Tables,498.975,9.5,0.4,-1862.3124,-0.4333333333333333,profit
Standard Class,Consumer,United States,Glendale,Arizona,85301.0,West,Office Supplies,Binders,72.588,2.0,0.5,-48.392,-0.6666666666666667,profit
Standard Class,Consumer,United States,Coon Rapids,Minnesota,55433.0,Central,Technology,Phones,281.97,3.0,0.0,78.9516,0.27999999999999997,profit
Standard Class,Consumer,United States,Los Angeles,California,90045.0,West,Furniture,Bookcases,498.975,8.0,0.15,160.3136,0.047058823529411764,profit
Standard Class,Consumer,United States,Los Angeles,California,90045.0,West,Furniture,Furnishings,498.975,6.0,0.0,297.69,0.5,profit
Standard Class,Consumer,United States,New York City,New York,10035.0,East,Furniture,Chairs,498.975,4.0,0.1,83.7096,0.14444444444444443,profit
Standard Class,Home Office,United States,Santa Barbara,California,93101.0,West,Technology,Phones,498.975,9.0,0.2,226.7946,0.075,profit
Standard Class,Home Office,United States,Santa Barbara,California,93101.0,West,Technology,Phones,477.6,3.0,0.2,161.19,0.33749999999999997,profit
Standard Class,Home Office,United States,Philadelphia,Pennsylvania,19143.0,East,Technology,Phones,498.975,5.0,0.4,-374.9925,-0.25,profit
Standard Class,Corporate,United States,San Francisco,California,94122.0,West,Technology,Phones,498.975,9.0,0.2,75.168,0.11250000000000002,profit
Standard Class,Consumer,United States,Richmond,Virginia,23223.0,South,Technology,Phones,498.975,4.0,0.0,125.99,0.25,profit
Standard Class,Corporate,United States,Fairfield,Connecticut,6824.0,East,Office Supplies,Storage,470.36,9.5,0.0,122.2936,0.26,profit
Second Class,Corporate,United States,Detroit,Michigan,48234.0,Central,Office Supplies,Labels,491.55,5.0,0.0,240.8595,0.49,profit
Standard Class,Home Office,United States,Wilmington,Delaware,19805.0,East,Office Supplies,Binders,498.975,5.0,0.0,390.977,0.45999999999999996,profit
Standard Class,Consumer,United States,Philadelphia,Pennsylvania,19143.0,East,Office Supplies,Storage,498.975,6.0,0.2,-94.5084,-0.0875,profit
Second Class,Consumer,United States,Lancaster,Pennsylvania,17602.0,East,Office Supplies,Storage,221.024,2.0,0.2,-55.256,-0.25,profit
Standard Class,Home Office,United States,New York City,New York,10011.0,East,Office Supplies,Binders,296.712,9.5,0.2,100.1403,0.3375,profit
First Class,Consumer,United States,Lowell,Massachusetts,1852.0,East,Office Supplies,Appliances,286.86,7.0,0.0,80.3208,0.28,profit
First Class,Consumer,United States,Lowell,Massachusetts,1852.0,East,Technology,Phones,498.975,5.0,0.0,284.1855,0.29,profit
Standard Class,Consumer,United States,Seattle,Washington,98115.0,West,Office Supplies,Storage,498.975,5.0,0.0,153.4725,0.19,profit
Standard Class,Corporate,United States,Hampton,Virginia,23666.0,South,Furniture,Chairs,498.975,9.5,0.0,145.0696,0.29000000000000004,profit
Standard Class,Corporate,United States,Hampton,Virginia,23666.0,South,Office Supplies,Binders,498.975,1.0,0.0,421.5853,0.47000000000000003,profit
Standard Class,Home Office,United States,Omaha,Nebraska,68104.0,Central,Technology,Phones,269.98,2.0,0.0,72.8946,0.26999999999999996,profit
Standard Class,Corporate,United States,Los Angeles,California,90032.0,West,Office Supplies,Storage,310.12,2.0,0.0,80.6312,0.26,profit
Standard Class,Corporate,United States,Burlington,Vermont,5408.0,East,Furniture,Bookcases,498.975,5.0,0.0,1013.127,0.23,profit
Standard Class,Consumer,United States,Aurora,Illinois,60505.0,Central,Office Supplies,Envelopes,268.576,4.0,0.2,90.6444,0.33749999999999997,profit
Standard Class,Consumer,United States,Chicago,Illinois,60653.0,Central,Furniture,Chairs,498.975,4.0,0.3,-56.996,-0.07142857142857144,profit
Standard Class,Corporate,United States,Seattle,Washington,98103.0,West,Technology,Accessories,239.97,3.0,0.0,86.3892,0.36,profit
Standard Class,Consumer,United States,San Antonio,Texas,78207.0,Central,Office Supplies,Binders,498.975,8.0,0.5,-3701.8928,-1.7000000000000002,profit
Standard Class,Consumer,United States,Long Beach,New York,11561.0,East,Technology,Phones,437.85,3.0,0.0,131.355,0.29999999999999993,profit
Standard Class,Consumer,United States,Long Beach,New York,11561.0,East,Office Supplies,Binders,498.975,2.0,0.2,252.588,0.375,profit
Second Class,Corporate,United States,Paterson,New Jersey,7501.0,East,Office Supplies,Paper,274.8,5.0,0.0,134.652,0.48999999999999994,profit
Standard Class,Consumer,United States,Houston,Texas,77070.0,Central,Furniture,Chairs,211.246,2.0,0.3,-66.3916,-0.3142857142857143,profit
Standard Class,Corporate,United States,Toledo,Ohio,43615.0,East,Technology,Phones,235.188,2.0,0.4,-43.1178,-0.18333333333333335,profit
First Class,Consumer,United States,East Orange,New Jersey,7017.0,East,Office Supplies,Paper,204.95,5.0,0.0,100.4255,0.49000000000000005,profit
Second Class,Consumer,United States,Beaumont,Texas,77705.0,Central,Technology,Accessories,319.968,4.0,0.2,95.9904,0.3,profit
Standard Class,Corporate,United States,Springfield,Ohio,45503.0,East,Technology,Accessories,498.975,7.0,0.2,190.3881,0.21250000000000002,profit
Standard Class,Consumer,United States,Long Beach,California,90805.0,West,Technology,Copiers,479.976,3.0,0.2,161.9919,0.33749999999999997,profit
First Class,Consumer,United States,Decatur,Illinois,62521.0,Central,Furniture,Furnishings,61.544,7.0,0.5,-40.0036,-0.65,profit
Second Class,Home Office,United States,Los Angeles,California,90008.0,West,Furniture,Furnishings,498.975,5.0,0.0,132.99,0.26,profit
Standard Class,Corporate,United States,New York City,New York,10009.0,East,Furniture,Furnishings,214.7,5.0,0.0,83.733,0.39,profit
Standard Class,Corporate,United States,Seattle,Washington,98103.0,West,Furniture,Tables,498.975,8.0,0.0,610.8624,0.18,profit
Second Class,Corporate,United States,New York City,New York,10009.0,East,Office Supplies,Storage,498.975,7.0,0.0,282.2092,0.26,profit
First Class,Consumer,United States,Woodstock,Georgia,30188.0,South,Technology,Accessories,272.61,9.5,0.0,98.1396,0.36,profit
Second Class,Corporate,United States,Milwaukee,Wisconsin,53209.0,Central,Technology,Phones,297.55,5.0,0.0,83.314,0.27999999999999997,profit
Second Class,Corporate,United States,Milwaukee,Wisconsin,53209.0,Central,Furniture,Chairs,403.56,4.0,0.0,96.8544,0.24,profit
Standard Class,Home Office,United States,Springfield,Ohio,45503.0,East,Furniture,Tables,330.588,1.0,0.4,-143.2548,-0.4333333333333333,profit
First Class,Corporate,United States,Anaheim,California,92804.0,West,Furniture,Chairs,498.975,3.0,0.2,71.772,0.1,profit
First Class,Corporate,United States,Anaheim,California,92804.0,West,Office Supplies,Paper,209.7,2.0,0.0,100.656,0.48000000000000004,profit
First Class,Corporate,United States,Santa Barbara,California,93101.0,West,Furniture,Chairs,362.136,3.0,0.2,-54.3204,-0.15,profit
Standard Class,Corporate,United States,Bryan,Texas,77803.0,Central,Furniture,Chairs,498.975,5.0,0.3,-143.431,-0.27142857142857146,profit
First Class,Corporate,United States,New York City,New York,10035.0,East,Office Supplies,Binders,498.975,8.0,0.2,353.5792,0.325,profit
Same Day,Consumer,United States,San Francisco,California,94122.0,West,Technology,Copiers,498.975,5.0,0.2,944.9865,0.33749999999999997,profit
Standard Class,Consumer,United States,San Bernardino,California,92404.0,West,Furniture,Bookcases,498.975,4.0,0.15,-40.196,-0.058823529411764705,profit
Standard Class,Consumer,United States,San Francisco,California,94122.0,West,Technology,Accessories,223.58,9.5,0.0,87.1962,0.39,profit
Second Class,Corporate,United States,Indianapolis,Indiana,46203.0,Central,Furniture,Chairs,498.975,6.0,0.0,539.2464,0.27999999999999997,profit
Second Class,Corporate,United States,Indianapolis,Indiana,46203.0,Central,Office Supplies,Appliances,498.975,8.0,0.0,793.716,0.33,profit
Standard Class,Home Office,United States,New Rochelle,New York,10801.0,East,Office Supplies,Paper,223.92,4.0,0.0,109.7208,0.49,profit
First Class,Home Office,United States,Houston,Texas,77041.0,Central,Furniture,Bookcases,383.4656,4.0,0.32,-67.6704,-0.17647058823529413,profit
Standard Class,Consumer,United States,Plainfield,New Jersey,7060.0,East,Office Supplies,Binders,498.975,2.0,0.0,331.191,0.44999999999999996,profit
Standard Class,Home Office,United States,Los Angeles,California,90032.0,West,Office Supplies,Binders,437.472,9.5,0.2,153.1152,0.35,profit
Second Class,Consumer,United States,Westminster,California,92683.0,West,Office Supplies,Appliances,243.16,2.0,0.0,72.948,0.3,profit
Standard Class,Consumer,United States,Fort Lauderdale,Florida,33311.0,South,Furniture,Tables,498.975,5.0,0.45,-39.7425,-0.4,profit_margin
Standard Class,Home Office,United States,Fort Worth,Texas,76106.0,Central,Office Supplies,Appliances,68.81,5.0,0.5,-39.7425,-1.8,profit_margin
Standard Class,Home Office,United States,Fort Worth,Texas,76106.0,Central,Office Supplies,Binders,2.544,3.0,0.5,-3.816,-1.5,profit_margin
Standard Class,Consumer,United States,Philadelphia,Pennsylvania,19140.0,East,Furniture,Bookcases,498.975,7.0,0.5,-39.7425,-0.54,profit_margin
Standard Class,Consumer,United States,Philadelphia,Pennsylvania,19140.0,East,Office Supplies,Binders,9.618,2.0,0.5,-7.0532,-0.7333333333333334,profit_margin
Standard Class,Consumer,United States,Philadelphia,Pennsylvania,19140.0,East,Office Supplies,Binders,6.858,6.0,0.5,-5.715,-0.8333333333333334,profit_margin
First Class,Corporate,United States,Richardson,Texas,75080.0,Central,Furniture,Furnishings,190.92,5.0,0.5,-39.7425,-0.775,profit_margin
First Class,Corporate,United States,Houston,Texas,77041.0,Central,Office Supplies,Binders,1.248,3.0,0.5,-1.9344,-1.5499999999999998,profit_margin
First Class,Corporate,United States,Houston,Texas,77041.0,Central,Furniture,Furnishings,9.708,3.0,0.5,-5.8248,-0.6,profit_margin
Second Class,Consumer,United States,Houston,Texas,77070.0,Central,Furniture,Furnishings,19.3,5.0,0.5,-14.475,-0.75,profit_margin
Standard Class,Home Office,United States,Portland,Oregon,97206.0,West,Office Supplies,Binders,5.682,1.0,0.5,-3.788,-0.6666666666666666,profit_margin
Standard Class,Home Office,United States,Chicago,Illinois,60610.0,Central,Office Supplies,Binders,1.788,3.0,0.5,-3.0396,-1.7,profit_margin
Standard Class,Consumer,United States,Aurora,Colorado,80013.0,West,Office Supplies,Binders,36.882,3.0,0.5,-25.8174,-0.7000000000000001,profit_margin
Standard Class,Corporate,United States,Bristol,Tennessee,37620.0,South,Office Supplies,Binders,157.794,1.0,0.5,-39.7425,-0.7333333333333333,profit_margin
Standard Class,Consumer,United States,Bloomington,Illinois,61701.0,Central,Furniture,Tables,498.975,6.0,0.5,-39.7425,-0.66,profit_margin
Standard Class,Consumer,United States,Phoenix,Arizona,85023.0,West,Office Supplies,Binders,2.388,2.0,0.5,-1.8308,-0.7666666666666667,profit_margin
Standard Class,Consumer,United States,San Antonio,Texas,78207.0,Central,Office Supplies,Appliances,177.98,5.0,0.5,-39.7425,-2.5500000000000003,profit_margin
Standard Class,Corporate,United States,Chicago,Illinois,60623.0,Central,Office Supplies,Appliances,52.448,2.0,0.5,-39.7425,-2.5,profit_margin
Second Class,Consumer,United States,Houston,Texas,77036.0,Central,Office Supplies,Appliances,97.264,4.0,0.5,-39.7425,-2.5,profit_margin
Standard Class,Corporate,United States,Philadelphia,Pennsylvania,19120.0,East,Office Supplies,Binders,2.946,2.0,0.5,-2.2586,-0.7666666666666666,profit_margin
First Class,Consumer,United States,Denver,Colorado,80219.0,West,Furniture,Tables,218.75,2.0,0.5,-39.7425,-0.74,profit_margin
Second Class,Consumer,United States,Dallas,Texas,75220.0,Central,Office Supplies,Appliances,66.284,2.0,0.5,-39.7425,-2.6999999999999997,profit_margin
Standard Class,Corporate,United States,Medina,Ohio,44256.0,East,Furniture,Bookcases,452.45,5.0,0.5,-39.7425,-0.54,profit_margin
Standard Class,Corporate,United States,Medina,Ohio,44256.0,East,Technology,Machines,498.975,9.0,0.5,-39.7425,-0.7999999999999999,profit_margin
First Class,Consumer,United States,Dublin,Ohio,43017.0,East,Office Supplies,Binders,19.776,4.0,0.5,-13.8432,-0.7,profit_margin
First Class,Consumer,United States,Dublin,Ohio,43017.0,East,Technology,Machines,479.988,4.0,0.5,-39.7425,-0.8,profit_margin
Standard Class,Corporate,United States,Charlotte,North Carolina,28205.0,South,Office Supplies,Binders,18.648,7.0,0.5,-12.432,-0.6666666666666667,profit_margin
Standard Class,Home Office,United States,Tampa,Florida,33614.0,South,Furniture,Tables,233.86,2.0,0.45,-39.7425,-0.43636363636363634,profit_margin
Standard Class,Home Office,United States,Tampa,Florida,33614.0,South,Furniture,Tables,498.975,3.0,0.45,-39.7425,-0.39999999999999997,profit_margin
Standard Class,Home Office,United States,Tampa,Florida,33614.0,South,Office Supplies,Binders,5.328,2.0,0.5,-3.552,-0.6666666666666666,profit_margin
Second Class,Consumer,United States,Chicago,Illinois,60610.0,Central,Furniture,Furnishings,419.68,5.0,0.5,-39.7425,-0.85,profit_margin
Second Class,Consumer,United States,Chicago,Illinois,60610.0,Central,Furniture,Furnishings,11.688,3.0,0.5,-4.6752,-0.4,profit_margin
Second Class,Consumer,United States,Chicago,Illinois,60610.0,Central,Furniture,Tables,177.225,5.0,0.5,-39.7425,-0.68,profit_margin
Second Class,Consumer,United States,Chicago,Illinois,60610.0,Central,Furniture,Furnishings,4.044,3.0,0.5,-2.8308,-0.7000000000000001,profit_margin
Standard Class,Corporate,United States,Chicago,Illinois,60623.0,Central,Furniture,Furnishings,12.132,9.0,0.5,-8.4924,-0.7000000000000001,profit_margin
Standard Class,Corporate,United States,Pasadena,Texas,77506.0,Central,Office Supplies,Appliances,1.624,2.0,0.5,-4.466,-2.75,profit_margin
Second Class,Consumer,United States,Houston,Texas,77070.0,Central,Office Supplies,Binders,2.08,5.0,0.5,-3.432,-1.65,profit_margin
Second Class,Corporate,United States,Tamarac,Florida,33319.0,South,Office Supplies,Binders,254.058,7.0,0.5,-39.7425,-0.6666666666666667,profit_margin
Second Class,Home Office,United States,Columbus,Ohio,43229.0,East,Furniture,Bookcases,86.97,3.0,0.5,-39.7425,-0.56,profit_margin
First Class,Corporate,United States,Colorado Springs,Colorado,80906.0,West,Office Supplies,Binders,78.6,5.0,0.5,-39.7425,-0.8,profit_margin
Standard Class,Consumer,United States,Chicago,Illinois,60623.0,Central,Furniture,Tables,219.075,3.0,0.5,-39.7425,-0.6,profit_margin
First Class,Consumer,United States,Philadelphia,Pennsylvania,19143.0,East,Office Supplies,Binders,37.764,6.0,0.5,-27.6936,-0.7333333333333333,profit_margin
Second Class,Consumer,United States,Philadelphia,Pennsylvania,19134.0,East,Office Supplies,Binders,20.724,2.0,0.5,-13.816,-0.6666666666666667,profit_margin
Second Class,Consumer,United States,Philadelphia,Pennsylvania,19134.0,East,Office Supplies,Binders,4.896,3.0,0.5,-3.4272,-0.7000000000000001,profit_margin
Second Class,Corporate,United States,Philadelphia,Pennsylvania,19140.0,East,Office Supplies,Binders,498.975,9.5,0.5,-39.7425,-0.7999999999999999,profit_margin
Standard Class,Consumer,United States,Tucson,Arizona,85705.0,West,Office Supplies,Binders,8.16,5.0,0.5,-5.712,-0.7,profit_margin
Standard Class,Consumer,United States,Houston,Texas,77095.0,Central,Office Supplies,Appliances,8.652,3.0,0.5,-20.3322,-2.35,profit_margin
Standard Class,Consumer,United States,Houston,Texas,77095.0,Central,Office Supplies,Binders,12.176,4.0,0.5,-18.8728,-1.55,profit_margin
Standard Class,Consumer,United States,Pembroke Pines,Florida,33024.0,South,Furniture,Tables,375.4575,3.0,0.45,-39.7425,-0.4181818181818182,profit_margin
Standard Class,Corporate,United States,Philadelphia,Pennsylvania,19140.0,East,Technology,Machines,482.34,4.0,0.5,-39.7425,-0.7,profit_margin
Second Class,Corporate,United States,Peoria,Illinois,61604.0,Central,Office Supplies,Binders,12.462,3.0,0.5,-20.5623,-1.6500000000000001,profit_margin
Standard Class,Home Office,United States,Gastonia,North Carolina,28052.0,South,Office Supplies,Binders,189.588,2.0,0.5,-39.7425,-0.7666666666666666,profit_margin
Standard Class,Consumer,United States,Jacksonville,Florida,32216.0,South,Office Supplies,Binders,4.812,2.0,0.5,-3.6892,-0.7666666666666666,profit_margin
Standard Class,Home Office,United States,Phoenix,Arizona,85023.0,West,Furniture,Tables,498.975,6.0,0.5,-39.7425,-0.6399999999999999,profit_margin
Standard Class,Home Office,United States,Phoenix,Arizona,85023.0,West,Office Supplies,Binders,28.485,5.0,0.5,-20.889,-0.7333333333333333,profit_margin
Standard Class,Home Office,United States,Park Ridge,Illinois,60068.0,Central,Furniture,Furnishings,254.744,7.0,0.5,-39.7425,-1.2249999999999999,profit_margin
Second Class,Consumer,United States,Chicago,Illinois,60610.0,Central,Office Supplies,Binders,4.788,3.0,0.5,-7.9002,-1.65,profit_margin
Second Class,Consumer,United States,Memphis,Tennessee,38109.0,South,Furniture,Tables,189.882,3.0,0.4,-39.7425,-0.5,profit_margin
Standard Class,Corporate,United States,Parker,Colorado,80134.0,West,Office Supplies,Binders,22.62,2.0,0.5,-15.08,-0.6666666666666666,profit_margin
Standard Class,Corporate,United States,Parker,Colorado,80134.0,West,Office Supplies,Binders,14.952,2.0,0.5,-11.9616,-0.8,profit_margin
Standard Class,Corporate,United States,Parker,Colorado,80134.0,West,Office Supplies,Binders,2.376,3.0,0.5,-1.9008,-0.8,profit_margin
Standard Class,Consumer,United States,Houston,Texas,77041.0,Central,Office Supplies,Binders,14.112,9.0,0.5,-21.168,-1.5,profit_margin
Second Class,Consumer,United States,Chicago,Illinois,60653.0,Central,Office Supplies,Binders,42.616,7.0,0.5,-39.7425,-1.5999999999999999,profit_margin
Standard Class,Consumer,United States,Fort Worth,Texas,76106.0,Central,Furniture,Furnishings,66.112,4.0,0.5,-39.7425,-1.2750000000000001,profit_margin
Second Class,Corporate,United States,Chicago,Illinois,60653.0,Central,Office Supplies,Binders,11.364,3.0,0.5,-17.046,-1.4999999999999998,profit_margin
Standard Class,Consumer,United States,Chicago,Illinois,60610.0,Central,Furniture,Furnishings,8.792,1.0,0.5,-5.7148,-0.65,profit_margin
Standard Class,Consumer,United States,Denver,Colorado,80219.0,West,Office Supplies,Binders,6.783,7.0,0.5,-4.7481,-0.7,profit_margin
Standard Class,Consumer,United States,Salem,Oregon,97301.0,West,Office Supplies,Binders,16.821,3.0,0.5,-12.8961,-0.7666666666666666,profit_margin
Standard Class,Consumer,United States,Tampa,Florida,33614.0,South,Office Supplies,Binders,7.218,3.0,0.5,-5.5338,-0.7666666666666667,profit_margin
Standard Class,Consumer,United States,Tampa,Florida,33614.0,South,Office Supplies,Binders,43.188,4.0,0.5,-31.6712,-0.7333333333333333,profit_margin
Standard Class,Consumer,United States,Philadelphia,Pennsylvania,19134.0,East,Office Supplies,Binders,3.282,2.0,0.5,-2.6256,-0.7999999999999999,profit_margin
Second Class,Consumer,United States,Grove City,Ohio,43123.0,East,Office Supplies,Binders,3.648,2.0,0.5,-2.7968,-0.7666666666666667,profit_margin
Standard Class,Consumer,United States,Chicago,Illinois,60610.0,Central,Office Supplies,Binders,8.69,5.0,0.5,-14.773,-1.7,profit_margin
Standard Class,Consumer,United States,Aurora,Colorado,80013.0,West,Office Supplies,Binders,18.882,3.0,0.5,-13.8468,-0.7333333333333333,profit_margin
Standard Class,Consumer,United States,Columbus,Ohio,43229.0,East,Office Supplies,Binders,3.318,2.0,0.5,-2.6544,-0.7999999999999999,profit_margin
Same Day,Home Office,United States,Aurora,Illinois,60505.0,Central,Office Supplies,Binders,2.308,2.0,0.5,-3.462,-1.5000000000000002,profit_margin
Standard Class,Consumer,United States,Arlington,Texas,76017.0,Central,Office Supplies,Binders,2.724,3.0,0.5,-4.2222,-1.5499999999999998,profit_margin
Standard Class,Home Office,United States,Chicago,Illinois,60653.0,Central,Furniture,Furnishings,23.976,3.0,0.5,-14.3856,-0.6,profit_margin
Standard Class,Home Office,United States,Chicago,Illinois,60653.0,Central,Furniture,Tables,108.925,1.0,0.5,-39.7425,-0.66,profit_margin
Standard Class,Consumer,United States,Tyler,Texas,75701.0,Central,Office Supplies,Appliances,2.688,3.0,0.5,-7.392,-2.75,profit_margin
Standard Class,Consumer,United States,Tyler,Texas,75701.0,Central,Furniture,Furnishings,82.524,3.0,0.5,-39.7425,-0.5,profit_margin
Standard Class,Consumer,United States,Tyler,Texas,75701.0,Central,Office Supplies,Binders,182.994,3.0,0.5,-39.7425,-1.7500000000000002,profit_margin
Same Day,Corporate,United States,Burlington,North Carolina,27217.0,South,Technology,Machines,498.975,4.0,0.5,-39.7425,-0.48000000000000004,profit_margin
First Class,Home Office,United States,Chester,Pennsylvania,19013.0,East,Office Supplies,Binders,18.588,2.0,0.5,-13.6312,-0.7333333333333333,profit_margin
First Class,Home Office,United States,Chester,Pennsylvania,19013.0,East,Office Supplies,Binders,4.896,3.0,0.5,-3.4272,-0.7000000000000001,profit_margin
First Class,Consumer,United States,Oceanside,New York,11572.0,East,Furniture,Tables,400.032,2.0,0.4,-39.7425,-0.3833333333333333,profit_margin
Standard Class,Home Office,United States,Naperville,Illinois,60540.0,Central,Office Supplies,Binders,3.54,2.0,0.5,-5.487,-1.55,profit_margin
Standard Class,Corporate,United States,Jacksonville,Florida,32216.0,South,Furniture,Tables,383.438,4.0,0.45,-39.7425,-0.43636363636363634,profit_margin
Second Class,Consumer,United States,Columbus,Ohio,43229.0,East,Office Supplies,Binders,32.07,5.0,0.5,-22.449,-0.7000000000000001,profit_margin
Second Class,Consumer,United States,Columbus,Ohio,43229.0,East,Furniture,Bookcases,35.49,1.0,0.5,-15.6156,-0.44,profit_margin
Standard Class,Consumer,United States,Philadelphia,Pennsylvania,19140.0,East,Office Supplies,Binders,3.168,3.0,0.5,-2.4288,-0.7666666666666666,profit_margin
Standard Class,Consumer,United States,Philadelphia,Pennsylvania,19140.0,East,Office Supplies,Binders,31.086,3.0,0.5,-22.7964,-0.7333333333333333,profit_margin
Standard Class,Corporate,United States,Tampa,Florida,33614.0,South,Technology,Machines,265.475,1.0,0.5,-39.7425,-0.41999999999999993,profit_margin
Second Class,Consumer,United States,Tyler,Texas,75701.0,Central,Office Supplies,Binders,51.184,4.0,0.5,-39.7425,-1.55,profit_margin
Standard Class,Corporate,United States,Lancaster,Pennsylvania,17602.0,East,Office Supplies,Binders,44.91,6.0,0.5,-35.928,-0.8,profit_margin
First Class,Home Office,United States,Philadelphia,Pennsylvania,19143.0,East,Office Supplies,Binders,498.975,5.0,0.5,-39.7425,-0.6666666666666666,profit_margin
Standard Class,Home Office,United States,Philadelphia,Pennsylvania,19120.0,East,Office Supplies,Binders,5.892,4.0,0.5,-4.1244,-0.6999999999999998,profit_margin
First Class,Corporate,United States,Springfield,Ohio,45503.0,East,Office Supplies,Binders,8.904,2.0,0.5,-6.5296,-0.7333333333333334,profit_margin
First Class,Consumer,United States,Garland,Texas,75043.0,Central,Office Supplies,Binders,18.336,4.0,0.5,-32.088,-1.7500000000000002,profit_margin
Standard Class,Corporate,United States,San Antonio,Texas,78207.0,Central,Office Supplies,Binders,8.568,3.0,0.5,-14.5656,-1.7,profit_margin
Standard Class,Home Office,United States,Philadelphia,Pennsylvania,19120.0,East,Office Supplies,Binders,29.718,6.0,0.5,-21.7932,-0.7333333333333333,profit_margin
First Class,Consumer,United States,Mesa,Arizona,85204.0,West,Furniture,Tables,393.165,3.0,0.5,-39.7425,-0.5199999999999999,profit_margin
Second Class,Consumer,United States,Phoenix,Arizona,85023.0,West,Office Supplies,Binders,4.752,2.0,0.5,-3.168,-0.6666666666666667,profit_margin
Second Class,Consumer,United States,Philadelphia,Pennsylvania,19134.0,East,Office Supplies,Binders,18.588,2.0,0.5,-13.6312,-0.7333333333333333,profit_margin
Standard Class,Consumer,United States,Portland,Oregon,97206.0,West,Office Supplies,Binders,1.08,2.0,0.5,-0.792,-0.7333333333333333,profit_margin
First Class,Consumer,United States,Wilmington,North Carolina,28403.0,South,Office Supplies,Binders,3.282,2.0,0.5,-2.6256,-0.7999999999999999,profit_margin
Same Day,Consumer,United States,Houston,Texas,77041.0,Central,Office Supplies,Binders,1.112,2.0,0.5,-1.8904,-1.7,profit_margin
First Class,Consumer,United States,Scottsdale,Arizona,85254.0,West,Office Supplies,Binders,4.401,3.0,0.5,-3.5208,-0.8,profit_margin
Second Class,Home Office,United States,Springfield,Ohio,45503.0,East,Technology,Phones,15.588,2.0,0.4,-9.8724,-0.6333333333333334,profit_margin
First Class,Consumer,United States,Cincinnati,Ohio,45231.0,East,Office Supplies,Binders,2.628,2.0,0.5,-1.9272,-0.7333333333333333,profit_margin
First Class,Consumer,United States,Cincinnati,Ohio,45231.0,East,Office Supplies,Binders,14.427,3.0,0.5,-10.5798,-0.7333333333333334,profit_margin
First Class,Corporate,United States,Chicago,Illinois,60610.0,Central,Office Supplies,Appliances,58.464,9.0,0.5,-39.7425,-2.5,profit_margin
Standard Class,Corporate,United States,Toledo,Ohio,43615.0,East,Office Supplies,Binders,55.47,5.0,0.5,-39.7425,-0.8333333333333334,profit_margin
Standard Class,Home Office,United States,Philadelphia,Pennsylvania,19143.0,East,Office Supplies,Binders,25.176,4.0,0.5,-18.4624,-0.7333333333333333,profit_margin
Standard Class,Consumer,United States,Mesa,Arizona,85204.0,West,Office Supplies,Binders,6.27,5.0,0.5,-4.598,-0.7333333333333334,profit_margin
Standard Class,Consumer,United States,Mesa,Arizona,85204.0,West,Office Supplies,Binders,4.368,7.0,0.5,-3.3488,-0.7666666666666666,profit_margin
Standard Class,Home Office,United States,Charlotte,North Carolina,28205.0,South,Office Supplies,Binders,35.784,7.0,0.5,-28.6272,-0.7999999999999999,profit_margin
Standard Class,Consumer,United States,Houston,Texas,77041.0,Central,Office Supplies,Binders,2.694,3.0,0.5,-4.7145,-1.75,profit_margin
Standard Class,Consumer,United States,Houston,Texas,77041.0,Central,Office Supplies,Binders,2.934,3.0,0.5,-4.9878,-1.7,profit_margin
Standard Class,Consumer,United States,Houston,Texas,77041.0,Central,Office Supplies,Binders,10.78,5.0,0.5,-17.248,-1.6,profit_margin
Standard Class,Consumer,United States,Houston,Texas,77041.0,Central,Office Supplies,Binders,1.192,2.0,0.5,-2.0264,-1.7000000000000002,profit_margin
Standard Class,Consumer,United States,Bloomington,Illinois,61701.0,Central,Office Supplies,Binders,5.176,4.0,0.5,-7.764,-1.5,profit_margin
Standard Class,Consumer,United States,Houston,Texas,77041.0,Central,Office Supplies,Binders,498.975,4.0,0.5,-39.7425,-1.7000000000000002,profit_margin
Standard Class,Corporate,United States,Denver,Colorado,80219.0,West,Office Supplies,Binders,1.872,3.0,0.5,-1.4352,-0.7666666666666666,profit_margin
Standard Class,Corporate,United States,Philadelphia,Pennsylvania,19134.0,East,Office Supplies,Binders,3.036,2.0,0.5,-2.3276,-0.7666666666666666,profit_margin
Standard Class,Corporate,United States,Philadelphia,Pennsylvania,19134.0,East,Office Supplies,Binders,4.503,1.0,0.5,-3.6024,-0.7999999999999999,profit_margin
Same Day,Consumer,United States,Boynton Beach,Florida,33437.0,South,Office Supplies,Binders,37.425,5.0,0.5,-29.94,-0.8,profit_margin
Second Class,Home Office,United States,Charlotte,North Carolina,28205.0,South,Office Supplies,Binders,27.882,3.0,0.5,-20.4468,-0.7333333333333333,profit_margin
Standard Class,Corporate,United States,Greenville,North Carolina,27834.0,South,Office Supplies,Binders,17.616,4.0,0.5,-14.0928,-0.8,profit_margin
Standard Class,Corporate,United States,Chicago,Illinois,60623.0,Central,Office Supplies,Appliances,48.792,3.0,0.5,-39.7425,-2.6,profit_margin
Standard Class,Corporate,United States,Chicago,Illinois,60623.0,Central,Office Supplies,Binders,44.848,8.0,0.5,-39.7425,-1.5000000000000002,profit_margin
First Class,Consumer,United States,Jacksonville,Florida,32216.0,South,Office Supplies,Binders,17.43,1.0,0.5,-13.363,-0.7666666666666666,profit_margin
Standard Class,Consumer,United States,Austin,Texas,78745.0,Central,Office Supplies,Binders,2.772,7.0,0.5,-4.851,-1.7500000000000002,profit_margin
Standard Class,Corporate,United States,Deltona,Florida,32725.0,South,Office Supplies,Binders,5.184,6.0,0.5,-3.6288,-0.7,profit_margin
Standard Class,Consumer,United States,Cincinnati,Ohio,45231.0,East,Office Supplies,Binders,5.229,3.0,0.5,-4.1832,-0.8,profit_margin
First Class,Consumer,United States,Chicago,Illinois,60653.0,Central,Office Supplies,Binders,17.46,6.0,0.5,-30.555,-1.75,profit_margin
Standard Class,Consumer,United States,Dallas,Texas,75220.0,Central,Office Supplies,Binders,1.08,3.0,0.5,-1.728,-1.5999999999999999,profit_margin
Standard Class,Consumer,United States,Dallas,Texas,75220.0,Central,Office Supplies,Appliances,7.96,2.0,0.5,-13.93,-1.75,profit_margin
First Class,Corporate,United States,Jacksonville,North Carolina,28540.0,South,Office Supplies,Binders,15.66,5.0,0.5,-12.528,-0.8,profit_margin
First Class,Corporate,United States,Jacksonville,North Carolina,28540.0,South,Office Supplies,Binders,28.854,6.0,0.5,-21.1596,-0.7333333333333334,profit_margin
First Class,Consumer,United States,Fort Worth,Texas,76106.0,Central,Furniture,Furnishings,1.988,1.0,0.5,-1.4413,-0.725,profit_margin
First Class,Corporate,United States,Tucson,Arizona,85705.0,West,Office Supplies,Binders,38.388,9.5,0.5,-25.592,-0.6666666666666666,profit_margin
First Class,Corporate,United States,Tucson,Arizona,85705.0,West,Technology,Machines,95.994,2.0,0.5,-39.7425,-0.6666666666666667,profit_margin
Standard Class,Consumer,United States,Colorado Springs,Colorado,80906.0,West,Furniture,Bookcases,498.975,7.0,0.5,-39.7425,-1.3333333333333335,profit_margin
Standard Class,Home Office,United States,Aurora,Illinois,60505.0,Central,Furniture,Furnishings,83.952,3.0,0.5,-39.7425,-1.0750000000000002,profit_margin
Standard Class,Corporate,United States,Aurora,Illinois,60505.0,Central,Furniture,Tables,498.975,5.0,0.5,-39.7425,-0.66,profit_margin
Standard Class,Corporate,United States,Aurora,Illinois,60505.0,Central,Furniture,Tables,66.645,3.0,0.5,-39.7425,-0.64,profit_margin
Standard Class,Consumer,United States,Phoenix,Arizona,85023.0,West,Furniture,Tables,393.165,3.0,0.5,-39.7425,-0.5199999999999999,profit_margin
Standard Class,Corporate,United States,Mesa,Arizona,85204.0,West,Office Supplies,Binders,72.588,2.0,0.5,-39.7425,-0.6666666666666667,profit_margin
Standard Class,Corporate,United States,Mesa,Arizona,85204.0,West,Office Supplies,Binders,77.031,9.0,0.5,-39.7425,-0.7666666666666666,profit_margin
First Class,Corporate,United States,Philadelphia,Pennsylvania,19134.0,East,Office Supplies,Binders,2.502,3.0,0.5,-1.7514,-0.7000000000000001,profit_margin
First Class,Consumer,United States,Phoenix,Arizona,85023.0,West,Office Supplies,Binders,2.025,1.0,0.5,-1.35,-0.6666666666666667,profit_margin
Same Day,Consumer,United States,Houston,Texas,77036.0,Central,Furniture,Furnishings,6.688,4.0,0.5,-4.0128,-0.6000000000000001,profit_margin
Standard Class,Consumer,United States,Dallas,Texas,75220.0,Central,Office Supplies,Binders,21.38,5.0,0.5,-33.139,-1.5500000000000003,profit_margin
Standard Class,Consumer,United States,Dallas,Texas,75220.0,Central,Office Supplies,Binders,6.744,4.0,0.5,-11.4648,-1.7000000000000002,profit_margin
Standard Class,Corporate,United States,San Antonio,Texas,78207.0,Central,Office Supplies,Binders,23.912,2.0,0.5,-39.7425,-1.7,profit_margin
Second Class,Home Office,United States,Houston,Texas,77095.0,Central,Office Supplies,Appliances,9.324,6.0,0.5,-24.7086,-2.65,profit_margin
First Class,Consumer,United States,Allen,Texas,75002.0,Central,Office Supplies,Binders,8.784,4.0,0.5,-13.6152,-1.5499999999999998,profit_margin
First Class,Consumer,United States,New York City,New York,10024.0,East,Furniture,Tables,382.806,9.0,0.4,-39.7425,-0.4,profit_margin
Second Class,Consumer,United States,Carrollton,Texas,75007.0,Central,Furniture,Furnishings,15.992,2.0,0.5,-13.993,-0.875,profit_margin
Second Class,Consumer,United States,Cleveland,Ohio,44105.0,East,Office Supplies,Binders,41.256,6.0,0.5,-34.38,-0.8333333333333334,profit_margin
Second Class,Consumer,United States,Philadelphia,Pennsylvania,19143.0,East,Office Supplies,Binders,121.104,6.0,0.5,-39.7425,-0.8333333333333334,profit_margin
Standard Class,Corporate,United States,Philadelphia,Pennsylvania,19143.0,East,Office Supplies,Binders,13.896,3.0,0.5,-9.264,-0.6666666666666666,profit_margin
Standard Class,Consumer,United States,New York City,New York,10011.0,East,Furniture,Tables,498.975,4.0,0.4,-39.7425,-0.36666666666666664,profit_margin
Standard Class,Corporate,United States,Houston,Texas,77041.0,Central,Furniture,Furnishings,21.936,2.0,0.5,-10.4196,-0.47500000000000003,profit_margin
Standard Class,Corporate,United States,Houston,Texas,77041.0,Central,Office Supplies,Binders,6.588,3.0,0.5,-10.2114,-1.5499999999999998,profit_margin
Standard Class,Corporate,United States,Philadelphia,Pennsylvania,19134.0,East,Technology,Machines,399.54,4.0,0.5,-39.7425,-1.4,profit_margin
First Class,Corporate,United States,Philadelphia,Pennsylvania,19143.0,East,Office Supplies,Binders,1.188,2.0,0.5,-0.99,-0.8333333333333334,profit_margin
First Class,Corporate,United States,Philadelphia,Pennsylvania,19143.0,East,Office Supplies,Binders,7.518,2.0,0.5,-5.7638,-0.7666666666666666,profit_margin
Same Day,Consumer,United States,Glendale,Arizona,85301.0,West,Office Supplies,Binders,9.702,3.0,0.5,-7.1148,-0.7333333333333333,profit_margin
Standard Class,Consumer,United States,Philadelphia,Pennsylvania,19120.0,East,Office Supplies,Binders,11.61,2.0,0.5,-9.288,-0.8,profit_margin
Second Class,Consumer,United States,Chicago,Illinois,60610.0,Central,Furniture,Tables,498.975,7.0,0.5,-39.7425,-0.74,profit_margin
Second Class,Consumer,United States,Jacksonville,North Carolina,28540.0,South,Office Supplies,Binders,11.232,8.0,0.5,-8.2368,-0.7333333333333334,profit_margin
First Class,Home Office,United States,Houston,Texas,77095.0,Central,Office Supplies,Binders,41.568,6.0,0.5,-39.7425,-1.5999999999999999,profit_margin
Standard Class,Consumer,United States,Greensboro,North Carolina,27405.0,South,Office Supplies,Binders,7.644,4.0,0.5,-5.8604,-0.7666666666666667,profit_margin
Standard Class,Consumer,United States,Greensboro,North Carolina,27405.0,South,Office Supplies,Binders,51.465,5.0,0.5,-39.4565,-0.7666666666666666,profit_margin
Standard Class,Corporate,United States,Dallas,Texas,75081.0,Central,Office Supplies,Binders,12.222,7.0,0.5,-20.1663,-1.6500000000000001,profit_margin
Second Class,Consumer,United States,Philadelphia,Pennsylvania,19134.0,East,Office Supplies,Binders,5.607,1.0,0.5,-4.2987,-0.7666666666666667,profit_margin
Standard Class,Corporate,United States,Chicago,Illinois,60610.0,Central,Furniture,Furnishings,16.156,7.0,0.5,-12.117,-0.7500000000000001,profit_margin
Standard Class,Consumer,United States,Chicago,Illinois,60623.0,Central,Office Supplies,Appliances,75.6,2.0,0.5,-39.7425,-2.2,profit_margin
Standard Class,Consumer,United States,Chicago,Illinois,60623.0,Central,Furniture,Furnishings,29.32,2.0,0.5,-24.189,-0.825,profit_margin
Standard Class,Corporate,United States,Chicago,Illinois,60623.0,Central,Office Supplies,Appliances,92.064,6.0,0.5,-39.7425,-2.45,profit_margin
Standard Class,Consumer,United States,Redmond,Oregon,97756.0,West,Office Supplies,Binders,31.32,9.5,0.5,-25.056,-0.8,profit_margin
Second Class,Corporate,United States,San Antonio,Texas,78207.0,Central,Furniture,Furnishings,40.784,2.0,0.5,-30.588,-0.75,profit_margin
Second Class,Corporate,United States,Houston,Texas,77041.0,Central,Office Supplies,Binders,34.24,4.0,0.5,-39.7425,-1.55,profit_margin
Standard Class,Corporate,United States,Aurora,Colorado,80013.0,West,Furniture,Tables,498.975,5.0,0.5,-39.7425,-0.6399999999999999,profit_margin
Standard Class,Corporate,United States,Jacksonville,Florida,32216.0,South,Office Supplies,Binders,68.742,9.0,0.5,-39.7425,-0.7,profit_margin
First Class,Home Office,United States,Hialeah,Florida,33012.0,South,Office Supplies,Binders,398.352,8.0,0.5,-39.7425,-0.8333333333333334,profit_margin
Second Class,Consumer,United States,Miami,Florida,33178.0,South,Office Supplies,Binders,498.975,4.0,0.5,-39.7425,-0.6666666666666666,profit_margin
Second Class,Consumer,United States,Miami,Florida,33178.0,South,Furniture,Tables,174.0585,3.0,0.45,-39.7425,-0.6363636363636364,profit_margin
Standard Class,Corporate,United States,Apopka,Florida,32712.0,South,Office Supplies,Binders,2.952,2.0,0.5,-2.1648,-0.7333333333333334,profit_margin
Standard Class,Corporate,United States,Apopka,Florida,32712.0,South,Office Supplies,Binders,27.018,6.0,0.5,-21.6144,-0.7999999999999999,profit_margin
Standard Class,Consumer,United States,Broomfield,Colorado,80020.0,West,Office Supplies,Binders,19.968,2.0,0.5,-13.312,-0.6666666666666666,profit_margin
Standard Class,Consumer,United States,Broomfield,Colorado,80020.0,West,Office Supplies,Binders,8.736,4.0,0.5,-6.1152,-0.7,profit_margin
First Class,Corporate,United States,Quincy,Illinois,62301.0,Central,Office Supplies,Binders,3.24,9.0,0.5,-5.184,-1.5999999999999999,profit_margin
Standard Class,Corporate,United States,New York City,New York,10009.0,East,Furniture,Tables,254.526,1.0,0.4,-39.7425,-0.36666666666666664,profit_margin
Standard Class,Consumer,United States,Chicago,Illinois,60610.0,Central,Office Supplies,Binders,5.104,4.0,0.5,-8.6768,-1.7,profit_margin
Standard Class,Consumer,United States,Philadelphia,Pennsylvania,19134.0,East,Office Supplies,Binders,4.956,4.0,0.5,-3.7996,-0.7666666666666666,profit_margin
Second Class,Consumer,United States,Houston,Texas,77036.0,Central,Office Supplies,Appliances,294.62,5.0,0.5,-39.7425,-2.5999999999999996,profit_margin
Second Class,Consumer,United States,Houston,Texas,77036.0,Central,Furniture,Furnishings,8.752,4.0,0.5,-3.7196,-0.42499999999999993,profit_margin
Standard Class,Home Office,United States,Lubbock,Texas,79424.0,Central,Office Supplies,Binders,11.364,3.0,0.5,-17.046,-1.4999999999999998,profit_margin
Standard Class,Home Office,United States,Peoria,Arizona,85345.0,West,Office Supplies,Binders,4.536,7.0,0.5,-3.3264,-0.7333333333333334,profit_margin
Standard Class,Home Office,United States,Peoria,Arizona,85345.0,West,Office Supplies,Binders,9.156,2.0,0.5,-6.104,-0.6666666666666666,profit_margin
First Class,Consumer,United States,Philadelphia,Pennsylvania,19134.0,East,Office Supplies,Binders,2.502,3.0,0.5,-2.0016,-0.8,profit_margin
First Class,Consumer,United States,Philadelphia,Pennsylvania,19134.0,East,Office Supplies,Binders,6.48,4.0,0.5,-4.752,-0.7333333333333333,profit_margin
Second Class,Corporate,United States,Philadelphia,Pennsylvania,19134.0,East,Office Supplies,Binders,1.941,1.0,0.5,-1.294,-0.6666666666666666,profit_margin
Same Day,Corporate,United States,Mesquite,Texas,75150.0,Central,Office Supplies,Binders,0.876,1.0,0.5,-1.4016,-1.5999999999999999,profit_margin
Standard Class,Consumer,United States,Ormond Beach,Florida,32174.0,South,Office Supplies,Binders,2.808,3.0,0.5,-1.9656,-0.7000000000000001,profit_margin
Standard Class,Consumer,United States,Philadelphia,Pennsylvania,19134.0,East,Office Supplies,Binders,152.991,3.0,0.5,-39.7425,-0.7999999999999999,profit_margin
Standard Class,Consumer,United States,Grand Prairie,Texas,75051.0,Central,Furniture,Furnishings,14.76,5.0,0.5,-11.439,-0.775,profit_margin
Standard Class,Consumer,United States,Grand Prairie,Texas,75051.0,Central,Office Supplies,Binders,3.656,4.0,0.5,-5.8496,-1.5999999999999999,profit_margin
Standard Class,Corporate,United States,York,Pennsylvania,17403.0,East,Office Supplies,Binders,38.088,4.0,0.5,-27.9312,-0.7333333333333333,profit_margin
Standard Class,Home Office,United States,Dallas,Texas,75081.0,Central,Furniture,Furnishings,22.608,3.0,0.5,-10.1736,-0.45,profit_margin
Standard Class,Consumer,United States,Chicago,Illinois,60610.0,Central,Office Supplies,Binders,8.808,3.0,0.5,-14.9736,-1.7,profit_margin
Standard Class,Consumer,United States,Laredo,Texas,78041.0,Central,Furniture,Furnishings,139.92,5.0,0.5,-39.7425,-1.075,profit_margin
Standard Class,Consumer,United States,Laredo,Texas,78041.0,Central,Office Supplies,Binders,6.286,7.0,0.5,-11.0005,-1.7500000000000002,profit_margin
Standard Class,Home Office,United States,Houston,Texas,77070.0,Central,Office Supplies,Binders,9.264,3.0,0.5,-13.896,-1.5000000000000002,profit_margin
Standard Class,Home Office,United States,Aurora,Illinois,60505.0,Central,Office Supplies,Binders,29.932,7.0,0.5,-39.7425,-1.55,profit_margin
Second Class,Consumer,United States,Littleton,Colorado,80122.0,West,Furniture,Bookcases,72.294,1.0,0.5,-39.7425,-1.3666666666666667,profit_margin
Standard Class,Home Office,United States,Chicago,Illinois,60610.0,Central,Furniture,Furnishings,44.4,2.0,0.5,-39.7425,-1.175,profit_margin
Standard Class,Consumer,United States,San Antonio,Texas,78207.0,Central,Office Supplies,Binders,1.272,2.0,0.5,-2.1624,-1.7,profit_margin
Standard Class,Corporate,United States,New York City,New York,10024.0,East,Furniture,Tables,498.975,4.0,0.4,-39.7425,-0.5166666666666667,profit_margin
Standard Class,Consumer,United States,Columbus,Ohio,43229.0,East,Office Supplies,Binders,13.71,5.0,0.5,-10.054,-0.7333333333333333,profit_margin
Second Class,Corporate,United States,Aurora,Illinois,60505.0,Central,Furniture,Furnishings,60.288,8.0,0.5,-27.1296,-0.45,profit_margin
Second Class,Consumer,United States,Columbus,Ohio,43229.0,East,Office Supplies,Binders,76.776,4.0,0.5,-39.7425,-0.7666666666666667,profit_margin
Standard Class,Consumer,United States,Fairfield,Ohio,45014.0,East,Office Supplies,Binders,13.023,1.0,0.5,-10.4184,-0.8,profit_margin
Standard Class,Consumer,United States,Fairfield,Ohio,45014.0,East,Furniture,Tables,273.06,2.0,0.4,-39.7425,-0.38333333333333336,profit_margin
Standard Class,Corporate,United States,Arlington,Texas,76017.0,Central,Office Supplies,Binders,1.344,4.0,0.5,-2.1504,-1.5999999999999999,profit_margin
Standard Class,Corporate,United States,Arlington,Texas,76017.0,Central,Office Supplies,Binders,8.272,4.0,0.5,-13.6488,-1.65,profit_margin
Standard Class,Corporate,United States,Arlington,Texas,76017.0,Central,Furniture,Furnishings,12.544,7.0,0.5,-9.0944,-0.725,profit_margin
Second Class,Consumer,United States,Louisville,Colorado,80027.0,West,Furniture,Tables,145.98,2.0,0.5,-39.7425,-0.68,profit_margin
First Class,Corporate,United States,Skokie,Illinois,60076.0,Central,Office Supplies,Binders,2.304,4.0,0.5,-3.5712,-1.5500000000000003,profit_margin
First Class,Corporate,United States,Skokie,Illinois,60076.0,Central,Office Supplies,Binders,9.36,4.0,0.5,-16.38,-1.75,profit_margin
Same Day,Consumer,United States,Houston,Texas,77070.0,Central,Office Supplies,Appliances,32.784,4.0,0.5,-39.7425,-2.6,profit_margin
Standard Class,Home Office,United States,Tampa,Florida,33614.0,South,Office Supplies,Binders,45.66,5.0,0.5,-33.484,-0.7333333333333334,profit_margin
Standard Class,Consumer,United States,Houston,Texas,77041.0,Central,Office Supplies,Binders,6.9,3.0,0.5,-12.075,-1.7499999999999998,profit_margin
Standard Class,Consumer,United States,Houston,Texas,77041.0,Central,Office Supplies,Binders,9.648,6.0,0.5,-16.884,-1.75,profit_margin
Standard Class,Corporate,United States,Houston,Texas,77070.0,Central,Furniture,Furnishings,51.712,8.0,0.5,-32.32,-0.625,profit_margin
Standard Class,Consumer,United States,Wheeling,Illinois,60090.0,Central,Furniture,Furnishings,14.136,2.0,0.5,-7.7748,-0.55,profit_margin
Standard Class,Consumer,United States,Wheeling,Illinois,60090.0,Central,Furniture,Tables,498.975,3.0,0.5,-39.7425,-0.5,profit_margin
Standard Class,Corporate,United States,Jacksonville,Florida,32216.0,South,Office Supplies,Binders,1.167,1.0,0.5,-0.8558,-0.7333333333333333,profit_margin
Standard Class,Corporate,United States,Arlington,Texas,76017.0,Central,Furniture,Furnishings,6.096,3.0,0.5,-3.9624,-0.65,profit_margin
First Class,Corporate,United States,Springfield,Ohio,45503.0,East,Technology,Machines,498.975,7.0,0.5,-39.7425,-1.4333333333333333,profit_margin
First Class,Corporate,United States,Springfield,Ohio,45503.0,East,Office Supplies,Binders,11.22,9.5,0.5,-7.48,-0.6666666666666666,profit_margin
Second Class,Corporate,United States,Fayetteville,North Carolina,28314.0,South,Office Supplies,Binders,7.23,5.0,0.5,-5.784,-0.7999999999999999,profit_margin
First Class,Consumer,United States,Memphis,Tennessee,38109.0,South,Furniture,Tables,370.62,3.0,0.4,-39.7425,-0.3833333333333333,profit_margin
First Class,Consumer,United States,Memphis,Tennessee,38109.0,South,Office Supplies,Binders,2.742,2.0,0.5,-2.0108,-0.7333333333333334,profit_margin
Same Day,Consumer,United States,Pueblo,Colorado,81001.0,West,Office Supplies,Binders,11.088,7.0,0.5,-8.1312,-0.7333333333333334,profit_margin
Same Day,Consumer,United States,Pueblo,Colorado,81001.0,West,Office Supplies,Binders,25.164,2.0,0.5,-16.776,-0.6666666666666666,profit_margin
Standard Class,Consumer,United States,Thomasville,North Carolina,27360.0,South,Office Supplies,Binders,3.204,2.0,0.5,-2.4564,-0.7666666666666666,profit_margin
First Class,Consumer,United States,Peoria,Illinois,61604.0,Central,Office Supplies,Binders,3.98,5.0,0.5,-6.567,-1.6500000000000001,profit_margin
Standard Class,Consumer,United States,Philadelphia,Pennsylvania,19134.0,East,Office Supplies,Binders,5.346,3.0,0.5,-4.455,-0.8333333333333334,profit_margin
Standard Class,Consumer,United States,Jacksonville,Florida,32216.0,South,Office Supplies,Binders,12.828,2.0,0.5,-8.9796,-0.7,profit_margin
Second Class,Consumer,United States,Houston,Texas,77095.0,Central,Furniture,Furnishings,23.976,3.0,0.5,-14.3856,-0.6,profit_margin
Standard Class,Consumer,United States,Philadelphia,Pennsylvania,19120.0,East,Furniture,Tables,350.352,4.0,0.4,-39.7425,-0.4000000000000001,profit_margin
First Class,Consumer,United States,Toledo,Ohio,43615.0,East,Office Supplies,Binders,1.641,1.0,0.5,-1.3128,-0.7999999999999999,profit_margin
Standard Class,Consumer,United States,Tallahassee,Florida,32303.0,South,Office Supplies,Binders,8.226,3.0,0.5,-6.0324,-0.7333333333333333,profit_margin
Standard Class,Home Office,United States,Philadelphia,Pennsylvania,19140.0,East,Office Supplies,Binders,10.332,3.0,0.5,-7.5768,-0.7333333333333333,profit_margin
Standard Class,Home Office,United States,Philadelphia,Pennsylvania,19140.0,East,Office Supplies,Binders,31.155,5.0,0.5,-23.8855,-0.7666666666666666,profit_margin
Standard Class,Consumer,United States,Dallas,Texas,75220.0,Central,Office Supplies,Appliances,32.192,2.0,0.5,-39.7425,-2.5,profit_margin
Standard Class,Corporate,United States,Philadelphia,Pennsylvania,19134.0,East,Technology,Phones,23.988,2.0,0.4,-15.992,-0.6666666666666667,profit_margin
Standard Class,Corporate,United States,Troy,Ohio,45373.0,East,Technology,Phones,23.976,4.0,0.4,-15.5844,-0.65,profit_margin
Standard Class,Corporate,United States,Corpus Christi,Texas,78415.0,Central,Furniture,Furnishings,58.36,5.0,0.5,-24.803,-0.42500000000000004,profit_margin
Standard Class,Corporate,United States,Corpus Christi,Texas,78415.0,Central,Furniture,Furnishings,39.96,5.0,0.5,-23.976,-0.6,profit_margin
Standard Class,Home Office,United States,Houston,Texas,77041.0,Central,Office Supplies,Binders,2.724,2.0,0.5,-4.3584,-1.5999999999999996,profit_margin
Standard Class,Home Office,United States,Chicago,Illinois,60653.0,Central,Office Supplies,Binders,498.975,3.0,0.5,-39.7425,-1.5,profit_margin
Standard Class,Corporate,United States,Palm Coast,Florida,32137.0,South,Office Supplies,Binders,7.434,6.0,0.5,-5.6994,-0.7666666666666666,profit_margin
Standard Class,Consumer,United States,Woodstock,Illinois,60098.0,Central,Office Supplies,Binders,8.85,5.0,0.5,-13.7175,-1.55,profit_margin
Second Class,Home Office,United States,Austin,Texas,78745.0,Central,Office Supplies,Binders,3.882,3.0,0.5,-5.823,-1.5,profit_margin
Standard Class,Home Office,United States,Burlington,North Carolina,27217.0,South,Office Supplies,Binders,498.975,4.0,0.5,-39.7425,-0.8,profit_margin
Standard Class,Consumer,United States,Springfield,Ohio,45503.0,East,Office Supplies,Binders,2.313,1.0,0.5,-1.9275,-0.8333333333333333,profit_margin
Standard Class,Consumer,United States,Skokie,Illinois,60076.0,Central,Furniture,Furnishings,32.952,6.0,0.5,-19.7712,-0.6000000000000001,profit_margin
Second Class,Consumer,United States,Fayetteville,North Carolina,28314.0,South,Office Supplies,Binders,13.272,8.0,0.5,-10.6176,-0.7999999999999999,profit_margin
Second Class,Consumer,United States,Springfield,Oregon,97477.0,West,Furniture,Tables,275.49,1.0,0.5,-39.7425,-0.62,profit_margin
Standard Class,Consumer,United States,Philadelphia,Pennsylvania,19120.0,East,Technology,Machines,206.991,3.0,0.5,-39.7425,-0.8333333333333333,profit_margin
Standard Class,Consumer,United States,Philadelphia,Pennsylvania,19120.0,East,Office Supplies,Binders,9.006,2.0,0.5,-7.2048,-0.7999999999999999,profit_margin
Standard Class,Home Office,United States,Louisville,Colorado,80027.0,West,Office Supplies,Binders,12.03,5.0,0.5,-9.223,-0.7666666666666667,profit_margin
Standard Class,Home Office,United States,Louisville,Colorado,80027.0,West,Technology,Machines,498.975,5.0,0.5,-39.7425,-1.3333333333333333,profit_margin
Standard Class,Home Office,United States,Louisville,Colorado,80027.0,West,Office Supplies,Binders,21.594,2.0,0.5,-15.8356,-0.7333333333333333,profit_margin
Standard Class,Home Office,United States,Louisville,Colorado,80027.0,West,Office Supplies,Binders,8.964,6.0,0.5,-6.5736,-0.7333333333333333,profit_margin
Standard Class,Home Office,United States,Pharr,Texas,78577.0,Central,Furniture,Furnishings,22.608,3.0,0.5,-10.1736,-0.45,profit_margin
Standard Class,Home Office,United States,Dallas,Texas,75217.0,Central,Furniture,Furnishings,16.74,5.0,0.5,-14.229,-0.85,profit_margin
Standard Class,Consumer,United States,Houston,Texas,77070.0,Central,Office Supplies,Binders,252.784,4.0,0.5,-39.7425,-1.65,profit_margin
Standard Class,Consumer,United States,Houston,Texas,77070.0,Central,Furniture,Furnishings,3.984,2.0,0.5,-2.6892,-0.675,profit_margin
Standard Class,Consumer,United States,Houston,Texas,77070.0,Central,Office Supplies,Appliances,12.992,2.0,0.5,-32.48,-2.4999999999999996,profit_margin
Same Day,Consumer,United States,Bolingbrook,Illinois,60440.0,Central,Office Supplies,Appliances,5.768,2.0,0.5,-13.5548,-2.35,profit_margin
Standard Class,Home Office,United States,Columbus,Ohio,43229.0,East,Office Supplies,Binders,12.957,7.0,0.5,-9.5018,-0.7333333333333333,profit_margin
First Class,Corporate,United States,Lakeland,Florida,33801.0,South,Office Supplies,Binders,78.6,5.0,0.5,-39.7425,-0.8,profit_margin
First Class,Corporate,United States,Lakeland,Florida,33801.0,South,Office Supplies,Binders,3.768,2.0,0.5,-3.14,-0.8333333333333334,profit_margin
Standard Class,Home Office,United States,Dallas,Texas,75081.0,Central,Office Supplies,Binders,30.56,5.0,0.5,-39.7425,-1.5000000000000002,profit_margin
Standard Class,Home Office,United States,Dallas,Texas,75081.0,Central,Furniture,Furnishings,22.848,3.0,0.5,-17.7072,-0.775,profit_margin
Same Day,Corporate,United States,San Antonio,Texas,78207.0,Central,Office Supplies,Binders,210.392,2.0,0.5,-39.7425,-1.6,profit_margin
First Class,Consumer,United States,Newark,Ohio,43055.0,East,Technology,Machines,498.975,2.0,0.5,-39.7425,-1.4666666666666668,profit_margin
Second Class,Consumer,United States,Houston,Texas,77070.0,Central,Office Supplies,Binders,5.18,5.0,0.5,-8.029,-1.55,profit_margin
Standard Class,Consumer,United States,Chicago,Illinois,60623.0,Central,Office Supplies,Binders,3.168,2.0,0.5,-4.752,-1.4999999999999998,profit_margin
Standard Class,Consumer,United States,Fort Collins,Colorado,80525.0,West,Furniture,Bookcases,180.588,2.0,0.5,-39.7425,-1.3333333333333333,profit_margin
First Class,Corporate,United States,Houston,Texas,77041.0,Central,Office Supplies,Binders,26.046,3.0,0.5,-39.7425,-1.7,profit_margin
Standard Class,Corporate,United States,Missouri City,Texas,77489.0,Central,Office Supplies,Binders,6.37,7.0,0.5,-9.555,-1.5,profit_margin
First Class,Consumer,United States,Houston,Texas,77036.0,Central,Office Supplies,Binders,3.648,3.0,0.5,-6.0192,-1.65,profit_margin
Same Day,Consumer,United States,Tempe,Arizona,85281.0,West,Office Supplies,Binders,3.366,3.0,0.5,-2.244,-0.6666666666666667,profit_margin
Standard Class,Corporate,United States,Pearland,Texas,77581.0,Central,Office Supplies,Binders,11.228,7.0,0.5,-18.5262,-1.65,profit_margin
Standard Class,Consumer,United States,Houston,Texas,77095.0,Central,Office Supplies,Binders,26.046,3.0,0.5,-39.7425,-1.7,profit_margin
Standard Class,Consumer,United States,Houston,Texas,77095.0,Central,Office Supplies,Binders,2.896,1.0,0.5,-4.7784,-1.6500000000000001,profit_margin
Standard Class,Corporate,United States,Houston,Texas,77095.0,Central,Furniture,Furnishings,7.068,3.0,0.5,-2.8272,-0.4,profit_margin
Second Class,Consumer,United States,Chicago,Illinois,60623.0,Central,Office Supplies,Binders,13.468,9.5,0.5,-22.8956,-1.7000000000000002,profit_margin
Second Class,Corporate,United States,Franklin,Tennessee,37064.0,South,Furniture,Tables,79.974,3.0,0.4,-29.3238,-0.36666666666666664,profit_margin
Second Class,Corporate,United States,Franklin,Tennessee,37064.0,South,Office Supplies,Binders,2.946,2.0,0.5,-2.0622,-0.6999999999999998,profit_margin
Standard Class,Home Office,United States,Highland Park,Illinois,60035.0,Central,Office Supplies,Binders,3.136,2.0,0.5,-4.704,-1.4999999999999998,profit_margin
Standard Class,Consumer,United States,Fairfield,Ohio,45014.0,East,Office Supplies,Binders,63.924,7.0,0.5,-39.7425,-0.7333333333333334,profit_margin
First Class,Consumer,United States,Dallas,Texas,75081.0,Central,Office Supplies,Binders,30.96,8.0,0.5,-39.7425,-1.7,profit_margin
Standard Class,Consumer,United States,Phoenix,Arizona,85023.0,West,Office Supplies,Binders,19.194,7.0,0.5,-12.796,-0.6666666666666666,profit_margin
Standard Class,Consumer,United States,Philadelphia,Pennsylvania,19140.0,East,Office Supplies,Binders,50.997,1.0,0.5,-39.7425,-0.8,profit_margin
Standard Class,Consumer,United States,Philadelphia,Pennsylvania,19140.0,East,Office Supplies,Binders,1.944,3.0,0.5,-1.4256,-0.7333333333333334,profit_margin
Second Class,Corporate,United States,Laredo,Texas,78041.0,Central,Office Supplies,Binders,2.286,3.0,0.5,-3.6576,-1.5999999999999999,profit_margin
Second Class,Corporate,United States,Round Rock,Texas,78664.0,Central,Furniture,Furnishings,341.96,5.0,0.5,-39.7425,-1.25,profit_margin
Standard Class,Consumer,United States,Houston,Texas,77095.0,Central,Office Supplies,Binders,498.975,5.0,0.5,-39.7425,-1.65,profit_margin
Standard Class,Consumer,United States,Houston,Texas,77095.0,Central,Office Supplies,Binders,1.234,1.0,0.5,-1.9744,-1.5999999999999999,profit_margin
Standard Class,Home Office,United States,Chicago,Illinois,60653.0,Central,Furniture,Furnishings,2.032,1.0,0.5,-1.3208,-0.65,profit_margin
First Class,Corporate,United States,Chicago,Illinois,60623.0,Central,Office Supplies,Binders,16.03,5.0,0.5,-25.648,-1.5999999999999999,profit_margin
Standard Class,Consumer,United States,Chicago,Illinois,60610.0,Central,Office Supplies,Binders,3.208,2.0,0.5,-5.2932,-1.65,profit_margin
Second Class,Corporate,United States,Houston,Texas,77036.0,Central,Furniture,Furnishings,9.552,3.0,0.5,-3.8208,-0.4,profit_margin
Standard Class,Home Office,United States,Houston,Texas,77095.0,Central,Office Supplies,Binders,13.776,6.0,0.5,-22.0416,-1.5999999999999999,profit_margin
Standard Class,Home Office,United States,Charlotte,North Carolina,28205.0,South,Office Supplies,Binders,50.454,6.0,0.5,-33.636,-0.6666666666666667,profit_margin
First Class,Consumer,United States,Pasadena,Texas,77506.0,Central,Office Supplies,Binders,6.928,1.0,0.5,-11.0848,-1.5999999999999999,profit_margin
First Class,Corporate,United States,Tinley Park,Illinois,60477.0,Central,Furniture,Furnishings,22.288,7.0,0.5,-8.9152,-0.4,profit_margin
Standard Class,Consumer,United States,Houston,Texas,77095.0,Central,Furniture,Furnishings,65.424,4.0,0.5,-39.7425,-0.7999999999999999,profit_margin
Standard Class,Home Office,United States,Columbus,Ohio,43229.0,East,Office Supplies,Binders,7.488,8.0,0.5,-5.2416,-0.7,profit_margin
Second Class,Home Office,United States,Lancaster,Ohio,43130.0,East,Furniture,Tables,215.148,2.0,0.4,-39.7425,-0.4833333333333334,profit_margin
First Class,Consumer,United States,Chicago,Illinois,60610.0,Central,Office Supplies,Binders,15.08,2.0,0.5,-22.62,-1.5,profit_margin
First Class,Consumer,United States,Chicago,Illinois,60610.0,Central,Furniture,Furnishings,24.288,3.0,0.5,-12.7512,-0.525,profit_margin
Same Day,Consumer,United States,Dallas,Texas,75217.0,Central,Furniture,Furnishings,16.192,2.0,0.5,-8.5008,-0.525,profit_margin
First Class,Consumer,United States,Philadelphia,Pennsylvania,19143.0,East,Office Supplies,Binders,3.444,2.0,0.5,-2.7552,-0.7999999999999999,profit_margin
First Class,Consumer,United States,Philadelphia,Pennsylvania,19143.0,East,Office Supplies,Binders,498.975,2.0,0.5,-39.7425,-0.7666666666666667,profit_margin
Standard Class,Consumer,United States,Plano,Texas,75023.0,Central,Office Supplies,Binders,3.392,4.0,0.5,-5.088,-1.5,profit_margin
First Class,Home Office,United States,Aurora,Illinois,60505.0,Central,Furniture,Tables,498.975,7.0,0.5,-39.7425,-0.66,profit_margin
Second Class,Consumer,United States,College Station,Texas,77840.0,Central,Office Supplies,Appliances,29.312,8.0,0.5,-39.7425,-2.55,profit_margin
Second Class,Corporate,United States,Philadelphia,Pennsylvania,19120.0,East,Office Supplies,Binders,7.476,1.0,0.5,-5.9808,-0.8,profit_margin
Second Class,Consumer,United States,Akron,Ohio,44312.0,East,Office Supplies,Binders,25.56,5.0,0.5,-20.448,-0.8,profit_margin
Second Class,Consumer,United States,Akron,Ohio,44312.0,East,Office Supplies,Binders,4.368,2.0,0.5,-3.0576,-0.7,profit_margin
Second Class,Home Office,United States,Dallas,Texas,75220.0,Central,Furniture,Furnishings,15.008,4.0,0.5,-12.0064,-0.8,profit_margin
Standard Class,Home Office,United States,Toledo,Ohio,43615.0,East,Office Supplies,Binders,22.428,3.0,0.5,-17.9424,-0.7999999999999999,profit_margin
Standard Class,Consumer,United States,Philadelphia,Pennsylvania,19120.0,East,Office Supplies,Binders,9.555,5.0,0.5,-7.3255,-0.7666666666666667,profit_margin
Standard Class,Home Office,United States,Springfield,Ohio,45503.0,East,Office Supplies,Binders,69.888,7.0,0.5,-39.7425,-0.6666666666666666,profit_margin
Standard Class,Consumer,United States,Memphis,Tennessee,38109.0,South,Office Supplies,Binders,2.946,2.0,0.5,-2.0622,-0.6999999999999998,profit_margin
Standard Class,Consumer,United States,Salem,Oregon,97301.0,West,Office Supplies,Binders,6.456,4.0,0.5,-4.5192,-0.7,profit_margin
Standard Class,Home Office,United States,Troy,Ohio,45373.0,East,Office Supplies,Binders,121.104,6.0,0.5,-39.7425,-0.8333333333333334,profit_margin
Standard Class,Consumer,United States,Port Saint Lucie,Florida,34952.0,South,Office Supplies,Binders,2.694,2.0,0.5,-2.245,-0.8333333333333334,profit_margin
Second Class,Corporate,United States,Denver,Colorado,80219.0,West,Technology,Machines,59.994,2.0,0.5,-39.7425,-0.7666666666666666,profit_margin
Standard Class,Corporate,United States,Mesquite,Texas,75150.0,Central,Furniture,Furnishings,6.368,2.0,0.5,-2.5472,-0.4,profit_margin
Standard Class,Corporate,United States,Mesquite,Texas,75150.0,Central,Office Supplies,Appliances,34.176,3.0,0.5,-39.7425,-2.55,profit_margin
Standard Class,Corporate,United States,Phoenix,Arizona,85023.0,West,Office Supplies,Binders,498.975,5.0,0.5,-39.7425,-0.8333333333333334,profit_margin
Standard Class,Consumer,United States,Chicago,Illinois,60623.0,Central,Office Supplies,Binders,1.788,3.0,0.5,-3.0396,-1.7,profit_margin
Standard Class,Home Office,United States,Columbus,Ohio,43229.0,East,Office Supplies,Binders,3.132,2.0,0.5,-2.61,-0.8333333333333333,profit_margin
First Class,Corporate,United States,Altoona,Pennsylvania,16602.0,East,Office Supplies,Binders,4.419,3.0,0.5,-3.3879,-0.7666666666666667,profit_margin
First Class,Corporate,United States,Greensboro,North Carolina,27405.0,South,Furniture,Tables,498.975,3.0,0.4,-39.7425,-0.36666666666666664,profit_margin
Standard Class,Corporate,United States,Plantation,Florida,33317.0,South,Office Supplies,Binders,5.238,2.0,0.5,-4.0158,-0.7666666666666665,profit_margin
Standard Class,Corporate,United States,Plantation,Florida,33317.0,South,Office Supplies,Binders,4.662,3.0,0.5,-3.7296,-0.8,profit_margin
First Class,Consumer,United States,Rockford,Illinois,61107.0,Central,Office Supplies,Binders,33.568,8.0,0.5,-39.7425,-1.6,profit_margin
Second Class,Consumer,United States,San Antonio,Texas,78207.0,Central,Office Supplies,Binders,3.564,3.0,0.5,-6.237,-1.75,profit_margin
Standard Class,Home Office,United States,Chicago,Illinois,60653.0,Central,Furniture,Tables,480.96,3.0,0.5,-39.7425,-0.56,profit_margin
Standard Class,Consumer,United States,Champaign,Illinois,61821.0,Central,Furniture,Furnishings,151.96,5.0,0.5,-39.7425,-1.2,profit_margin
Second Class,Consumer,United States,Johnson City,Tennessee,37604.0,South,Office Supplies,Binders,86.058,7.0,0.5,-39.7425,-0.7333333333333333,profit_margin
Standard Class,Consumer,United States,Tampa,Florida,33614.0,South,Office Supplies,Binders,38.19,5.0,0.5,-26.733,-0.7000000000000001,profit_margin
Standard Class,Consumer,United States,Chicago,Illinois,60653.0,Central,Office Supplies,Binders,12.128,4.0,0.5,-20.6176,-1.7,profit_margin
Standard Class,Home Office,United States,Bolingbrook,Illinois,60440.0,Central,Office Supplies,Binders,9.98,5.0,0.5,-16.467,-1.65,profit_margin
Standard Class,Home Office,United States,Philadelphia,Pennsylvania,19143.0,East,Office Supplies,Binders,10.428,4.0,0.5,-6.952,-0.6666666666666666,profit_margin
Standard Class,Home Office,United States,Philadelphia,Pennsylvania,19143.0,East,Furniture,Bookcases,352.45,5.0,0.5,-39.7425,-0.6,profit_margin
Standard Class,Consumer,United States,Phoenix,Arizona,85023.0,West,Furniture,Tables,498.975,5.0,0.5,-39.7425,-0.56,profit_margin
Standard Class,Consumer,United States,Phoenix,Arizona,85023.0,West,Office Supplies,Binders,7.656,4.0,0.5,-6.1248,-0.7999999999999999,profit_margin
Standard Class,Consumer,United States,Nashville,Tennessee,37211.0,South,Office Supplies,Binders,11.277,3.0,0.5,-8.6457,-0.7666666666666667,profit_margin
First Class,Home Office,United States,Colorado Springs,Colorado,80906.0,West,Office Supplies,Binders,40.635,7.0,0.5,-32.508,-0.8000000000000002,profit_margin
Standard Class,Corporate,United States,San Antonio,Texas,78207.0,Central,Office Supplies,Binders,5.728,8.0,0.5,-9.1648,-1.6,profit_margin
Standard Class,Corporate,United States,New York City,New York,10024.0,East,Furniture,Tables,53.316,2.0,0.4,-19.5492,-0.36666666666666664,profit_margin
First Class,Corporate,United States,Bedford,Texas,76021.0,Central,Office Supplies,Binders,12.864,8.0,0.5,-22.512,-1.75,profit_margin
Same Day,Corporate,United States,Lorain,Ohio,44052.0,East,Office Supplies,Binders,18.693,3.0,0.5,-14.3313,-0.7666666666666666,profit_margin
Standard Class,Corporate,United States,Houston,Texas,77070.0,Central,Office Supplies,Binders,9.156,3.0,0.5,-13.734,-1.5,profit_margin
Standard Class,Consumer,United States,Chicago,Illinois,60653.0,Central,Office Supplies,Appliances,23.992,2.0,0.5,-39.7425,-2.5999999999999996,profit_margin
First Class,Consumer,United States,Dallas,Texas,75081.0,Central,Office Supplies,Binders,13.14,9.0,0.5,-21.681,-1.65,profit_margin
First Class,Consumer,United States,Dallas,Texas,75081.0,Central,Office Supplies,Binders,10.024,4.0,0.5,-16.5396,-1.6500000000000001,profit_margin
Standard Class,Corporate,United States,Tigard,Oregon,97224.0,West,Office Supplies,Binders,5.022,1.0,0.5,-3.5154,-0.7,profit_margin
Standard Class,Corporate,United States,Decatur,Illinois,62521.0,Central,Office Supplies,Binders,182.994,3.0,0.5,-39.7425,-1.7500000000000002,profit_margin
First Class,Home Office,United States,Phoenix,Arizona,85023.0,West,Office Supplies,Binders,7.857,3.0,0.5,-6.0237,-0.7666666666666666,profit_margin
Standard Class,Consumer,United States,Houston,Texas,77095.0,Central,Office Supplies,Appliances,2.264,1.0,0.5,-5.2072,-2.3000000000000003,profit_margin
Standard Class,Consumer,United States,Houston,Texas,77095.0,Central,Office Supplies,Appliances,0.444,1.0,0.5,-1.11,-2.5,profit_margin
Standard Class,Consumer,United States,Houston,Texas,77041.0,Central,Office Supplies,Binders,4.312,2.0,0.5,-6.8992,-1.6,profit_margin
Same Day,Consumer,United States,New York City,New York,10011.0,East,Furniture,Tables,27.414,3.0,0.4,-14.1639,-0.5166666666666666,profit_margin
Standard Class,Consumer,United States,Charlotte,North Carolina,28205.0,South,Technology,Machines,498.975,3.0,0.5,-39.7425,-0.36,profit_margin
Standard Class,Corporate,United States,Chicago,Illinois,60623.0,Central,Office Supplies,Binders,14.48,5.0,0.5,-23.892,-1.65,profit_margin
First Class,Corporate,United States,Deer Park,Texas,77536.0,Central,Office Supplies,Binders,6.924,6.0,0.5,-10.386,-1.4999999999999998,profit_margin
Standard Class,Consumer,United States,Austin,Texas,78745.0,Central,Office Supplies,Binders,9.762,3.0,0.5,-15.1311,-1.5499999999999998,profit_margin
Standard Class,Corporate,United States,Bristol,Tennessee,37620.0,South,Office Supplies,Binders,38.088,4.0,0.5,-27.9312,-0.7333333333333333,profit_margin
Standard Class,Corporate,United States,Bristol,Tennessee,37620.0,South,Office Supplies,Binders,2.808,3.0,0.5,-1.9656,-0.7000000000000001,profit_margin
Second Class,Consumer,United States,Philadelphia,Pennsylvania,19140.0,East,Office Supplies,Binders,26.064,6.0,0.5,-19.9824,-0.7666666666666666,profit_margin
Standard Class,Consumer,United States,Houston,Texas,77036.0,Central,Office Supplies,Binders,4.24,5.0,0.5,-6.36,-1.5,profit_margin
Standard Class,Corporate,United States,Mcallen,Texas,78501.0,Central,Office Supplies,Binders,6.874,7.0,0.5,-10.6547,-1.55,profit_margin
Standard Class,Corporate,United States,Mcallen,Texas,78501.0,Central,Office Supplies,Binders,1.996,1.0,0.5,-3.2934,-1.6500000000000001,profit_margin
Standard Class,Consumer,United States,Philadelphia,Pennsylvania,19134.0,East,Office Supplies,Binders,18.192,4.0,0.5,-14.5536,-0.7999999999999999,profit_margin
First Class,Consumer,United States,Quincy,Illinois,62301.0,Central,Office Supplies,Binders,1.964,2.0,0.5,-3.2406,-1.6500000000000001,profit_margin
Standard Class,Corporate,United States,Chicago,Illinois,60623.0,Central,Furniture,Furnishings,94.428,3.0,0.5,-39.7425,-0.45000000000000007,profit_margin
Standard Class,Corporate,United States,Dallas,Texas,75220.0,Central,Furniture,Furnishings,332.028,9.0,0.5,-39.7425,-1.0499999999999998,profit_margin
Standard Class,Corporate,United States,Dallas,Texas,75220.0,Central,Office Supplies,Binders,11.394,9.0,0.5,-17.6607,-1.5499999999999998,profit_margin
Standard Class,Corporate,United States,Dallas,Texas,75220.0,Central,Office Supplies,Binders,6.316,1.0,0.5,-10.4214,-1.6500000000000001,profit_margin
Standard Class,Home Office,United States,Rockford,Illinois,61107.0,Central,Office Supplies,Binders,11.416,4.0,0.5,-18.8364,-1.6500000000000001,profit_margin
First Class,Consumer,United States,Freeport,Illinois,61032.0,Central,Office Supplies,Binders,96.784,4.0,0.5,-39.7425,-1.4999999999999998,profit_margin
First Class,Consumer,United States,Freeport,Illinois,61032.0,Central,Furniture,Furnishings,10.476,3.0,0.5,-6.8094,-0.6499999999999999,profit_margin
Standard Class,Corporate,United States,Medford,Oregon,97504.0,West,Office Supplies,Binders,9.762,2.0,0.5,-6.8334,-0.7,profit_margin
Standard Class,Consumer,United States,Philadelphia,Pennsylvania,19143.0,East,Office Supplies,Binders,11.673,3.0,0.5,-7.782,-0.6666666666666666,profit_margin
Standard Class,Consumer,United States,Houston,Texas,77036.0,Central,Office Supplies,Binders,3.564,3.0,0.5,-6.237,-1.75,profit_margin
Standard Class,Consumer,United States,Houston,Texas,77036.0,Central,Office Supplies,Binders,12.588,3.0,0.5,-20.1408,-1.6,profit_margin
Standard Class,Corporate,United States,Dallas,Texas,75220.0,Central,Office Supplies,Appliances,48.632,2.0,0.5,-39.7425,-2.5,profit_margin
Standard Class,Corporate,United States,Houston,Texas,77095.0,Central,Office Supplies,Binders,33.28,5.0,0.5,-39.7425,-1.5,profit_margin
Standard Class,Corporate,United States,Redmond,Oregon,97756.0,West,Furniture,Tables,177.225,5.0,0.5,-39.7425,-0.68,profit_margin
Standard Class,Consumer,United States,Akron,Ohio,44312.0,East,Office Supplies,Binders,14.952,2.0,0.5,-11.9616,-0.8,profit_margin
Standard Class,Consumer,United States,Akron,Ohio,44312.0,East,Office Supplies,Binders,2.286,2.0,0.5,-1.6764,-0.7333333333333333,profit_margin
Second Class,Consumer,United States,Mesa,Arizona,85204.0,West,Office Supplies,Binders,20.724,2.0,0.5,-15.1976,-0.7333333333333333,profit_margin
Second Class,Corporate,United States,Asheville,North Carolina,28806.0,South,Office Supplies,Binders,19.008,8.0,0.5,-12.672,-0.6666666666666667,profit_margin
Second Class,Consumer,United States,Clarksville,Tennessee,37042.0,South,Office Supplies,Binders,498.975,7.0,0.5,-39.7425,-0.6666666666666667,profit_margin
Same Day,Consumer,United States,Aurora,Illinois,60505.0,Central,Furniture,Furnishings,77.72,1.0,0.5,-39.7425,-0.85,profit_margin
Standard Class,Consumer,United States,Highland Park,Illinois,60035.0,Central,Office Supplies,Binders,2.88,5.0,0.5,-4.464,-1.5500000000000003,profit_margin
Same Day,Consumer,United States,Springfield,Ohio,45503.0,East,Office Supplies,Binders,27.36,3.0,0.5,-21.888,-0.8,profit_margin
Standard Class,Consumer,United States,Columbus,Ohio,43229.0,East,Office Supplies,Binders,5.484,4.0,0.5,-4.0216,-0.7333333333333334,profit_margin
Standard Class,Consumer,United States,Chicago,Illinois,60653.0,Central,Office Supplies,Binders,2.182,1.0,0.5,-3.6003,-1.65,profit_margin
Standard Class,Consumer,United States,Chicago,Illinois,60653.0,Central,Office Supplies,Appliances,26.406,3.0,0.5,-39.7425,-2.7,profit_margin
First Class,Home Office,United States,Aurora,Colorado,80013.0,West,Office Supplies,Binders,76.776,4.0,0.5,-39.7425,-0.7666666666666667,profit_margin
Same Day,Home Office,United States,Mentor,Ohio,44060.0,East,Furniture,Tables,344.22,2.0,0.4,-39.7425,-0.5499999999999999,profit_margin
Standard Class,Home Office,United States,Houston,Texas,77036.0,Central,Office Supplies,Binders,16.27,5.0,0.5,-25.2185,-1.55,profit_margin
Standard Class,Home Office,United States,Houston,Texas,77036.0,Central,Office Supplies,Binders,4.47,3.0,0.5,-7.8225,-1.75,profit_margin
Standard Class,Consumer,United States,Philadelphia,Pennsylvania,19140.0,East,Office Supplies,Binders,498.975,4.0,0.5,-39.7425,-0.7333333333333333,profit_margin
First Class,Consumer,United States,Phoenix,Arizona,85023.0,West,Office Supplies,Binders,54.792,6.0,0.5,-39.7425,-0.7333333333333333,profit_margin
Standard Class,Consumer,United States,Houston,Texas,77041.0,Central,Office Supplies,Binders,2.296,2.0,0.5,-3.9032,-1.7000000000000002,profit_margin
Standard Class,Corporate,United States,Chicago,Illinois,60653.0,Central,Office Supplies,Binders,5.936,7.0,0.5,-8.904,-1.5,profit_margin
Second Class,Consumer,United States,Chicago,Illinois,60610.0,Central,Office Supplies,Binders,1.928,2.0,0.5,-2.9884,-1.55,profit_margin
Standard Class,Consumer,United States,Glendale,Arizona,85301.0,West,Office Supplies,Binders,8.559,1.0,0.5,-6.5619,-0.7666666666666667,profit_margin
Standard Class,Consumer,United States,Fayetteville,North Carolina,28314.0,South,Office Supplies,Binders,28.782,6.0,0.5,-21.1068,-0.7333333333333333,profit_margin
Standard Class,Consumer,United States,Houston,Texas,77095.0,Central,Office Supplies,Binders,10.476,6.0,0.5,-17.2854,-1.6499999999999997,profit_margin
Standard Class,Home Office,United States,Houston,Texas,77070.0,Central,Office Supplies,Appliances,62.79,3.0,0.5,-39.7425,-2.65,profit_margin
Second Class,Consumer,United States,Fort Collins,Colorado,80525.0,West,Office Supplies,Binders,3.168,4.0,0.5,-2.5344,-0.8,profit_margin
Standard Class,Consumer,United States,Pembroke Pines,Florida,33024.0,South,Office Supplies,Binders,7.506,9.0,0.5,-6.0048,-0.8,profit_margin
Standard Class,Corporate,United States,Fort Worth,Texas,76106.0,Central,Office Supplies,Binders,11.06,9.5,0.5,-18.802,-1.7,profit_margin
Standard Class,Corporate,United States,Philadelphia,Pennsylvania,19120.0,East,Furniture,Bookcases,163.88,4.0,0.5,-39.7425,-0.5,profit_margin
Standard Class,Corporate,United States,Philadelphia,Pennsylvania,19120.0,East,Office Supplies,Binders,3.486,2.0,0.5,-2.7888,-0.8,profit_margin
Standard Class,Consumer,United States,Lancaster,Pennsylvania,17602.0,East,Office Supplies,Binders,5.715,5.0,0.5,-4.7625,-0.8333333333333334,profit_margin
Standard Class,Home Office,United States,Austin,Texas,78745.0,Central,Furniture,Furnishings,7.996,1.0,0.5,-6.9965,-0.875,profit_margin
Standard Class,Corporate,United States,Houston,Texas,77095.0,Central,Office Supplies,Appliances,8.712,2.0,0.5,-19.602,-2.25,profit_margin
Same Day,Consumer,United States,Philadelphia,Pennsylvania,19120.0,East,Office Supplies,Binders,0.852,1.0,0.5,-0.5964,-0.7000000000000001,profit_margin
Standard Class,Consumer,United States,Huntsville,Texas,77340.0,Central,Furniture,Furnishings,56.568,2.0,0.5,-39.7425,-1.3250000000000002,profit_margin
Second Class,Consumer,United States,Aurora,Illinois,60505.0,Central,Furniture,Tables,268.935,3.0,0.5,-39.7425,-0.7799999999999999,profit_margin
Standard Class,Home Office,United States,Apopka,Florida,32712.0,South,Office Supplies,Binders,9.888,2.0,0.5,-6.9216,-0.7,profit_margin
Standard Class,Consumer,United States,Pembroke Pines,Florida,33024.0,South,Office Supplies,Binders,3.882,2.0,0.5,-2.588,-0.6666666666666666,profit_margin
Standard Class,Consumer,United States,Philadelphia,Pennsylvania,19143.0,East,Office Supplies,Binders,1.908,2.0,0.5,-1.5264,-0.8,profit_margin
Standard Class,Home Office,United States,Danville,Illinois,61832.0,Central,Office Supplies,Binders,43.372,7.0,0.5,-39.7425,-1.6,profit_margin
Standard Class,Consumer,United States,Chicago,Illinois,60610.0,Central,Furniture,Furnishings,6.464,1.0,0.5,-4.04,-0.625,profit_margin
Standard Class,Consumer,United States,Houston,Texas,77070.0,Central,Office Supplies,Binders,1.476,3.0,0.5,-2.214,-1.5,profit_margin
Standard Class,Consumer,United States,Colorado Springs,Colorado,80906.0,West,Furniture,Bookcases,69.576,4.0,0.5,-39.7425,-2.066666666666667,profit_margin
Standard Class,Consumer,United States,Colorado Springs,Colorado,80906.0,West,Furniture,Tables,364.95,5.0,0.5,-39.7425,-0.68,profit_margin
Standard Class,Corporate,United States,Jacksonville,Florida,32216.0,South,Office Supplies,Binders,57.582,3.0,0.5,-39.7425,-0.7666666666666666,profit_margin
Standard Class,Corporate,United States,Jacksonville,Florida,32216.0,South,Office Supplies,Binders,10.38,2.0,0.5,-7.612,-0.7333333333333333,profit_margin
Standard Class,Corporate,United States,Jacksonville,Florida,32216.0,South,Office Supplies,Binders,13.392,8.0,0.5,-9.8208,-0.7333333333333334,profit_margin
Standard Class,Consumer,United States,San Antonio,Texas,78207.0,Central,Office Supplies,Appliances,463.248,8.0,0.5,-39.7425,-2.5500000000000003,profit_margin
Same Day,Home Office,United States,Yuma,Arizona,85364.0,West,Office Supplies,Binders,44.856,6.0,0.5,-35.8848,-0.7999999999999999,profit_margin
Standard Class,Consumer,United States,Columbus,Ohio,43229.0,East,Technology,Machines,30.345,7.0,0.5,-24.276,-0.8,profit_margin
First Class,Consumer,United States,Dublin,Ohio,43017.0,East,Office Supplies,Binders,3.798,2.0,0.5,-2.6586,-0.7,profit_margin
Standard Class,Consumer,United States,Bowling Green,Ohio,43402.0,East,Office Supplies,Binders,5.553,3.0,0.5,-4.0722,-0.7333333333333333,profit_margin
Standard Class,Consumer,United States,Houston,Texas,77095.0,Central,Office Supplies,Appliances,18.32,5.0,0.5,-39.7425,-2.55,profit_margin
Standard Class,Consumer,United States,Houston,Texas,77095.0,Central,Office Supplies,Binders,1.188,1.0,0.5,-1.9602,-1.6500000000000001,profit_margin
First Class,Consumer,United States,Pensacola,Florida,32503.0,South,Office Supplies,Binders,2.214,3.0,0.5,-1.476,-0.6666666666666666,profit_margin
Standard Class,Consumer,United States,Gresham,Oregon,97030.0,West,Office Supplies,Binders,26.352,8.0,0.5,-18.4464,-0.7000000000000001,profit_margin
Second Class,Consumer,United States,Fairfield,Ohio,45014.0,East,Office Supplies,Binders,11.808,8.0,0.5,-8.6592,-0.7333333333333334,profit_margin
Standard Class,Consumer,United States,Johnson City,Tennessee,37604.0,South,Office Supplies,Binders,5.97,5.0,0.5,-4.577,-0.7666666666666667,profit_margin
Standard Class,Consumer,United States,Johnson City,Tennessee,37604.0,South,Office Supplies,Binders,2.508,2.0,0.5,-1.8392,-0.7333333333333333,profit_margin
Standard Class,Consumer,United States,Chicago,Illinois,60653.0,Central,Office Supplies,Binders,2.296,2.0,0.5,-3.9032,-1.7000000000000002,profit_margin
Standard Class,Consumer,United States,Chicago,Illinois,60623.0,Central,Furniture,Tables,91.275,1.0,0.5,-39.7425,-0.7399999999999999,profit_margin
Standard Class,Consumer,United States,Aurora,Colorado,80013.0,West,Office Supplies,Binders,1.08,2.0,0.5,-0.792,-0.7333333333333333,profit_margin
Standard Class,Consumer,United States,Carrollton,Texas,75007.0,Central,Office Supplies,Binders,2.512,2.0,0.5,-4.396,-1.75,profit_margin
Second Class,Consumer,United States,Fort Lauderdale,Florida,33311.0,South,Office Supplies,Binders,7.764,4.0,0.5,-5.176,-0.6666666666666666,profit_margin
Second Class,Corporate,United States,Chicago,Illinois,60610.0,Central,Office Supplies,Appliances,4.356,2.0,0.5,-11.7612,-2.7,profit_margin
Standard Class,Home Office,United States,Colorado Springs,Colorado,80906.0,West,Office Supplies,Binders,3.108,2.0,0.5,-2.1756,-0.7000000000000001,profit_margin
Standard Class,Corporate,United States,Chicago,Illinois,60653.0,Central,Office Supplies,Binders,498.975,5.0,0.5,-39.7425,-1.55,profit_margin
Standard Class,Corporate,United States,Raleigh,North Carolina,27604.0,South,Office Supplies,Binders,13.092,4.0,0.5,-10.0372,-0.7666666666666666,profit_margin
Standard Class,Corporate,United States,Philadelphia,Pennsylvania,19134.0,East,Office Supplies,Binders,9.522,1.0,0.5,-6.9828,-0.7333333333333333,profit_margin
Standard Class,Corporate,United States,Philadelphia,Pennsylvania,19134.0,East,Office Supplies,Binders,4.923,3.0,0.5,-3.9384,-0.8,profit_margin
First Class,Corporate,United States,Phoenix,Arizona,85023.0,West,Furniture,Bookcases,209.979,7.0,0.5,-39.7425,-1.6999999999999997,profit_margin
Standard Class,Home Office,United States,Cleveland,Ohio,44105.0,East,Office Supplies,Binders,33.93,3.0,0.5,-22.62,-0.6666666666666667,profit_margin
Standard Class,Consumer,United States,Chicago,Illinois,60610.0,Central,Office Supplies,Binders,8.134,7.0,0.5,-13.8278,-1.7,profit_margin
Standard Class,Consumer,United States,Philadelphia,Pennsylvania,19140.0,East,Office Supplies,Binders,99.846,9.0,0.5,-39.7425,-0.8333333333333333,profit_margin
Standard Class,Consumer,United States,Burlington,North Carolina,27217.0,South,Furniture,Tables,498.975,7.0,0.4,-39.7425,-0.3666666666666667,profit_margin
Standard Class,Home Office,United States,Dallas,Texas,75081.0,Central,Office Supplies,Binders,5.792,2.0,0.5,-9.5568,-1.6500000000000001,profit_margin
Standard Class,Corporate,United States,Philadelphia,Pennsylvania,19120.0,East,Office Supplies,Binders,2.556,3.0,0.5,-1.7892,-0.7,profit_margin
Standard Class,Consumer,United States,Chicago,Illinois,60610.0,Central,Office Supplies,Appliances,14.016,4.0,0.5,-31.536,-2.25,profit_margin
Standard Class,Consumer,United States,Chicago,Illinois,60610.0,Central,Furniture,Tables,214.95,5.0,0.5,-39.7425,-0.56,profit_margin
Standard Class,Consumer,United States,Chicago,Illinois,60610.0,Central,Furniture,Furnishings,10.776,3.0,0.5,-4.8492,-0.45,profit_margin
Standard Class,Consumer,United States,Chicago,Illinois,60610.0,Central,Office Supplies,Binders,4.6,2.0,0.5,-8.05,-1.7500000000000002,profit_margin
Same Day,Consumer,United States,Chicago,Illinois,60610.0,Central,Furniture,Furnishings,17.496,9.0,0.5,-7.4358,-0.42500000000000004,profit_margin
Second Class,Home Office,United States,Chicago,Illinois,60653.0,Central,Furniture,Furnishings,14.224,2.0,0.5,-10.3124,-0.725,profit_margin
Standard Class,Consumer,United States,Waco,Texas,76706.0,Central,Office Supplies,Binders,2.072,2.0,0.5,-3.5224,-1.7,profit_margin
Standard Class,Corporate,United States,Carrollton,Texas,75007.0,Central,Office Supplies,Binders,3.318,3.0,0.5,-5.6406,-1.7,profit_margin
Standard Class,Consumer,United States,Frankfort,Illinois,60423.0,Central,Office Supplies,Appliances,20.768,8.0,0.5,-39.7425,-2.55,profit_margin
First Class,Home Office,United States,Houston,Texas,77036.0,Central,Office Supplies,Binders,2.92,2.0,0.5,-4.818,-1.65,profit_margin
First Class,Home Office,United States,Miami,Florida,33142.0,South,Office Supplies,Binders,3.744,4.0,0.5,-2.6208,-0.7,profit_margin
First Class,Consumer,United States,Louisville,Colorado,80027.0,West,Office Supplies,Binders,9.552,8.0,0.5,-7.3232,-0.7666666666666667,profit_margin
First Class,Consumer,United States,Louisville,Colorado,80027.0,West,Furniture,Bookcases,89.991,3.0,0.5,-39.7425,-1.7,profit_margin
First Class,Home Office,United States,Garland,Texas,75043.0,Central,Furniture,Furnishings,8.544,2.0,0.5,-7.476,-0.875,profit_margin
First Class,Consumer,United States,Houston,Texas,77095.0,Central,Office Supplies,Binders,498.975,6.0,0.5,-39.7425,-1.5,profit_margin
First Class,Home Office,United States,Knoxville,Tennessee,37918.0,South,Office Supplies,Binders,27.36,3.0,0.5,-21.888,-0.8,profit_margin
First Class,Home Office,United States,Knoxville,Tennessee,37918.0,South,Furniture,Tables,498.975,7.0,0.4,-39.7425,-0.43333333333333335,profit_margin
First Class,Home Office,United States,Knoxville,Tennessee,37918.0,South,Office Supplies,Binders,34.236,4.0,0.5,-26.2476,-0.7666666666666667,profit_margin
Standard Class,Corporate,United States,Lancaster,Ohio,43130.0,East,Office Supplies,Binders,2.907,3.0,0.5,-2.0349,-0.7,profit_margin
Standard Class,Consumer,United States,Chicago,Illinois,60653.0,Central,Office Supplies,Appliances,73.176,6.0,0.5,-39.7425,-2.6999999999999997,profit_margin
Standard Class,Home Office,United States,Lakewood,Ohio,44107.0,East,Office Supplies,Binders,6.216,4.0,0.5,-4.9728,-0.8,profit_margin
First Class,Corporate,United States,Palm Coast,Florida,32137.0,South,Office Supplies,Binders,9.81,5.0,0.5,-6.867,-0.7,profit_margin
First Class,Consumer,United States,Scottsdale,Arizona,85254.0,West,Office Supplies,Binders,32.34,9.5,0.5,-23.716,-0.7333333333333333,profit_margin
First Class,Consumer,United States,Scottsdale,Arizona,85254.0,West,Furniture,Bookcases,181.47,5.0,0.5,-39.7425,-1.7666666666666666,profit_margin
Standard Class,Consumer,United States,Parker,Colorado,80134.0,West,Furniture,Bookcases,102.018,7.0,0.5,-39.7425,-1.7999999999999998,profit_margin
Standard Class,Corporate,United States,Miami,Florida,33180.0,South,Office Supplies,Binders,1.869,1.0,0.5,-1.3083,-0.7000000000000001,profit_margin
Standard Class,Home Office,United States,San Antonio,Texas,78207.0,Central,Office Supplies,Binders,3.592,4.0,0.5,-6.286,-1.7499999999999998,profit_margin
Standard Class,Corporate,United States,Philadelphia,Pennsylvania,19140.0,East,Office Supplies,Binders,7.656,4.0,0.5,-6.1248,-0.7999999999999999,profit_margin
Standard Class,Consumer,United States,Chicago,Illinois,60653.0,Central,Office Supplies,Binders,1.592,2.0,0.5,-2.6268,-1.6499999999999997,profit_margin
Standard Class,Corporate,United States,Tucson,Arizona,85705.0,West,Furniture,Tables,455.97,6.0,0.5,-39.7425,-0.48,profit_margin
Standard Class,Corporate,United States,Tucson,Arizona,85705.0,West,Office Supplies,Binders,10.44,6.0,0.5,-7.656,-0.7333333333333334,profit_margin
Standard Class,Corporate,United States,Tucson,Arizona,85705.0,West,Office Supplies,Binders,5.214,2.0,0.5,-4.1712,-0.7999999999999999,profit_margin
Standard Class,Corporate,United States,Columbus,Ohio,43229.0,East,Office Supplies,Binders,29.94,4.0,0.5,-23.952,-0.8,profit_margin
Standard Class,Consumer,United States,Cleveland,Ohio,44105.0,East,Office Supplies,Binders,59.913,7.0,0.5,-39.7425,-0.7666666666666667,profit_margin
Second Class,Home Office,United States,Philadelphia,Pennsylvania,19143.0,East,Furniture,Tables,498.975,9.0,0.4,-39.7425,-0.41666666666666663,profit_margin
First Class,Home Office,United States,Salem,Oregon,97301.0,West,Office Supplies,Binders,45.24,4.0,0.5,-30.16,-0.6666666666666666,profit_margin
First Class,Home Office,United States,Salem,Oregon,97301.0,West,Furniture,Tables,377.45,5.0,0.5,-39.7425,-0.7,profit_margin
Same Day,Corporate,United States,Newark,Ohio,43055.0,East,Office Supplies,Binders,11.088,7.0,0.5,-8.1312,-0.7333333333333334,profit_margin
Standard Class,Consumer,United States,Chicago,Illinois,60610.0,Central,Furniture,Furnishings,38.976,3.0,0.5,-39.7425,-1.3,profit_margin
Standard Class,Home Office,United States,Chicago,Illinois,60623.0,Central,Office Supplies,Binders,27.396,9.0,0.5,-39.7425,-1.5499999999999998,profit_margin
Standard Class,Home Office,United States,Chicago,Illinois,60623.0,Central,Office Supplies,Binders,13.456,1.0,0.5,-23.548,-1.75,profit_margin
Standard Class,Consumer,United States,Marion,Ohio,43302.0,East,Furniture,Tables,136.53,1.0,0.4,-39.7425,-0.38333333333333336,profit_margin
Standard Class,Consumer,United States,Buffalo Grove,Illinois,60089.0,Central,Furniture,Tables,355.455,3.0,0.5,-39.7425,-0.52,profit_margin
Standard Class,Consumer,United States,Fort Worth,Texas,76106.0,Central,Office Supplies,Appliances,3.16,4.0,0.5,-8.532,-2.6999999999999997,profit_margin
Standard Class,Consumer,United States,Springfield,Oregon,97477.0,West,Furniture,Bookcases,217.764,6.0,0.5,-39.7425,-1.7666666666666666,profit_margin
Standard Class,Consumer,United States,Springfield,Oregon,97477.0,West,Office Supplies,Binders,22.638,7.0,0.5,-16.6012,-0.7333333333333332,profit_margin
Second Class,Corporate,United States,Jacksonville,Florida,32216.0,South,Office Supplies,Binders,4.419,3.0,0.5,-3.0933,-0.7000000000000001,profit_margin
Standard Class,Consumer,United States,Miami,Florida,33178.0,South,Office Supplies,Binders,64.2,5.0,0.5,-39.7425,-0.6666666666666666,profit_margin
Standard Class,Consumer,United States,Miami,Florida,33178.0,South,Office Supplies,Binders,38.52,3.0,0.5,-26.964,-0.7,profit_margin
Standard Class,Corporate,United States,Dallas,Texas,75220.0,Central,Office Supplies,Binders,1.362,1.0,0.5,-2.1792,-1.5999999999999996,profit_margin
Standard Class,Corporate,United States,Dallas,Texas,75220.0,Central,Furniture,Furnishings,14.76,5.0,0.5,-11.439,-0.775,profit_margin
Standard Class,Corporate,United States,Philadelphia,Pennsylvania,19143.0,East,Office Supplies,Binders,104.58,6.0,0.5,-39.7425,-0.7666666666666666,profit_margin
Second Class,Corporate,United States,New York City,New York,10011.0,East,Furniture,Tables,313.176,2.0,0.4,-39.7425,-0.38333333333333336,profit_margin
First Class,Consumer,United States,Philadelphia,Pennsylvania,19120.0,East,Furniture,Bookcases,87.21,3.0,0.5,-39.7425,-0.5200000000000001,profit_margin
Second Class,Corporate,United States,Reading,Pennsylvania,19601.0,East,Furniture,Bookcases,498.975,4.0,0.5,-39.7425,-0.4799999999999999,profit_margin
Same Day,Corporate,United States,Columbus,Ohio,43229.0,East,Furniture,Tables,328.59,3.0,0.4,-39.7425,-0.45,profit_margin
Standard Class,Corporate,United States,Phoenix,Arizona,85023.0,West,Office Supplies,Binders,5.214,2.0,0.5,-4.1712,-0.7999999999999999,profit_margin
Standard Class,Consumer,United States,Miami,Florida,33142.0,South,Office Supplies,Binders,12.294,1.0,0.5,-8.6058,-0.7,profit_margin
Standard Class,Consumer,United States,Carrollton,Texas,75007.0,Central,Office Supplies,Appliances,19.568,2.0,0.5,-39.7425,-2.6999999999999997,profit_margin
Standard Class,Consumer,United States,Carrollton,Texas,75007.0,Central,Office Supplies,Binders,310.392,4.0,0.5,-39.7425,-1.65,profit_margin
Standard Class,Corporate,United States,Miami,Florida,33142.0,South,Office Supplies,Binders,16.146,9.0,0.5,-12.9168,-0.7999999999999999,profit_margin
Standard Class,Corporate,United States,Miami,Florida,33142.0,South,Office Supplies,Binders,498.975,5.0,0.5,-39.7425,-0.7666666666666668,profit_margin
Second Class,Home Office,United States,Lancaster,Ohio,43130.0,East,Office Supplies,Binders,12.201,7.0,0.5,-9.7608,-0.7999999999999999,profit_margin
First Class,Consumer,United States,Edinburg,Texas,78539.0,Central,Office Supplies,Binders,2.068,1.0,0.5,-3.4122,-1.65,profit_margin
Same Day,Consumer,United States,Lubbock,Texas,79424.0,Central,Furniture,Furnishings,25.16,5.0,0.5,-11.322,-0.44999999999999996,profit_margin
Standard Class,Consumer,United States,Houston,Texas,77095.0,Central,Office Supplies,Binders,6.216,6.0,0.5,-9.6348,-1.55,profit_margin
Standard Class,Consumer,United States,Houston,Texas,77095.0,Central,Office Supplies,Binders,4.488,6.0,0.5,-6.732,-1.5,profit_margin
Second Class,Corporate,United States,Loveland,Colorado,80538.0,West,Office Supplies,Binders,1.188,2.0,0.5,-0.99,-0.8333333333333334,profit_margin
Standard Class,Consumer,United States,Grand Prairie,Texas,75051.0,Central,Office Supplies,Appliances,19.432,2.0,0.5,-39.7425,-2.5500000000000003,profit_margin
Standard Class,Consumer,United States,Chicago,Illinois,60653.0,Central,Office Supplies,Binders,1.908,3.0,0.5,-3.2436,-1.7,profit_margin
Standard Class,Corporate,United States,Springfield,Oregon,97477.0,West,Furniture,Bookcases,72.588,2.0,0.5,-39.7425,-1.7666666666666668,profit_margin
Standard Class,Home Office,United States,Mcallen,Texas,78501.0,Central,Office Supplies,Appliances,73.164,6.0,0.5,-39.7425,-2.55,profit_margin
First Class,Corporate,United States,Lakeland,Florida,33801.0,South,Office Supplies,Binders,33.57,5.0,0.5,-25.737,-0.7666666666666666,profit_margin
Standard Class,Consumer,United States,Houston,Texas,77095.0,Central,Office Supplies,Binders,6.33,5.0,0.5,-9.8115,-1.55,profit_margin
Standard Class,Consumer,United States,Portland,Oregon,97206.0,West,Furniture,Bookcases,66.294,1.0,0.5,-39.7425,-1.5666666666666669,profit_margin
Standard Class,Home Office,United States,Columbia,Tennessee,38401.0,South,Office Supplies,Binders,18.24,2.0,0.5,-14.592,-0.8,profit_margin
First Class,Consumer,United States,Chicago,Illinois,60623.0,Central,Office Supplies,Appliances,2.394,1.0,0.5,-6.3441,-2.65,profit_margin
Second Class,Home Office,United States,Tamarac,Florida,33319.0,South,Office Supplies,Binders,3.444,1.0,0.5,-2.5256,-0.7333333333333333,profit_margin
First Class,Corporate,United States,Rockford,Illinois,61107.0,Central,Office Supplies,Binders,442.372,7.0,0.5,-39.7425,-1.6500000000000001,profit_margin
Standard Class,Consumer,United States,Chicago,Illinois,60623.0,Central,Office Supplies,Binders,24.588,3.0,0.5,-38.1114,-1.55,profit_margin
Standard Class,Consumer,United States,Dallas,Texas,75217.0,Central,Furniture,Furnishings,108.4,5.0,0.5,-39.7425,-0.975,profit_margin
Standard Class,Consumer,United States,Philadelphia,Pennsylvania,19120.0,East,Office Supplies,Binders,2.412,1.0,0.5,-2.01,-0.8333333333333333,profit_margin
Standard Class,Corporate,United States,Grand Prairie,Texas,75051.0,Central,Furniture,Furnishings,38.08,5.0,0.5,-29.512,-0.775,profit_margin
Standard Class,Consumer,United States,Springfield,Ohio,45503.0,East,Furniture,Bookcases,299.975,5.0,0.5,-39.7425,-0.5599999999999999,profit_margin
First Class,Consumer,United States,Austin,Texas,78745.0,Central,Office Supplies,Binders,32.784,4.0,0.5,-39.7425,-1.6,profit_margin
First Class,Consumer,United States,Austin,Texas,78745.0,Central,Office Supplies,Binders,4.276,1.0,0.5,-6.6278,-1.55,profit_margin
Second Class,Home Office,United States,Hollywood,Florida,33021.0,South,Office Supplies,Binders,11.52,5.0,0.5,-7.68,-0.6666666666666666,profit_margin
Standard Class,Consumer,United States,Philadelphia,Pennsylvania,19120.0,East,Office Supplies,Binders,6.294,1.0,0.5,-4.196,-0.6666666666666666,profit_margin
Standard Class,Consumer,United States,Jacksonville,North Carolina,28540.0,South,Office Supplies,Binders,14.301,7.0,0.5,-10.4874,-0.7333333333333333,profit_margin
Second Class,Home Office,United States,Houston,Texas,77095.0,Central,Furniture,Furnishings,103.5,5.0,0.5,-39.7425,-0.75,profit_margin
First Class,Corporate,United States,Philadelphia,Pennsylvania,19140.0,East,Furniture,Bookcases,61.96,4.0,0.5,-39.7425,-0.86,profit_margin
Standard Class,Consumer,United States,Pembroke Pines,Florida,33024.0,South,Office Supplies,Binders,4.554,3.0,0.5,-3.4914,-0.7666666666666666,profit_margin
Standard Class,Consumer,United States,Jacksonville,North Carolina,28540.0,South,Office Supplies,Binders,12.843,3.0,0.5,-9.8463,-0.7666666666666666,profit_margin
Standard Class,Consumer,United States,Medina,Ohio,44256.0,East,Office Supplies,Binders,19.242,3.0,0.5,-13.4694,-0.7,profit_margin
Standard Class,Home Office,United States,Philadelphia,Pennsylvania,19120.0,East,Office Supplies,Binders,5.715,5.0,0.5,-4.7625,-0.8333333333333334,profit_margin
Standard Class,Home Office,United States,Philadelphia,Pennsylvania,19120.0,East,Office Supplies,Binders,9.42,5.0,0.5,-7.85,-0.8333333333333333,profit_margin
Standard Class,Home Office,United States,El Paso,Texas,79907.0,Central,Office Supplies,Binders,4.428,3.0,0.5,-6.8634,-1.55,profit_margin
First Class,Corporate,United States,Knoxville,Tennessee,37918.0,South,Furniture,Tables,328.59,3.0,0.4,-39.7425,-0.45,profit_margin
Standard Class,Consumer,United States,Cleveland,Ohio,44105.0,East,Office Supplies,Binders,58.17,5.0,0.5,-39.7425,-0.8,profit_margin
Second Class,Home Office,United States,Chicago,Illinois,60653.0,Central,Office Supplies,Binders,8.682,1.0,0.5,-14.7594,-1.7,profit_margin
First Class,Corporate,United States,Arlington,Texas,76017.0,Central,Office Supplies,Appliances,33.62,5.0,0.5,-39.7425,-2.7,profit_margin
Second Class,Consumer,United States,Waco,Texas,76706.0,Central,Office Supplies,Binders,243.992,4.0,0.5,-39.7425,-1.75,profit_margin
First Class,Corporate,United States,Columbus,Ohio,43229.0,East,Office Supplies,Binders,11.76,5.0,0.5,-7.84,-0.6666666666666666,profit_margin
Standard Class,Consumer,United States,Jacksonville,Florida,32216.0,South,Office Supplies,Binders,1.365,1.0,0.5,-0.91,-0.6666666666666667,profit_margin
Standard Class,Home Office,United States,Wilson,North Carolina,27893.0,South,Office Supplies,Binders,7.38,5.0,0.5,-5.412,-0.7333333333333333,profit_margin
Same Day,Consumer,United States,Charlotte,North Carolina,28205.0,South,Office Supplies,Binders,68.541,9.5,0.5,-39.7425,-0.7666666666666667,profit_margin
Second Class,Corporate,United States,Lorain,Ohio,44052.0,East,Furniture,Tables,498.975,8.0,0.4,-39.7425,-0.5166666666666666,profit_margin
Standard Class,Home Office,United States,Springfield,Oregon,97477.0,West,Furniture,Tables,498.975,3.0,0.5,-39.7425,-0.5399999999999999,profit_margin
First Class,Corporate,United States,Arlington,Texas,76017.0,Central,Office Supplies,Binders,42.616,7.0,0.5,-39.7425,-1.5999999999999999,profit_margin
First Class,Corporate,United States,Arlington,Texas,76017.0,Central,Furniture,Furnishings,21.184,2.0,0.5,-11.6512,-0.5499999999999999,profit_margin
Standard Class,Home Office,United States,Gilbert,Arizona,85234.0,West,Furniture,Tables,386.91,9.0,0.5,-39.7425,-0.48,profit_margin
Standard Class,Consumer,United States,Bloomington,Illinois,61701.0,Central,Furniture,Furnishings,41.552,2.0,0.5,-19.7372,-0.47500000000000003,profit_margin
Standard Class,Consumer,United States,Wilson,North Carolina,27893.0,South,Office Supplies,Binders,6.408,4.0,0.5,-4.9128,-0.7666666666666666,profit_margin
Same Day,Consumer,United States,Skokie,Illinois,60076.0,Central,Furniture,Furnishings,266.352,6.0,0.5,-39.7425,-1.1,profit_margin
Same Day,Consumer,United States,Skokie,Illinois,60076.0,Central,Furniture,Furnishings,56.328,3.0,0.5,-26.7558,-0.475,profit_margin
First Class,Corporate,United States,Smyrna,Tennessee,37167.0,South,Office Supplies,Binders,6.129,3.0,0.5,-4.4946,-0.7333333333333334,profit_margin
Standard Class,Consumer,United States,Chicago,Illinois,60653.0,Central,Furniture,Furnishings,14.56,5.0,0.5,-6.188,-0.425,profit_margin
Standard Class,Corporate,United States,Phoenix,Arizona,85023.0,West,Office Supplies,Binders,13.005,3.0,0.5,-9.9705,-0.7666666666666666,profit_margin
Standard Class,Corporate,United States,Chicago,Illinois,60610.0,Central,Furniture,Furnishings,34.504,2.0,0.5,-15.5268,-0.45,profit_margin
Same Day,Consumer,United States,Houston,Texas,77041.0,Central,Furniture,Furnishings,20.104,2.0,0.5,-16.5858,-0.825,profit_margin
Same Day,Consumer,United States,Houston,Texas,77041.0,Central,Office Supplies,Binders,3.798,1.0,0.5,-6.0768,-1.6,profit_margin
Same Day,Consumer,United States,Houston,Texas,77041.0,Central,Furniture,Furnishings,7.88,5.0,0.5,-3.94,-0.5,profit_margin
Standard Class,Corporate,United States,Phoenix,Arizona,85023.0,West,Furniture,Tables,35.445,1.0,0.5,-24.1026,-0.6799999999999999,profit_margin
Standard Class,Corporate,United States,Phoenix,Arizona,85023.0,West,Technology,Machines,269.97,2.0,0.5,-39.7425,-1.4333333333333331,profit_margin
First Class,Consumer,United States,Philadelphia,Pennsylvania,19140.0,East,Office Supplies,Binders,3.882,2.0,0.5,-2.588,-0.6666666666666666,profit_margin
First Class,Consumer,United States,Philadelphia,Pennsylvania,19140.0,East,Technology,Machines,12.585,1.0,0.5,-18.0385,-1.4333333333333331,profit_margin
First Class,Consumer,United States,Philadelphia,Pennsylvania,19140.0,East,Office Supplies,Binders,18.312,4.0,0.5,-12.208,-0.6666666666666666,profit_margin
First Class,Consumer,United States,Philadelphia,Pennsylvania,19140.0,East,Technology,Machines,241.17,2.0,0.5,-39.7425,-0.7,profit_margin
Standard Class,Corporate,United States,Peoria,Illinois,61604.0,Central,Office Supplies,Binders,1.68,5.0,0.5,-2.688,-1.6,profit_margin
Standard Class,Corporate,United States,Peoria,Illinois,61604.0,Central,Furniture,Furnishings,2.96,2.0,0.5,-1.406,-0.475,profit_margin
First Class,Home Office,United States,Troy,Ohio,45373.0,East,Office Supplies,Binders,14.832,3.0,0.5,-10.3824,-0.7,profit_margin
Second Class,Consumer,United States,Beaumont,Texas,77705.0,Central,Office Supplies,Binders,10.78,5.0,0.5,-17.248,-1.6,profit_margin
Same Day,Consumer,United States,Dallas,Texas,75217.0,Central,Furniture,Furnishings,131.376,6.0,0.5,-39.7425,-0.725,profit_margin
Standard Class,Consumer,United States,Lakewood,Ohio,44107.0,East,Office Supplies,Binders,10.782,3.0,0.5,-7.9068,-0.7333333333333333,profit_margin
Second Class,Consumer,United States,Naperville,Illinois,60540.0,Central,Office Supplies,Binders,7.656,6.0,0.5,-13.0152,-1.7000000000000002,profit_margin
Standard Class,Corporate,United States,Chicago,Illinois,60653.0,Central,Office Supplies,Appliances,5.588,2.0,0.5,-15.0876,-2.7,profit_margin
Second Class,Consumer,United States,Columbus,Ohio,43229.0,East,Office Supplies,Binders,2.502,3.0,0.5,-2.0016,-0.8,profit_margin
Standard Class,Consumer,United States,Chicago,Illinois,60623.0,Central,Office Supplies,Binders,17.904,6.0,0.5,-31.332,-1.75,profit_margin
Standard Class,Corporate,United States,Philadelphia,Pennsylvania,19143.0,East,Office Supplies,Binders,24.588,2.0,0.5,-18.0312,-0.7333333333333333,profit_margin
Standard Class,Consumer,United States,Philadelphia,Pennsylvania,19140.0,East,Technology,Phones,23.988,2.0,0.4,-13.993,-0.5833333333333334,profit_margin
First Class,Home Office,United States,Chicago,Illinois,60653.0,Central,Furniture,Furnishings,84.272,2.0,0.5,-39.7425,-0.9,profit_margin
Same Day,Home Office,United States,New York City,New York,10011.0,East,Furniture,Tables,79.974,3.0,0.4,-29.3238,-0.36666666666666664,profit_margin
Standard Class,Consumer,United States,Phoenix,Arizona,85023.0,West,Office Supplies,Binders,18.18,4.0,0.5,-13.938,-0.7666666666666667,profit_margin
First Class,Consumer,United States,Abilene,Texas,79605.0,Central,Office Supplies,Appliances,1.392,2.0,0.5,-3.7584,-2.7,profit_margin
Second Class,Corporate,United States,Rockford,Illinois,61107.0,Central,Office Supplies,Binders,13.84,4.0,0.5,-22.144,-1.5999999999999999,profit_margin
Standard Class,Corporate,United States,Chicago,Illinois,60623.0,Central,Furniture,Furnishings,8.544,2.0,0.5,-7.476,-0.875,profit_margin
Standard Class,Corporate,United States,Springfield,Ohio,45503.0,East,Office Supplies,Binders,12.828,2.0,0.5,-8.9796,-0.7,profit_margin
Standard Class,Corporate,United States,Dallas,Texas,75081.0,Central,Office Supplies,Binders,1.964,2.0,0.5,-3.2406,-1.6500000000000001,profit_margin
Standard Class,Consumer,United States,Mcallen,Texas,78501.0,Central,Office Supplies,Binders,4.752,4.0,0.5,-8.316,-1.7500000000000002,profit_margin
Standard Class,Consumer,United States,Charlotte,North Carolina,28205.0,South,Office Supplies,Binders,22.911,7.0,0.5,-17.5651,-0.7666666666666667,profit_margin
Standard Class,Consumer,United States,Charlotte,North Carolina,28205.0,South,Office Supplies,Binders,17.22,5.0,0.5,-12.628,-0.7333333333333334,profit_margin
First Class,Corporate,United States,Chester,Pennsylvania,19013.0,East,Office Supplies,Binders,8.595,5.0,0.5,-6.303,-0.7333333333333333,profit_margin
First Class,Consumer,United States,Philadelphia,Pennsylvania,19140.0,East,Office Supplies,Binders,6.57,3.0,0.5,-5.037,-0.7666666666666666,profit_margin
Standard Class,Corporate,United States,Smyrna,Tennessee,37167.0,South,Office Supplies,Binders,67.194,1.0,0.5,-39.7425,-0.7666666666666666,profit_margin
Standard Class,Consumer,United States,Miami,Florida,33180.0,South,Office Supplies,Binders,7.23,5.0,0.5,-5.784,-0.7999999999999999,profit_margin
Standard Class,Consumer,United States,Miami,Florida,33180.0,South,Office Supplies,Binders,62.88,4.0,0.5,-39.7425,-0.8,profit_margin
Standard Class,Home Office,United States,Philadelphia,Pennsylvania,19140.0,East,Office Supplies,Binders,12.294,1.0,0.5,-8.6058,-0.7,profit_margin
Second Class,Consumer,United States,Mesa,Arizona,85204.0,West,Furniture,Tables,182.55,2.0,0.5,-39.7425,-0.7399999999999999,profit_margin
Standard Class,Consumer,United States,Chicago,Illinois,60610.0,Central,Office Supplies,Appliances,53.088,7.0,0.5,-39.7425,-2.05,profit_margin
Standard Class,Corporate,United States,Houston,Texas,77070.0,Central,Office Supplies,Appliances,87.168,8.0,0.5,-39.7425,-2.5999999999999996,profit_margin
Standard Class,Corporate,United States,Philadelphia,Pennsylvania,19140.0,East,Office Supplies,Binders,2.202,2.0,0.5,-1.5414,-0.7000000000000001,profit_margin
Standard Class,Corporate,United States,Philadelphia,Pennsylvania,19140.0,East,Office Supplies,Binders,9.396,3.0,0.5,-7.5168,-0.7999999999999999,profit_margin
Standard Class,Home Office,United States,Houston,Texas,77095.0,Central,Furniture,Furnishings,16.784,2.0,0.5,-22.2388,-1.3250000000000002,profit_margin
Standard Class,Home Office,United States,Houston,Texas,77095.0,Central,Office Supplies,Appliances,38.864,4.0,0.5,-39.7425,-2.5500000000000003,profit_margin
Second Class,Consumer,United States,Hialeah,Florida,33012.0,South,Office Supplies,Binders,5.388,4.0,0.5,-4.49,-0.8333333333333334,profit_margin
Standard Class,Home Office,United States,Saint Charles,Illinois,60174.0,Central,Furniture,Furnishings,8.736,3.0,0.5,-4.8048,-0.5499999999999999,profit_margin
Standard Class,Consumer,United States,Philadelphia,Pennsylvania,19140.0,East,Office Supplies,Binders,274.491,3.0,0.5,-39.7425,-0.8333333333333334,profit_margin
Same Day,Corporate,United States,Philadelphia,Pennsylvania,19143.0,East,Technology,Machines,341.991,3.0,0.5,-39.7425,-0.9333333333333333,profit_margin
Standard Class,Corporate,United States,Columbus,Ohio,43229.0,East,Furniture,Bookcases,302.45,5.0,0.5,-39.7425,-0.66,profit_margin
Same Day,Consumer,United States,Columbia,Tennessee,38401.0,South,Office Supplies,Binders,13.428,3.0,0.5,-11.19,-0.8333333333333333,profit_margin
Standard Class,Corporate,United States,Greensboro,North Carolina,27405.0,South,Office Supplies,Binders,4.095,3.0,0.5,-2.73,-0.6666666666666667,profit_margin
Standard Class,Home Office,United States,Yuma,Arizona,85364.0,West,Technology,Machines,498.975,5.0,0.5,-39.7425,-0.7999999999999999,profit_margin
Standard Class,Consumer,United States,Chicago,Illinois,60653.0,Central,Office Supplies,Binders,3.036,3.0,0.5,-5.0094,-1.6500000000000001,profit_margin
Standard Class,Consumer,United States,Nashville,Tennessee,37211.0,South,Technology,Machines,498.975,2.0,0.5,-39.7425,-0.42,profit_margin
First Class,Consumer,United States,Des Plaines,Illinois,60016.0,Central,Furniture,Tables,292.1,4.0,0.5,-39.7425,-0.5999999999999999,profit_margin
First Class,Consumer,United States,Des Plaines,Illinois,60016.0,Central,Furniture,Furnishings,8.544,2.0,0.5,-7.476,-0.875,profit_margin
First Class,Consumer,United States,Des Plaines,Illinois,60016.0,Central,Office Supplies,Binders,2.892,3.0,0.5,-4.9164,-1.7000000000000002,profit_margin
Standard Class,Consumer,United States,Miami,Florida,33178.0,South,Office Supplies,Binders,1.872,2.0,0.5,-1.3104,-0.7,profit_margin
Standard Class,Consumer,United States,Miami,Florida,33178.0,South,Office Supplies,Binders,11.214,2.0,0.5,-8.5974,-0.7666666666666667,profit_margin
Standard Class,Corporate,United States,Hillsboro,Oregon,97123.0,West,Office Supplies,Binders,4.158,7.0,0.5,-3.465,-0.8333333333333333,profit_margin
First Class,Corporate,United States,Chicago,Illinois,60623.0,Central,Furniture,Furnishings,22.752,6.0,0.5,-8.532,-0.375,profit_margin
Standard Class,Corporate,United States,Lancaster,Pennsylvania,17602.0,East,Office Supplies,Binders,81.438,7.0,0.5,-39.7425,-0.8,profit_margin
Standard Class,Corporate,United States,Jacksonville,Florida,32216.0,South,Furniture,Tables,498.975,6.0,0.45,-39.7425,-0.5818181818181818,profit_margin
Standard Class,Consumer,United States,Houston,Texas,77095.0,Central,Office Supplies,Appliances,176.772,3.0,0.5,-39.7425,-2.6,profit_margin
Second Class,Corporate,United States,Philadelphia,Pennsylvania,19143.0,East,Furniture,Tables,498.975,3.0,0.4,-39.7425,-0.36666666666666664,profit_margin
Standard Class,Corporate,United States,Philadelphia,Pennsylvania,19140.0,East,Office Supplies,Binders,6.888,2.0,0.5,-5.0512,-0.7333333333333333,profit_margin
First Class,Corporate,United States,Miami,Florida,33180.0,South,Office Supplies,Binders,15.57,3.0,0.5,-11.937,-0.7666666666666666,profit_margin
Standard Class,Corporate,United States,New York City,New York,10024.0,East,Furniture,Tables,313.176,2.0,0.4,-39.7425,-0.38333333333333336,profit_margin
Standard Class,Consumer,United States,Toledo,Ohio,43615.0,East,Furniture,Tables,172.11,1.0,0.4,-39.7425,-0.5499999999999999,profit_margin
Second Class,Corporate,United States,Philadelphia,Pennsylvania,19134.0,East,Office Supplies,Binders,51.897,1.0,0.5,-39.7425,-0.8,profit_margin
Second Class,Corporate,United States,Philadelphia,Pennsylvania,19134.0,East,Office Supplies,Binders,23.16,5.0,0.5,-15.44,-0.6666666666666666,profit_margin
Second Class,Corporate,United States,Philadelphia,Pennsylvania,19134.0,East,Technology,Machines,449.1,3.0,0.5,-39.7425,-1.4333333333333333,profit_margin
Second Class,Consumer,United States,Houston,Texas,77070.0,Central,Furniture,Furnishings,32.712,2.0,0.5,-26.1696,-0.7999999999999999,profit_margin
Standard Class,Consumer,United States,Phoenix,Arizona,85023.0,West,Office Supplies,Binders,9.345,5.0,0.5,-6.5415,-0.7,profit_margin
Second Class,Home Office,United States,Chicago,Illinois,60610.0,Central,Furniture,Furnishings,22.2,1.0,0.5,-26.085,-1.175,profit_margin
Second Class,Home Office,United States,Houston,Texas,77036.0,Central,Office Supplies,Binders,5.8,5.0,0.5,-10.15,-1.7500000000000002,profit_margin
Standard Class,Corporate,United States,Philadelphia,Pennsylvania,19143.0,East,Office Supplies,Binders,3.576,4.0,0.5,-2.8608,-0.7999999999999999,profit_margin
Standard Class,Consumer,United States,Houston,Texas,77070.0,Central,Office Supplies,Appliances,1.556,2.0,0.5,-4.2012,-2.6999999999999997,profit_margin
Standard Class,Consumer,United States,Skokie,Illinois,60076.0,Central,Office Supplies,Binders,12.176,4.0,0.5,-18.8728,-1.55,profit_margin
Standard Class,Consumer,United States,Lancaster,Ohio,43130.0,East,Office Supplies,Binders,8.952,2.0,0.5,-7.46,-0.8333333333333334,profit_margin
Standard Class,Consumer,United States,Lancaster,Ohio,43130.0,East,Office Supplies,Binders,8.856,6.0,0.5,-6.4944,-0.7333333333333333,profit_margin
Standard Class,Consumer,United States,Houston,Texas,77041.0,Central,Furniture,Furnishings,13.592,2.0,0.5,-14.2716,-1.0499999999999998,profit_margin
Standard Class,Corporate,United States,Denver,Colorado,80219.0,West,Office Supplies,Binders,36.624,8.0,0.5,-24.416,-0.6666666666666666,profit_margin
Standard Class,Corporate,United States,Denver,Colorado,80219.0,West,Furniture,Bookcases,242.352,8.0,0.5,-39.7425,-1.5,profit_margin
Standard Class,Corporate,United States,Huntsville,Texas,77340.0,Central,Office Supplies,Binders,11.98,5.0,0.5,-19.168,-1.5999999999999999,profit_margin
Standard Class,Corporate,United States,Huntsville,Texas,77340.0,Central,Office Supplies,Binders,0.898,1.0,0.5,-1.5715,-1.7499999999999998,profit_margin
First Class,Corporate,United States,Houston,Texas,77036.0,Central,Furniture,Furnishings,21.204,3.0,0.5,-11.6622,-0.55,profit_margin
Second Class,Consumer,United States,Philadelphia,Pennsylvania,19134.0,East,Furniture,Bookcases,349.965,7.0,0.5,-39.7425,-0.62,profit_margin
Standard Class,Consumer,United States,Springfield,Oregon,97477.0,West,Technology,Machines,29.925,5.0,0.5,-21.945,-0.7333333333333333,profit_margin
Standard Class,Consumer,United States,Chicago,Illinois,60623.0,Central,Furniture,Furnishings,25.176,3.0,0.5,-33.3582,-1.325,profit_margin
Standard Class,Corporate,United States,Orlando,Florida,32839.0,South,Office Supplies,Binders,6.642,9.0,0.5,-4.428,-0.6666666666666666,profit_margin
First Class,Home Office,United States,Pueblo,Colorado,81001.0,West,Technology,Machines,498.975,6.0,0.5,-39.7425,-1.3333333333333333,profit_margin
First Class,Home Office,United States,Pueblo,Colorado,81001.0,West,Office Supplies,Binders,17.904,4.0,0.5,-14.92,-0.8333333333333334,profit_margin
First Class,Home Office,United States,Pueblo,Colorado,81001.0,West,Office Supplies,Binders,11.976,4.0,0.5,-9.1816,-0.7666666666666666,profit_margin
Standard Class,Consumer,United States,Greenville,North Carolina,27834.0,South,Technology,Machines,498.975,2.0,0.5,-39.7425,-0.43999999999999995,profit_margin
First Class,Home Office,United States,Lakewood,Ohio,44107.0,East,Office Supplies,Binders,76.776,4.0,0.5,-39.7425,-0.7000000000000001,profit_margin
Standard Class,Consumer,United States,Huntsville,Texas,77340.0,Central,Furniture,Furnishings,76.728,3.0,0.5,-39.7425,-0.7000000000000001,profit_margin
Standard Class,Consumer,United States,Huntsville,Texas,77340.0,Central,Office Supplies,Binders,10.43,7.0,0.5,-18.2525,-1.7500000000000002,profit_margin
First Class,Home Office,United States,Houston,Texas,77036.0,Central,Office Supplies,Binders,5.232,4.0,0.5,-8.1096,-1.55,profit_margin
Standard Class,Consumer,United States,Philadelphia,Pennsylvania,19120.0,East,Office Supplies,Binders,13.698,3.0,0.5,-9.5886,-0.7,profit_margin
Standard Class,Corporate,United States,Colorado Springs,Colorado,80906.0,West,Office Supplies,Binders,1.938,2.0,0.5,-1.3566,-0.7000000000000001,profit_margin
Standard Class,Consumer,United States,Lancaster,Ohio,43130.0,East,Office Supplies,Binders,456.588,2.0,0.5,-39.7425,-0.6666666666666666,profit_margin
Standard Class,Consumer,United States,Lancaster,Ohio,43130.0,East,Technology,Machines,498.975,5.0,0.5,-39.7425,-1.4666666666666668,profit_margin
Standard Class,Consumer,United States,Chicago,Illinois,60623.0,Central,Office Supplies,Binders,8.568,3.0,0.5,-14.5656,-1.7,profit_margin
First Class,Consumer,United States,Chicago,Illinois,60653.0,Central,Office Supplies,Binders,2.89,1.0,0.5,-4.7685,-1.6500000000000001,profit_margin
First Class,Consumer,United States,Chicago,Illinois,60653.0,Central,Furniture,Furnishings,22.608,3.0,0.5,-10.1736,-0.45,profit_margin
Same Day,Home Office,United States,Philadelphia,Pennsylvania,19120.0,East,Office Supplies,Binders,4.842,3.0,0.5,-3.3894,-0.7000000000000001,profit_margin
Standard Class,Corporate,United States,Chicago,Illinois,60623.0,Central,Office Supplies,Binders,1.8,5.0,0.5,-2.88,-1.5999999999999999,profit_margin
Standard Class,Home Office,United States,Franklin,Tennessee,37064.0,South,Office Supplies,Binders,3.204,2.0,0.5,-2.5632,-0.8,profit_margin
Standard Class,Consumer,United States,Raleigh,North Carolina,27604.0,South,Office Supplies,Binders,30.828,7.0,0.5,-24.6624,-0.8,profit_margin
Standard Class,Consumer,United States,Houston,Texas,77070.0,Central,Furniture,Furnishings,16.192,2.0,0.5,-6.8816,-0.425,profit_margin
Standard Class,Corporate,United States,Chicago,Illinois,60653.0,Central,Office Supplies,Appliances,20.388,2.0,0.5,-39.7425,-2.5999999999999996,profit_margin
Standard Class,Consumer,United States,Cuyahoga Falls,Ohio,44221.0,East,Office Supplies,Binders,18.528,4.0,0.5,-12.352,-0.6666666666666667,profit_margin
Second Class,Consumer,United States,Mesa,Arizona,85204.0,West,Furniture,Bookcases,127.764,6.0,0.5,-39.7425,-1.5,profit_margin
Second Class,Home Office,United States,Aurora,Illinois,60505.0,Central,Furniture,Furnishings,242.176,4.0,0.5,-39.7425,-1.2500000000000002,profit_margin
Standard Class,Consumer,United States,Memphis,Tennessee,38109.0,South,Office Supplies,Binders,498.975,6.0,0.5,-39.7425,-0.7666666666666666,profit_margin
Standard Class,Home Office,United States,Dallas,Texas,75217.0,Central,Office Supplies,Binders,3.96,9.5,0.5,-6.93,-1.75,profit_margin
Second Class,Consumer,United States,Saint Charles,Illinois,60174.0,Central,Furniture,Furnishings,30.344,2.0,0.5,-31.8612,-1.05,profit_margin
Standard Class,Home Office,United States,Hollywood,Florida,33021.0,South,Office Supplies,Binders,15.57,3.0,0.5,-11.418,-0.7333333333333333,profit_margin
Standard Class,Consumer,United States,Dallas,Texas,75081.0,Central,Office Supplies,Binders,39.582,9.0,0.5,-39.7425,-1.5,profit_margin
Standard Class,Consumer,United States,Dallas,Texas,75081.0,Central,Office Supplies,Binders,40.98,5.0,0.5,-39.7425,-1.6,profit_margin
Standard Class,Consumer,United States,Dallas,Texas,75081.0,Central,Office Supplies,Binders,3.168,3.0,0.5,-5.0688,-1.6,profit_margin
Standard Class,Consumer,United States,El Paso,Texas,79907.0,Central,Furniture,Furnishings,63.552,6.0,0.5,-34.9536,-0.55,profit_margin
Second Class,Corporate,United States,Miramar,Florida,33023.0,South,Office Supplies,Binders,20.232,8.0,0.5,-16.1856,-0.8,profit_margin
First Class,Corporate,United States,Denver,Colorado,80219.0,West,Furniture,Bookcases,90.882,3.0,0.5,-39.7425,-2.1,profit_margin
Standard Class,Corporate,United States,Philadelphia,Pennsylvania,19134.0,East,Office Supplies,Binders,2.724,2.0,0.5,-1.9068,-0.7,profit_margin
Standard Class,Corporate,United States,Philadelphia,Pennsylvania,19134.0,East,Office Supplies,Binders,3.762,3.0,0.5,-2.7588,-0.7333333333333333,profit_margin
First Class,Consumer,United States,Boca Raton,Florida,33433.0,South,Office Supplies,Binders,39.936,4.0,0.5,-26.624,-0.6666666666666666,profit_margin
Second Class,Consumer,United States,Aurora,Colorado,80013.0,West,Office Supplies,Binders,4.896,3.0,0.5,-3.4272,-0.7000000000000001,profit_margin
Second Class,Consumer,United States,Aurora,Colorado,80013.0,West,Furniture,Bookcases,145.764,6.0,0.5,-39.7425,-1.7,profit_margin
Second Class,Consumer,United States,Aurora,Colorado,80013.0,West,Office Supplies,Binders,9.612,6.0,0.5,-7.3692,-0.7666666666666667,profit_margin
Standard Class,Corporate,United States,Dallas,Texas,75217.0,Central,Office Supplies,Appliances,4.992,3.0,0.5,-12.9792,-2.6,profit_margin
Standard Class,Corporate,United States,Dallas,Texas,75217.0,Central,Office Supplies,Binders,1.044,1.0,0.5,-1.827,-1.75,profit_margin
Standard Class,Consumer,United States,Amarillo,Texas,79109.0,Central,Furniture,Furnishings,23.076,3.0,0.5,-10.9611,-0.475,profit_margin
First Class,Consumer,United States,Houston,Texas,77041.0,Central,Office Supplies,Binders,0.984,2.0,0.5,-1.476,-1.5,profit_margin
Second Class,Consumer,United States,Cuyahoga Falls,Ohio,44221.0,East,Office Supplies,Binders,2.214,3.0,0.5,-1.476,-0.6666666666666666,profit_margin
Standard Class,Corporate,United States,Philadelphia,Pennsylvania,19140.0,East,Office Supplies,Binders,5.97,5.0,0.5,-4.577,-0.7666666666666667,profit_margin
Standard Class,Corporate,United States,Philadelphia,Pennsylvania,19134.0,East,Office Supplies,Binders,2.655,1.0,0.5,-1.8585,-0.7000000000000001,profit_margin
Standard Class,Consumer,United States,Huntsville,Texas,77340.0,Central,Furniture,Furnishings,141.42,5.0,0.5,-39.7425,-1.325,profit_margin
Standard Class,Consumer,United States,Huntsville,Texas,77340.0,Central,Office Supplies,Binders,6.47,5.0,0.5,-9.705,-1.5,profit_margin
Standard Class,Consumer,United States,Huntsville,Texas,77340.0,Central,Office Supplies,Binders,13.748,9.5,0.5,-22.6842,-1.6500000000000001,profit_margin
Standard Class,Consumer,United States,Huntsville,Texas,77340.0,Central,Office Supplies,Appliances,15.224,2.0,0.5,-38.8212,-2.55,profit_margin
Standard Class,Corporate,United States,Springfield,Oregon,97477.0,West,Office Supplies,Binders,14.301,7.0,0.5,-10.4874,-0.7333333333333333,profit_margin
Second Class,Consumer,United States,San Angelo,Texas,76903.0,Central,Office Supplies,Appliances,11.648,4.0,0.5,-30.8672,-2.65,profit_margin
Standard Class,Consumer,United States,Houston,Texas,77070.0,Central,Office Supplies,Binders,2.934,3.0,0.5,-4.9878,-1.7,profit_margin
Standard Class,Consumer,United States,Chicago,Illinois,60610.0,Central,Furniture,Furnishings,64.96,5.0,0.5,-39.7425,-0.675,profit_margin
Standard Class,Corporate,United States,Dallas,Texas,75081.0,Central,Furniture,Furnishings,72.78,3.0,0.5,-39.7425,-0.975,profit_margin
Standard Class,Corporate,United States,Lakeland,Florida,33801.0,South,Furniture,Tables,498.975,7.0,0.45,-39.7425,-0.45454545454545453,profit_margin
Standard Class,Consumer,United States,Springfield,Oregon,97477.0,West,Furniture,Tables,277.5,4.0,0.5,-39.7425,-0.6799999999999999,profit_margin
Standard Class,Consumer,United States,Philadelphia,Pennsylvania,19120.0,East,Furniture,Tables,498.975,8.0,0.4,-39.7425,-0.38333333333333336,profit_margin
Standard Class,Corporate,United States,Chicago,Illinois,60653.0,Central,Furniture,Furnishings,22.608,3.0,0.5,-10.1736,-0.45,profit_margin
Standard Class,Corporate,United States,Chicago,Illinois,60653.0,Central,Furniture,Furnishings,1.892,1.0,0.5,-0.9933,-0.525,profit_margin
First Class,Consumer,United States,Durham,North Carolina,27707.0,South,Office Supplies,Binders,6.048,7.0,0.5,-4.2336,-0.7,profit_margin
Standard Class,Consumer,United States,Chicago,Illinois,60610.0,Central,Office Supplies,Binders,10.43,5.0,0.5,-18.2525,-1.7500000000000002,profit_margin
Standard Class,Consumer,United States,Daytona Beach,Florida,32114.0,South,Furniture,Tables,191.5155,1.0,0.45,-39.7425,-0.4,profit_margin
Standard Class,Consumer,United States,Nashville,Tennessee,37211.0,South,Office Supplies,Binders,498.975,6.0,0.5,-39.7425,-0.6666666666666667,profit_margin
Standard Class,Consumer,United States,Dallas,Texas,75220.0,Central,Furniture,Furnishings,44.46,5.0,0.5,-17.784,-0.39999999999999997,profit_margin
Standard Class,Corporate,United States,Murfreesboro,Tennessee,37130.0,South,Office Supplies,Binders,6.336,4.0,0.5,-4.6464,-0.7333333333333333,profit_margin
Standard Class,Corporate,United States,Murfreesboro,Tennessee,37130.0,South,Office Supplies,Binders,2.469,1.0,0.5,-1.8106,-0.7333333333333334,profit_margin
Standard Class,Corporate,United States,Murfreesboro,Tennessee,37130.0,South,Office Supplies,Binders,3.264,2.0,0.5,-2.2848,-0.7000000000000001,profit_margin
Standard Class,Consumer,United States,Dallas,Texas,75217.0,Central,Furniture,Furnishings,31.776,3.0,0.5,-19.0656,-0.6,profit_margin
Standard Class,Consumer,United States,Dallas,Texas,75217.0,Central,Office Supplies,Binders,1.788,3.0,0.5,-3.0396,-1.7,profit_margin
Standard Class,Consumer,United States,Jacksonville,Florida,32216.0,South,Furniture,Tables,498.975,4.0,0.45,-39.7425,-0.4909090909090909,profit_margin
Same Day,Home Office,United States,Aurora,Illinois,60505.0,Central,Office Supplies,Appliances,70.97,5.0,0.5,-39.7425,-2.7,profit_margin
Second Class,Consumer,United States,Chicago,Illinois,60653.0,Central,Office Supplies,Binders,11.212,2.0,0.5,-16.818,-1.5000000000000002,profit_margin
Second Class,Consumer,United States,Chicago,Illinois,60653.0,Central,Furniture,Furnishings,4.712,2.0,0.5,-1.8848,-0.4,profit_margin
Second Class,Consumer,United States,Chicago,Illinois,60653.0,Central,Office Supplies,Appliances,180.98,5.0,0.5,-39.7425,-2.6,profit_margin
Standard Class,Consumer,United States,Jacksonville,North Carolina,28540.0,South,Office Supplies,Binders,13.092,4.0,0.5,-10.0372,-0.7666666666666666,profit_margin
Standard Class,Consumer,United States,Aurora,Illinois,60505.0,Central,Furniture,Tables,69.375,1.0,0.5,-39.7425,-0.6799999999999999,profit_margin
Standard Class,Home Office,United States,Tampa,Florida,33614.0,South,Office Supplies,Binders,3.762,3.0,0.5,-2.7588,-0.7333333333333333,profit_margin
Standard Class,Home Office,United States,Tampa,Florida,33614.0,South,Office Supplies,Binders,34.86,2.0,0.5,-26.726,-0.7666666666666666,profit_margin
Second Class,Home Office,United States,Saint Charles,Illinois,60174.0,Central,Furniture,Furnishings,51.756,3.0,0.5,-33.6414,-0.6499999999999999,profit_margin
Standard Class,Consumer,United States,Troy,Ohio,45373.0,East,Office Supplies,Binders,10.332,3.0,0.5,-7.5768,-0.7333333333333333,profit_margin
Standard Class,Consumer,United States,Houston,Texas,77095.0,Central,Office Supplies,Binders,15.624,2.0,0.5,-24.9984,-1.5999999999999999,profit_margin
Second Class,Corporate,United States,Aurora,Illinois,60505.0,Central,Office Supplies,Binders,2.864,4.0,0.5,-4.5824,-1.6,profit_margin
Second Class,Corporate,United States,Aurora,Illinois,60505.0,Central,Office Supplies,Binders,94.192,7.0,0.5,-39.7425,-1.7500000000000002,profit_margin
Standard Class,Corporate,United States,Philadelphia,Pennsylvania,19134.0,East,Office Supplies,Binders,26.388,4.0,0.5,-17.592,-0.6666666666666666,profit_margin
Standard Class,Corporate,United States,Philadelphia,Pennsylvania,19134.0,East,Office Supplies,Binders,64.2,5.0,0.5,-39.7425,-0.7,profit_margin
Second Class,Consumer,United States,El Paso,Texas,79907.0,Central,Office Supplies,Appliances,5.432,2.0,0.5,-13.58,-2.5,profit_margin
First Class,Consumer,United States,Fort Worth,Texas,76106.0,Central,Office Supplies,Binders,4.984,1.0,0.5,-8.4728,-1.7,profit_margin
First Class,Home Office,United States,Houston,Texas,77095.0,Central,Office Supplies,Binders,7.68,5.0,0.5,-11.52,-1.5,profit_margin
First Class,Corporate,United States,Cincinnati,Ohio,45231.0,East,Office Supplies,Binders,18.432,8.0,0.5,-12.288,-0.6666666666666667,profit_margin
Second Class,Corporate,United States,Corpus Christi,Texas,78415.0,Central,Furniture,Furnishings,9.96,5.0,0.5,-6.723,-0.6749999999999999,profit_margin
Second Class,Corporate,United States,Corpus Christi,Texas,78415.0,Central,Office Supplies,Binders,8.552,2.0,0.5,-13.6832,-1.6,profit_margin
Standard Class,Home Office,United States,Philadelphia,Pennsylvania,19120.0,East,Office Supplies,Binders,2.043,1.0,0.5,-1.4982,-0.7333333333333333,profit_margin
Standard Class,Corporate,United States,Houston,Texas,77070.0,Central,Furniture,Furnishings,127.88,5.0,0.5,-39.7425,-0.525,profit_margin
Second Class,Corporate,United States,Chicago,Illinois,60653.0,Central,Office Supplies,Binders,3.564,3.0,0.5,-6.237,-1.75,profit_margin
Standard Class,Consumer,United States,Houston,Texas,77070.0,Central,Office Supplies,Binders,25.68,3.0,0.5,-39.7425,-1.55,profit_margin
Standard Class,Consumer,United States,Houston,Texas,77070.0,Central,Office Supplies,Binders,12.384,3.0,0.5,-19.8144,-1.5999999999999999,profit_margin
Standard Class,Corporate,United States,York,Pennsylvania,17403.0,East,Office Supplies,Binders,37.896,4.0,0.5,-29.0536,-0.7666666666666666,profit_margin
Standard Class,Consumer,United States,Lubbock,Texas,79424.0,Central,Office Supplies,Binders,6.08,1.0,0.5,-10.336,-1.7,profit_margin
Standard Class,Home Office,United States,Dallas,Texas,75217.0,Central,Office Supplies,Binders,8.856,9.0,0.5,-14.1696,-1.6,profit_margin
Standard Class,Corporate,United States,Houston,Texas,77041.0,Central,Furniture,Furnishings,73.784,2.0,0.5,-39.7425,-1.05,profit_margin
Second Class,Consumer,United States,Frisco,Texas,75034.0,Central,Furniture,Furnishings,30.336,6.0,0.5,-17.4432,-0.5750000000000001,profit_margin
Same Day,Consumer,United States,Columbus,Ohio,43229.0,East,Office Supplies,Binders,5.193,3.0,0.5,-3.462,-0.6666666666666667,profit_margin
Standard Class,Home Office,United States,Philadelphia,Pennsylvania,19143.0,East,Office Supplies,Binders,18.312,4.0,0.5,-12.208,-0.6666666666666666,profit_margin
Standard Class,Home Office,United States,Sanford,Florida,32771.0,South,Office Supplies,Binders,4.842,3.0,0.5,-3.5508,-0.7333333333333334,profit_margin
Second Class,Corporate,United States,San Marcos,Texas,78666.0,Central,Furniture,Furnishings,10.332,3.0,0.5,-5.9409,-0.575,profit_margin
Standard Class,Consumer,United States,Philadelphia,Pennsylvania,19134.0,East,Office Supplies,Binders,11.088,7.0,0.5,-8.1312,-0.7333333333333334,profit_margin
Second Class,Consumer,United States,Dallas,Texas,75217.0,Central,Furniture,Furnishings,30.56,5.0,0.5,-19.864,-0.65,profit_margin
Standard Class,Consumer,United States,Miami,Florida,33178.0,South,Office Supplies,Binders,121.104,6.0,0.5,-39.7425,-0.8333333333333334,profit_margin
First Class,Consumer,United States,Bethlehem,Pennsylvania,18018.0,East,Furniture,Bookcases,177.45,5.0,0.5,-39.7425,-0.44000000000000006,profit_margin
First Class,Consumer,United States,Bethlehem,Pennsylvania,18018.0,East,Office Supplies,Binders,498.975,6.0,0.5,-39.7425,-0.6666666666666667,profit_margin
Standard Class,Consumer,United States,Philadelphia,Pennsylvania,19140.0,East,Furniture,Bookcases,130.98,2.0,0.5,-39.7425,-0.68,profit_margin
Standard Class,Corporate,United States,Dallas,Texas,75217.0,Central,Office Supplies,Binders,498.975,5.0,0.5,-39.7425,-1.5,profit_margin
Same Day,Consumer,United States,Peoria,Arizona,85345.0,West,Office Supplies,Binders,67.86,6.0,0.5,-39.7425,-0.6666666666666667,profit_margin
Standard Class,Corporate,United States,Jacksonville,North Carolina,28540.0,South,Office Supplies,Binders,39.879,7.0,0.5,-29.2446,-0.7333333333333333,profit_margin
Standard Class,Consumer,United States,Charlotte,North Carolina,28205.0,South,Office Supplies,Binders,27.396,3.0,0.5,-20.0904,-0.7333333333333333,profit_margin
Standard Class,Corporate,United States,Chicago,Illinois,60623.0,Central,Office Supplies,Binders,0.836,1.0,0.5,-1.3376,-1.5999999999999999,profit_margin
Standard Class,Consumer,United States,Houston,Texas,77041.0,Central,Furniture,Furnishings,21.968,4.0,0.5,-15.9268,-0.725,profit_margin
Standard Class,Consumer,United States,Decatur,Illinois,62521.0,Central,Furniture,Furnishings,7.692,1.0,0.5,-3.6537,-0.47500000000000003,profit_margin
Second Class,Home Office,United States,Houston,Texas,77070.0,Central,Office Supplies,Binders,8.608,8.0,0.5,-13.3424,-1.5499999999999998,profit_margin
Second Class,Corporate,United States,Elyria,Ohio,44035.0,East,Office Supplies,Binders,1.824,1.0,0.5,-1.3984,-0.7666666666666667,profit_margin
Second Class,Home Office,United States,Houston,Texas,77070.0,Central,Office Supplies,Appliances,64.384,4.0,0.5,-39.7425,-2.5,profit_margin
Second Class,Home Office,United States,Houston,Texas,77070.0,Central,Furniture,Furnishings,6.984,2.0,0.5,-4.5396,-0.65,profit_margin
Second Class,Home Office,United States,Houston,Texas,77070.0,Central,Office Supplies,Binders,1.524,2.0,0.5,-2.667,-1.7499999999999998,profit_margin
Standard Class,Corporate,United States,Chattanooga,Tennessee,37421.0,South,Office Supplies,Binders,8.1,5.0,0.5,-5.94,-0.7333333333333334,profit_margin
First Class,Consumer,United States,Toledo,Ohio,43615.0,East,Office Supplies,Binders,4.86,3.0,0.5,-3.564,-0.7333333333333333,profit_margin
First Class,Consumer,United States,Toledo,Ohio,43615.0,East,Office Supplies,Binders,6.258,2.0,0.5,-5.215,-0.8333333333333333,profit_margin
Standard Class,Corporate,United States,Fort Worth,Texas,76106.0,Central,Office Supplies,Binders,1.696,2.0,0.5,-2.544,-1.5,profit_margin
Standard Class,Corporate,United States,Fort Worth,Texas,76106.0,Central,Office Supplies,Appliances,24.588,3.0,0.5,-39.7425,-2.75,profit_margin
Standard Class,Corporate,United States,Fort Worth,Texas,76106.0,Central,Office Supplies,Binders,7.98,5.0,0.5,-13.167,-1.65,profit_margin
Standard Class,Consumer,United States,Philadelphia,Pennsylvania,19134.0,East,Office Supplies,Binders,33.282,3.0,0.5,-27.735,-0.8333333333333334,profit_margin
Standard Class,Consumer,United States,Orlando,Florida,32839.0,South,Office Supplies,Binders,4.086,2.0,0.5,-2.9964,-0.7333333333333333,profit_margin
Standard Class,Consumer,United States,Columbus,Ohio,43229.0,East,Office Supplies,Binders,7.236,3.0,0.5,-6.03,-0.8333333333333334,profit_margin
First Class,Corporate,United States,Raleigh,North Carolina,27604.0,South,Office Supplies,Binders,2.892,2.0,0.5,-2.3136,-0.8,profit_margin
Same Day,Consumer,United States,Columbus,Ohio,43229.0,East,Technology,Machines,101.994,2.0,0.5,-39.7425,-0.7,profit_margin
Same Day,Consumer,United States,Columbus,Ohio,43229.0,East,Office Supplies,Binders,18.264,2.0,0.5,-13.3936,-0.7333333333333333,profit_margin
Second Class,Consumer,United States,Houston,Texas,77095.0,Central,Office Supplies,Binders,21.99,5.0,0.5,-32.985,-1.5,profit_margin
Standard Class,Consumer,United States,Irving,Texas,75061.0,Central,Office Supplies,Appliances,58.924,1.0,0.5,-39.7425,-2.6,profit_margin
Standard Class,Corporate,United States,Columbus,Ohio,43229.0,East,Office Supplies,Binders,6.528,4.0,0.5,-4.5696,-0.7000000000000001,profit_margin
Standard Class,Corporate,United States,Columbus,Ohio,43229.0,East,Office Supplies,Binders,2.862,3.0,0.5,-2.2896,-0.8,profit_margin
Standard Class,Corporate,United States,Columbus,Ohio,43229.0,East,Office Supplies,Binders,20.856,8.0,0.5,-16.6848,-0.7999999999999999,profit_margin
Standard Class,Consumer,United States,Decatur,Illinois,62521.0,Central,Furniture,Furnishings,32.064,3.0,0.5,-12.8256,-0.39999999999999997,profit_margin
Standard Class,Consumer,United States,Chattanooga,Tennessee,37421.0,South,Office Supplies,Binders,3.564,2.0,0.5,-2.97,-0.8333333333333334,profit_margin
Standard Class,Corporate,United States,Austin,Texas,78745.0,Central,Office Supplies,Binders,13.184,4.0,0.5,-20.4352,-1.55,profit_margin
Standard Class,Corporate,United States,Austin,Texas,78745.0,Central,Office Supplies,Appliances,48.784,4.0,0.5,-39.7425,-2.7,profit_margin
Standard Class,Corporate,United States,Austin,Texas,78745.0,Central,Office Supplies,Binders,18.528,6.0,0.5,-27.792,-1.5000000000000002,profit_margin
Standard Class,Consumer,United States,Hickory,North Carolina,28601.0,South,Office Supplies,Binders,4.572,4.0,0.5,-3.81,-0.8333333333333334,profit_margin
Standard Class,Consumer,United States,Rockford,Illinois,61107.0,Central,Office Supplies,Binders,1.728,3.0,0.5,-2.6784,-1.55,profit_margin
Standard Class,Consumer,United States,Rockford,Illinois,61107.0,Central,Furniture,Tables,498.975,3.0,0.5,-39.7425,-0.86,profit_margin
First Class,Consumer,United States,Portland,Oregon,97206.0,West,Office Supplies,Binders,4.158,7.0,0.5,-3.465,-0.8333333333333333,profit_margin
First Class,Consumer,United States,Portland,Oregon,97206.0,West,Technology,Machines,179.991,3.0,0.5,-39.7425,-1.4,profit_margin
Standard Class,Consumer,United States,Houston,Texas,77070.0,Central,Office Supplies,Appliances,67.84,5.0,0.5,-39.7425,-2.65,profit_margin
Standard Class,Consumer,United States,Houston,Texas,77070.0,Central,Office Supplies,Binders,1.248,2.0,0.5,-1.9344,-1.5499999999999998,profit_margin
First Class,Corporate,United States,Dallas,Texas,75220.0,Central,Office Supplies,Binders,6.104,2.0,0.5,-9.156,-1.5,profit_margin
Second Class,Consumer,United States,Dallas,Texas,75220.0,Central,Office Supplies,Binders,1.72,1.0,0.5,-2.838,-1.6500000000000001,profit_margin
Second Class,Consumer,United States,Romeoville,Illinois,60441.0,Central,Office Supplies,Binders,8.952,2.0,0.5,-14.7708,-1.65,profit_margin
Standard Class,Consumer,United States,Chicago,Illinois,60623.0,Central,Office Supplies,Appliances,2.334,3.0,0.5,-6.3018,-2.6999999999999997,profit_margin
Standard Class,Consumer,United States,Chicago,Illinois,60623.0,Central,Office Supplies,Binders,1.728,4.0,0.5,-2.7648,-1.6,profit_margin
Standard Class,Consumer,United States,Chicago,Illinois,60623.0,Central,Furniture,Furnishings,159.04,5.0,0.5,-39.7425,-1.225,profit_margin
Standard Class,Consumer,United States,Chicago,Illinois,60623.0,Central,Furniture,Tables,145.98,2.0,0.5,-39.7425,-0.68,profit_margin
Standard Class,Consumer,United States,Jacksonville,North Carolina,28540.0,South,Office Supplies,Binders,95.97,5.0,0.5,-39.7425,-0.7666666666666666,profit_margin
Standard Class,Corporate,United States,Columbia,Tennessee,38401.0,South,Furniture,Tables,498.975,7.0,0.4,-39.7425,-0.5166666666666666,profit_margin
Same Day,Consumer,United States,Phoenix,Arizona,85023.0,West,Office Supplies,Binders,8.226,3.0,0.5,-6.0324,-0.7333333333333333,profit_margin
Standard Class,Corporate,United States,Toledo,Ohio,43615.0,East,Office Supplies,Binders,166.92,9.5,0.5,-39.7425,-0.7000000000000001,profit_margin
Standard Class,Consumer,United States,Quincy,Illinois,62301.0,Central,Office Supplies,Binders,2.992,4.0,0.5,-4.488,-1.5000000000000002,profit_margin
Standard Class,Corporate,United States,Chandler,Arizona,85224.0,West,Furniture,Tables,73.915,1.0,0.5,-39.7425,-0.62,profit_margin
Standard Class,Consumer,United States,Chicago,Illinois,60653.0,Central,Office Supplies,Binders,2.946,3.0,0.5,-4.8609,-1.65,profit_margin
First Class,Consumer,United States,Lakewood,Ohio,44107.0,East,Office Supplies,Binders,7.218,3.0,0.5,-5.5338,-0.7666666666666667,profit_margin
Standard Class,Corporate,United States,Houston,Texas,77041.0,Central,Office Supplies,Appliances,93.032,2.0,0.5,-39.7425,-2.7,profit_margin
Second Class,Corporate,United States,Troy,Ohio,45373.0,East,Furniture,Bookcases,482.94,6.0,0.5,-39.7425,-0.78,profit_margin
Standard Class,Consumer,United States,Houston,Texas,77041.0,Central,Furniture,Furnishings,64.96,5.0,0.5,-39.7425,-1.3,profit_margin
Standard Class,Consumer,United States,Houston,Texas,77041.0,Central,Office Supplies,Binders,32.06,9.5,0.5,-39.7425,-1.5999999999999999,profit_margin
Second Class,Consumer,United States,Philadelphia,Pennsylvania,19120.0,East,Office Supplies,Binders,78.759,9.0,0.5,-39.7425,-0.7333333333333333,profit_margin
Second Class,Home Office,United States,Houston,Texas,77070.0,Central,Furniture,Furnishings,9.552,3.0,0.5,-3.8208,-0.4,profit_margin
Second Class,Home Office,United States,Houston,Texas,77070.0,Central,Furniture,Furnishings,5.344,4.0,0.5,-2.1376,-0.39999999999999997,profit_margin
First Class,Corporate,United States,Redmond,Oregon,97756.0,West,Office Supplies,Binders,88.074,7.0,0.5,-39.7425,-0.6666666666666667,profit_margin
Second Class,Consumer,United States,Cleveland,Ohio,44105.0,East,Furniture,Bookcases,301.47,3.0,0.5,-39.7425,-0.7999999999999999,profit_margin
Standard Class,Consumer,United States,Saint Petersburg,Florida,33710.0,South,Office Supplies,Binders,18.336,2.0,0.5,-12.224,-0.6666666666666667,profit_margin
Standard Class,Consumer,United States,Naperville,Illinois,60540.0,Central,Office Supplies,Binders,2.808,3.0,0.5,-4.4928,-1.6,profit_margin
Standard Class,Home Office,United States,Hendersonville,Tennessee,37075.0,South,Office Supplies,Binders,4.338,3.0,0.5,-3.0366,-0.7,profit_margin
Standard Class,Home Office,United States,Hendersonville,Tennessee,37075.0,South,Office Supplies,Binders,11.88,5.0,0.5,-7.92,-0.6666666666666666,profit_margin
Standard Class,Consumer,United States,Chicago,Illinois,60610.0,Central,Office Supplies,Appliances,143.128,2.0,0.5,-39.7425,-2.75,profit_margin
Standard Class,Corporate,United States,Nashville,Tennessee,37211.0,South,Office Supplies,Binders,31.086,3.0,0.5,-20.724,-0.6666666666666667,profit_margin
Standard Class,Home Office,United States,Allentown,Pennsylvania,18103.0,East,Office Supplies,Binders,99.588,2.0,0.5,-39.7425,-0.8333333333333334,profit_margin
Standard Class,Corporate,United States,San Antonio,Texas,78207.0,Central,Office Supplies,Binders,29.372,7.0,0.5,-39.7425,-1.5999999999999999,profit_margin
Standard Class,Corporate,United States,Odessa,Texas,79762.0,Central,Office Supplies,Appliances,13.762,1.0,0.5,-24.7716,-1.7999999999999998,profit_margin
Standard Class,Consumer,United States,Philadelphia,Pennsylvania,19120.0,East,Furniture,Bookcases,301.47,3.0,0.5,-39.7425,-0.6799999999999999,profit_margin
Same Day,Home Office,United States,Bryan,Texas,77803.0,Central,Office Supplies,Binders,7.536,6.0,0.5,-13.188,-1.7500000000000002,profit_margin
Same Day,Home Office,United States,Bryan,Texas,77803.0,Central,Office Supplies,Binders,1.408,2.0,0.5,-2.3232,-1.6500000000000001,profit_margin
Same Day,Home Office,United States,Bryan,Texas,77803.0,Central,Office Supplies,Binders,4.144,4.0,0.5,-6.4232,-1.5499999999999998,profit_margin
Standard Class,Consumer,United States,Phoenix,Arizona,85023.0,West,Office Supplies,Binders,498.975,6.0,0.5,-39.7425,-0.7333333333333333,profit_margin
Standard Class,Corporate,United States,Tallahassee,Florida,32303.0,South,Office Supplies,Binders,5.607,3.0,0.5,-3.9249,-0.7,profit_margin
Standard Class,Corporate,United States,Memphis,Tennessee,38109.0,South,Office Supplies,Binders,11.673,3.0,0.5,-7.782,-0.6666666666666666,profit_margin
Standard Class,Consumer,United States,Philadelphia,Pennsylvania,19140.0,East,Office Supplies,Binders,8.001,7.0,0.5,-5.6007,-0.7000000000000001,profit_margin
Standard Class,Home Office,United States,Dallas,Texas,75081.0,Central,Office Supplies,Binders,6.888,3.0,0.5,-11.0208,-1.5999999999999999,profit_margin
Same Day,Corporate,United States,Waco,Texas,76706.0,Central,Office Supplies,Binders,0.556,1.0,0.5,-0.9452,-1.7,profit_margin
Standard Class,Corporate,United States,Cleveland,Ohio,44105.0,East,Furniture,Bookcases,115.96,4.0,0.5,-39.7425,-0.56,profit_margin
Second Class,Corporate,United States,Mcallen,Texas,78501.0,Central,Office Supplies,Binders,4.312,2.0,0.5,-6.8992,-1.6,profit_margin
Second Class,Corporate,United States,Mcallen,Texas,78501.0,Central,Furniture,Chairs,56.686,1.0,0.3,-20.245,-0.35714285714285715,profit_margin
Second Class,Corporate,United States,Mcallen,Texas,78501.0,Central,Office Supplies,Binders,1.476,1.0,0.5,-2.2878,-1.5499999999999998,profit_margin
Standard Class,Consumer,United States,Houston,Texas,77041.0,Central,Furniture,Furnishings,11.376,3.0,0.5,-5.688,-0.5,profit_margin
Standard Class,Consumer,United States,Houston,Texas,77041.0,Central,Furniture,Furnishings,66.112,4.0,0.5,-39.7425,-1.2750000000000001,profit_margin
First Class,Home Office,United States,Troy,Ohio,45373.0,East,Office Supplies,Binders,5.715,5.0,0.5,-4.7625,-0.8333333333333334,profit_margin
First Class,Consumer,United States,Philadelphia,Pennsylvania,19143.0,East,Office Supplies,Binders,3.273,1.0,0.5,-2.5093,-0.7666666666666666,profit_margin
First Class,Corporate,United States,Houston,Texas,77041.0,Central,Office Supplies,Binders,6.816,2.0,0.5,-11.5872,-1.7,profit_margin
Second Class,Corporate,United States,Houston,Texas,77041.0,Central,Office Supplies,Appliances,15.224,2.0,0.5,-38.8212,-2.55,profit_margin
Second Class,Corporate,United States,Houston,Texas,77041.0,Central,Office Supplies,Appliances,21.984,6.0,0.5,-39.7425,-2.55,profit_margin
Same Day,Consumer,United States,Philadelphia,Pennsylvania,19143.0,East,Office Supplies,Binders,2.946,2.0,0.5,-2.0622,-0.6999999999999998,profit_margin
Standard Class,Corporate,United States,Greensboro,North Carolina,27405.0,South,Office Supplies,Binders,12.06,5.0,0.5,-10.05,-0.8333333333333334,profit_margin
Second Class,Consumer,United States,New York City,New York,10024.0,East,Furniture,Tables,166.5,2.0,0.4,-39.7425,-0.39999999999999997,profit_margin
Second Class,Corporate,United States,Chicago,Illinois,60653.0,Central,Furniture,Furnishings,51.56,2.0,0.5,-39.7425,-1.2,profit_margin
Standard Class,Consumer,United States,Oswego,Illinois,60543.0,Central,Office Supplies,Binders,3.828,3.0,0.5,-6.5076,-1.7000000000000002,profit_margin
Standard Class,Consumer,United States,Oswego,Illinois,60543.0,Central,Office Supplies,Binders,304.99,5.0,0.5,-39.7425,-1.7499999999999998,profit_margin
First Class,Corporate,United States,Chicago,Illinois,60623.0,Central,Office Supplies,Binders,9.264,3.0,0.5,-13.896,-1.5000000000000002,profit_margin
Second Class,Consumer,United States,Chicago,Illinois,60610.0,Central,Furniture,Furnishings,8.856,3.0,0.5,-6.8634,-0.775,profit_margin
Standard Class,Corporate,United States,Houston,Texas,77095.0,Central,Office Supplies,Binders,6.23,5.0,0.5,-9.6565,-1.5499999999999998,profit_margin
Second Class,Corporate,United States,Philadelphia,Pennsylvania,19134.0,East,Office Supplies,Binders,4.626,2.0,0.5,-3.855,-0.8333333333333333,profit_margin
First Class,Consumer,United States,Newark,Ohio,43055.0,East,Technology,Machines,224.937,3.0,0.5,-39.7425,-0.7333333333333333,profit_margin
Same Day,Consumer,United States,Tampa,Florida,33614.0,South,Office Supplies,Binders,12.645,5.0,0.5,-10.116,-0.8,profit_margin
Same Day,Consumer,United States,Columbus,Ohio,43229.0,East,Office Supplies,Binders,6.732,6.0,0.5,-4.488,-0.6666666666666667,profit_margin
Standard Class,Home Office,United States,Chicago,Illinois,60610.0,Central,Office Supplies,Binders,104.58,9.0,0.5,-39.7425,-1.65,profit_margin
Standard Class,Home Office,United States,Pasadena,Texas,77506.0,Central,Furniture,Furnishings,24.7,5.0,0.5,-9.88,-0.4,profit_margin
Standard Class,Home Office,United States,Pasadena,Texas,77506.0,Central,Furniture,Furnishings,302.72,5.0,0.5,-39.7425,-1.2499999999999998,profit_margin
Standard Class,Corporate,United States,Rochester,New York,14609.0,East,Furniture,Tables,376.866,3.0,0.4,-39.7425,-0.5666666666666667,profit_margin
First Class,Consumer,United States,Dallas,Texas,75220.0,Central,Office Supplies,Appliances,21.392,2.0,0.5,-39.7425,-2.55,profit_margin
Standard Class,Consumer,United States,Newark,Ohio,43055.0,East,Office Supplies,Binders,3.438,2.0,0.5,-2.5212,-0.7333333333333333,profit_margin
Second Class,Consumer,United States,Concord,North Carolina,28027.0,South,Furniture,Tables,498.975,9.5,0.4,-39.7425,-0.4333333333333333,profit_margin
Standard Class,Consumer,United States,Glendale,Arizona,85301.0,West,Office Supplies,Binders,72.588,2.0,0.5,-39.7425,-0.6666666666666667,profit_margin
Standard Class,Home Office,United States,Tucson,Arizona,85705.0,West,Office Supplies,Binders,4.938,2.0,0.5,-3.6212,-0.7333333333333334,profit_margin
Standard Class,Home Office,United States,Arlington,Texas,76017.0,Central,Office Supplies,Binders,11.646,9.0,0.5,-17.469,-1.5,profit_margin
Standard Class,Consumer,United States,Philadelphia,Pennsylvania,19143.0,East,Office Supplies,Binders,13.194,2.0,0.5,-8.796,-0.6666666666666666,profit_margin
Standard Class,Consumer,United States,Chicago,Illinois,60653.0,Central,Furniture,Furnishings,10.984,2.0,0.5,-7.9634,-0.725,profit_margin
Standard Class,Consumer,United States,San Antonio,Texas,78207.0,Central,Office Supplies,Binders,498.975,8.0,0.5,-39.7425,-1.7000000000000002,profit_margin
Standard Class,Consumer,United States,San Antonio,Texas,78207.0,Central,Furniture,Furnishings,17.496,3.0,0.5,-10.0602,-0.5750000000000001,profit_margin
Standard Class,Consumer,United States,San Antonio,Texas,78207.0,Central,Office Supplies,Binders,16.784,4.0,0.5,-26.8544,-1.6,profit_margin
Standard Class,Consumer,United States,San Antonio,Texas,78207.0,Central,Office Supplies,Binders,8.88,5.0,0.5,-13.32,-1.5,profit_margin
Standard Class,Consumer,United States,San Antonio,Texas,78207.0,Central,Office Supplies,Appliances,4.836,2.0,0.5,-12.09,-2.5,profit_margin
Second Class,Consumer,United States,Houston,Texas,77070.0,Central,Office Supplies,Binders,18.24,3.0,0.5,-31.008,-1.7000000000000002,profit_margin
Standard Class,Corporate,United States,Chicago,Illinois,60610.0,Central,Office Supplies,Binders,3.798,3.0,0.5,-5.8869,-1.5499999999999998,profit_margin
Standard Class,Home Office,United States,Fort Lauderdale,Florida,33311.0,South,Office Supplies,Binders,28.752,8.0,0.5,-21.0848,-0.7333333333333334,profit_margin
Standard Class,Consumer,United States,Chicago,Illinois,60623.0,Central,Office Supplies,Binders,2.112,2.0,0.5,-3.3792,-1.5999999999999999,profit_margin
Standard Class,Corporate,United States,Saint Petersburg,Florida,33710.0,South,Office Supplies,Binders,18.264,2.0,0.5,-13.3936,-0.7333333333333333,profit_margin
First Class,Consumer,United States,La Porte,Texas,77571.0,Central,Furniture,Furnishings,14.0,4.0,0.5,-6.3,-0.45,profit_margin
First Class,Consumer,United States,La Porte,Texas,77571.0,Central,Office Supplies,Binders,16.392,2.0,0.5,-26.2272,-1.6,profit_margin
First Class,Consumer,United States,Decatur,Illinois,62521.0,Central,Furniture,Furnishings,61.544,7.0,0.5,-39.7425,-0.65,profit_margin
First Class,Corporate,United States,Mason,Ohio,45040.0,East,Office Supplies,Binders,3.132,2.0,0.5,-2.61,-0.8333333333333333,profit_margin
First Class,Corporate,United States,Mason,Ohio,45040.0,East,Office Supplies,Binders,22.428,3.0,0.5,-17.9424,-0.7999999999999999,profit_margin
First Class,Home Office,United States,Cleveland,Ohio,44105.0,East,Office Supplies,Binders,8.7,5.0,0.5,-6.38,-0.7333333333333334,profit_margin
Standard Class,Home Office,United States,Springfield,Ohio,45503.0,East,Furniture,Tables,330.588,1.0,0.4,-39.7425,-0.4333333333333333,profit_margin
Standard Class,Corporate,United States,Bryan,Texas,77803.0,Central,Office Supplies,Binders,22.386,7.0,0.5,-35.8176,-1.6,profit_margin
Standard Class,Home Office,United States,Akron,Ohio,44312.0,East,Office Supplies,Binders,5.742,3.0,0.5,-4.5936,-0.8,profit_margin
